<?xml version="1.0" encoding="UTF-8"?>
<con:config xmlns:con="http://www.sourceid.org/2004/05/config">
    <con:map name="adapter-selectors">
        <con:item name="CIDRSelector">com.pingidentity.pf.selectors.cidr.CIDRAdapterSelector</con:item>
        <con:item name="HTTPHeaderAuthSelector">com.pingidentity.pf.selectors.http.HTTPHeaderAdapterSelector</con:item>
        <con:item name="MobileHTTPHeaderSelector">com.pingidentity.pf.selectors.http.HTTPHeaderAdapterSelector</con:item>
        <con:item name="WS1HTTPHeader">com.pingidentity.pf.selectors.http.HTTPHeaderAdapterSelector</con:item>
        <con:item name="ApiTestSelector">com.pingidentity.pf.selectors.http.HttpRequestParamAuthnSelector</con:item>
        <con:item name="PAAdminSelector">com.pingidentity.pf.selectors.oauthclient.OAuthClientAdapterSelector</con:item>
        <con:item name="AppsExtProp">com.pingidentity.pf.selectors.ExtendedPropertyAuthnSelector</con:item>
        <con:item name="MobilePasSessionSelector">com.pingidentity.pf.selectors.session.SessionAuthnSelector</con:item>
        <con:item name="CIDRALLGATEWAYIP">com.pingidentity.pf.selectors.cidr.CIDRAdapterSelector</con:item>
        <con:item name="macosselector">com.pingidentity.pf.selectors.http.HTTPHeaderAdapterSelector</con:item>
        <con:item name="ssoapps">com.pingidentity.pf.selectors.ExtendedPropertyAuthnSelector</con:item>
        <con:item name="MobileHTTPHeaderSelectorintune">com.pingidentity.pf.selectors.http.HTTPHeaderAdapterSelector</con:item>
        <con:item name="SFTMobileHTTPHeaderSelector">com.pingidentity.pf.selectors.http.HTTPHeaderAdapterSelector</con:item>
        <con:item name="BlockedIpselector">com.pingidentity.pf.selectors.cidr.CIDRAdapterSelector</con:item>
        <con:item name="UserAgentsProd">com.pingidentity.pf.selectors.http.HTTPHeaderAdapterSelector</con:item>
        <con:item name="CitrixSDAPATIPV1">com.pingidentity.pf.selectors.cidr.CIDRAdapterSelector</con:item>
        <con:item name="AppsExtPropSecure">com.pingidentity.pf.selectors.ExtendedPropertyAuthnSelector</con:item>
        <con:item name="UserAgentsProdV2">com.pingidentity.pf.selectors.http.HTTPHeaderAdapterSelector</con:item>
        <con:item name="CIDRGuestNW">com.pingidentity.pf.selectors.cidr.CIDRAdapterSelector</con:item>
        <con:item name="SpecialAPPS">com.pingidentity.pf.selectors.ExtendedPropertyAuthnSelector</con:item>
        <con:item name="ADMMFA">com.pingidentity.pf.selectors.http.HttpRequestParamAuthnSelector</con:item>
        <con:item name="DeviceTypeV3">com.pingidentity.pf.selectors.http.HTTPHeaderAdapterSelector</con:item>
    </con:map>
    <con:map name="adapter-selectors-parents"/>
</con:config>