<?xml version="1.0" encoding="UTF-8"?>
<con:config xmlns:con="http://www.sourceid.org/2004/05/config">
    <con:map name="bearer-access-token-management-plugin-sequence">
        <con:item name="pingaccess">1268895</con:item>
        <con:item name="accesstoken">1098136</con:item>
        <con:item name="dajwt">1354715</con:item>
        <con:item name="paadminatm">269187</con:item>
        <con:item name="accesstokenexchange">1292044</con:item>
        <con:item name="accesstokenexecute">1586086</con:item>
        <con:item name="accesstokenexchangeV2">1307397</con:item>
        <con:item name="admprod">1633310</con:item>
        <con:item name="Zscaler">1421214</con:item>
        <con:item name="dajwt2">728672</con:item>
        <con:item name="ReferenceAccessToken">889399</con:item>
        <con:item name="ilmdcprod">53321</con:item>
    </con:map>
    <con:map name="bearer-access-token-management-plugins">
        <con:item name="pingaccess">org.sourceid.oauth20.token.plugin.impl.ReferenceBearerAccessTokenManagementPlugin</con:item>
        <con:item name="accesstoken">com.pingidentity.pf.access.token.management.plugins.JwtBearerAccessTokenManagementPlugin</con:item>
        <con:item name="dajwt">com.pingidentity.pf.access.token.management.plugins.JwtBearerAccessTokenManagementPlugin</con:item>
        <con:item name="paadminatm">org.sourceid.oauth20.token.plugin.impl.ReferenceBearerAccessTokenManagementPlugin</con:item>
        <con:item name="accesstokenexchange">com.pingidentity.pf.access.token.management.plugins.JwtBearerAccessTokenManagementPlugin</con:item>
        <con:item name="accesstokenexecute">com.pingidentity.pf.access.token.management.plugins.JwtBearerAccessTokenManagementPlugin</con:item>
        <con:item name="accesstokenexchangeV2">com.pingidentity.pf.access.token.management.plugins.JwtBearerAccessTokenManagementPlugin</con:item>
        <con:item name="admprod">com.pingidentity.pf.access.token.management.plugins.JwtBearerAccessTokenManagementPlugin</con:item>
        <con:item name="Zscaler">com.pingidentity.pf.access.token.management.plugins.JwtBearerAccessTokenManagementPlugin</con:item>
        <con:item name="dajwt2">com.pingidentity.pf.access.token.management.plugins.JwtBearerAccessTokenManagementPlugin</con:item>
        <con:item name="ReferenceAccessToken">org.sourceid.oauth20.token.plugin.impl.ReferenceBearerAccessTokenManagementPlugin</con:item>
        <con:item name="ilmdcprod">com.pingidentity.pf.access.token.management.plugins.JwtBearerAccessTokenManagementPlugin</con:item>
    </con:map>
    <con:item name="bearer-access-token-management-plugins-default">pingaccess</con:item>
    <con:map name="bearer-access-token-management-plugins-parents">
        <con:item name="dajwt2">dajwt</con:item>
    </con:map>
</con:config>