<?xml version="1.0" encoding="UTF-8"?>
<con:config xmlns:con="http://www.sourceid.org/2004/05/config">
    <con:map name="notification-sender">
        <con:item name="mailtrap">com.pingidentity.email.SmtpNotificationPlugin</con:item>
        <con:item name="SMS">com.pingidentity.notificationpublisher.twilio.TwilioProgrammableAPINotificationPublisher</con:item>
        <con:item name="SMTP">com.pingidentity.email.SmtpNotificationPlugin</con:item>
        <con:item name="SMSVerify">com.pingidentity.notificationpublisher.twilio.TwilioVerifyAPINotificationPublisher</con:item>
    </con:map>
    <con:item name="notification-sender-default">SMTP</con:item>
    <con:map name="notification-sender-parents"/>
</con:config>