<?xml version="1.0" encoding="UTF-8"?>
<con:config xmlns:con="http://www.sourceid.org/2004/05/config">
    <con:map name="scope-descriptions">
        <con:item name="address">address</con:item>
        <con:item name="openid">openid</con:item>
        <con:item name="ping">ping</con:item>
        <con:item name="zscaler.net::81242599::ServiceNow-OAuth">zscaler.net::81242599::ServiceNow-OAuth</con:item>
        <con:item name="profile">profile</con:item>
        <con:item name="CIAP">CIAP</con:item>
        <con:item name="sharepoint">sharepoint</con:item>
        <con:item name="zscaler.net::81242599::SOAR-Team-Oauth">zscaler.net::81242599::SOAR-Team-Oauth</con:item>
        <con:item name="https://outlook.office.com/EWS.AccessAsUser.All">https://outlook.office.com/EWS.AccessAsUser.All</con:item>
        <con:item name="group_scope">group_scope</con:item>
        <con:item name="phone">phone</con:item>
        <con:item name="write">write</con:item>
        <con:item name="email">email</con:item>
    </con:map>
    <con:item name="lastUpdated">1758524737141</con:item>
    <con:map name="scope-group-descriptions"/>
    <con:map name="scope-group-mappings"/>
    <con:list name="dynamic-common-scopes"/>
    <con:map name="exclusive-scope-descriptions">
        <con:item name="urn:pingidentity:directory-delegated-admin">urn:pingidentity:directory-delegated-admin</con:item>
    </con:map>
    <con:map name="exclusive-scope-group-descriptions"/>
    <con:map name="exclusive-scope-group-mappings"/>
    <con:list name="dynamic-exclusive-scopes"/>
</con:config>