<?xml version="1.0" encoding="UTF-8"?>
<c:config xmlns:c="http://www.sourceid.org/2004/05/config">
    <c:item name="enable">false</c:item>
    <c:item name="browser-id-cookie-name">pfbrowserid</c:item>
    <c:item name="browser-id-cookie-secure-flag">true</c:item>
    <c:item name="browser-id-cookie-httponly-flag">true</c:item>
    <c:item name="retention-duration-seconds">60</c:item>
    <c:item name="speed-bump-resubmit-interval-milliseconds">2500</c:item>
    <!--This flag should be set to true if PingFederate is running in a cluster and the load balancer does not have
         sticky sessions enabled.-->
    <c:item name="enable-clustering">false</c:item>
    <!--Turning this flag on can improve behavior when multiple transactions are initiated from a new device that
         does not have a browser ID cookie.-->
    <c:item name="show-speed-bump-for-new-devices">true</c:item>
</c:config>