<?xml version="1.0" encoding="UTF-8"?>
<con:config xmlns:con="http://www.sourceid.org/2004/05/config">
    <con:item name="AutoCreateCertOnEngineNode">true</con:item>
    <con:list name="ActiveAdminServerAliases">
        <con:ListItem>7yizvs5r62kea3gb0ygw9tz0b</con:ListItem>
    </con:list>
    <con:list name="ActiveServerAliases">
        <con:ListItem>7yizvs5r62kea3gb0ygw9tz0b</con:ListItem>
    </con:list>
    <con:item name="DefaultActiveServerAlias">7yizvs5r62kea3gb0ygw9tz0b</con:item>
    <con:item name="DefaultActiveAdminServerAlias">7yizvs5r62kea3gb0ygw9tz0b</con:item>
</con:config>