<?xml version="1.0" encoding="UTF-8"?>
<con:config xmlns:con="http://www.sourceid.org/2004/05/config">
    <con:map name="IdpAuthnAdapterInstances">
        <con:item name="PingID">com.pingidentity.adapters.pingid.PingIDAdapter</con:item>
        <con:item name="CapgeminiHTMLform">com.pingidentity.adapters.htmlform.idp.HtmlFormIdpAuthnAdapter</con:item>
        <con:item name="corpKerberos">com.pingidentity.adapters.kerberos.idp.KerberosAuthenticationAdapter</con:item>
        <con:item name="MobilePassHTMLForm">com.pingidentity.adapters.htmlform.idp.HtmlFormIdpAuthnAdapter</con:item>
        <con:item name="certadapter">com.pingidentity.adapters.idp.clientcert.ClientCertIdpAuthnAdapter</con:item>
        <con:item name="IdentifyFirst">com.pingidentity.adapters.identifierfirst.idp.IdentifierFirstAdapter</con:item>
        <con:item name="OTP">com.pingidentity.adapters.otpadapter.OTPIdpAdapter</con:item>
        <con:item name="PingIDRegistration">com.pingidentity.adapters.pingid.PingIDAdapter</con:item>
        <con:item name="Pingrisktest">com.pingidentity.adapters.pingone.risk.PingOneRiskManagementIdpAdapter</con:item>
        <con:item name="OTPSMS">com.pingidentity.adapters.otpadapter.OTPIdpAdapter</con:item>
        <con:item name="IdentifyFirstMFASelect">com.pingidentity.adapters.identifierfirst.idp.IdentifierFirstAdapter</con:item>
        <con:item name="daidphtml">com.pingidentity.adapters.htmlform.idp.HtmlFormIdpAuthnAdapter</con:item>
        <con:item name="EmailOTP">com.pingidentity.adapters.otpadapter.OTPIdpAdapter</con:item>
        <con:item name="PAAdminAdapter">com.pingidentity.adapters.htmlform.idp.HtmlFormIdpAuthnAdapter</con:item>
        <con:item name="IdentifyFirstMFASelectMPPing">com.pingidentity.adapters.identifierfirst.idp.IdentifierFirstAdapter</con:item>
        <con:item name="SPInitiatedaccessdenied">com.pingidentity.adapters.identifierfirst.idp.IdentifierFirstAdapter</con:item>
        <con:item name="OCSPCheckAdapter">com.pingidentity.ps.x509.header.HeaderRevocationCheckerAdapter</con:item>
        <con:item name="IdentifyFirstExternalMFASelect">com.pingidentity.adapters.identifierfirst.idp.IdentifierFirstAdapter</con:item>
        <con:item name="EmailOTPMFARegister">com.pingidentity.adapters.otpadapter.OTPIdpAdapter</con:item>
        <con:item name="PingRiskCapgeminiPolicy">com.pingidentity.adapters.pingone.risk.PingOneRiskManagementIdpAdapter</con:item>
        <con:item name="UnamgedeviceError">com.pingidentity.adapters.identifierfirst.idp.IdentifierFirstAdapter</con:item>
        <con:item name="PingIDFIDO2">com.pingidentity.adapters.pingid.PingIDAdapter</con:item>
        <con:item name="IdentifyFirstO365V1">com.pingidentity.adapters.identifierfirst.idp.IdentifierFirstAdapter</con:item>
        <con:item name="certadpater">com.pingidentity.adapters.idp.clientcert.ClientCertIdpAuthnAdapter</con:item>
        <con:item name="PINGIDCyberArk">com.pingidentity.adapters.pingid.PingIDAdapter</con:item>
        <con:item name="IdentifyFirstADM">com.pingidentity.adapters.identifierfirst.idp.IdentifierFirstAdapter</con:item>
        <con:item name="CorpUsersHTMLform">com.pingidentity.adapters.htmlform.idp.HtmlFormIdpAuthnAdapter</con:item>
    </con:map>
    <con:map name="IdpAdapterInstanceParents">
        <con:item name="PingIDRegistration">PingID</con:item>
        <con:item name="IdentifyFirstMFASelectMPPing">IdentifyFirstMFASelect</con:item>
        <con:item name="SPInitiatedaccessdenied">IdentifyFirst</con:item>
        <con:item name="IdentifyFirstExternalMFASelect">IdentifyFirstMFASelect</con:item>
        <con:item name="UnamgedeviceError">IdentifyFirst</con:item>
        <con:item name="PingIDFIDO2">PingID</con:item>
        <con:item name="certadpater">certadapter</con:item>
        <con:item name="PINGIDCyberArk">PingID</con:item>
    </con:map>
</con:config>