<?xml version="1.0" encoding="UTF-8"?>
<con:config xmlns:con="http://www.sourceid.org/2004/05/config">
    <con:item name="EnableEmailNotification">true</con:item>
    <con:item name="EnableEmailPasswordNotification">false</con:item>
    <con:item name="EnableCertificateExpirationNotification">true</con:item>
    <con:item name="EnableMetadataEventNotification">false</con:item>
    <con:item name="SMTPPort">25</con:item>
    <con:item name="SSLSMTPPort">465</con:item>
    <con:item name="Timeout"/>
    <con:item name="RetryAttempts">2</con:item>
    <con:item name="RetryDelay">2</con:item>
    <con:item name="UseSSL">false</con:item>
    <con:item name="UseTLS">false</con:item>
    <con:item name="VerifyHostname">false</con:item>
    <con:item name="UseDebugging">false</con:item>
    <con:item name="NotificationFrom"/>
    <con:item name="NotificationTo">groupit-infra_corpapps_signin@capgemini.com</con:item>
    <con:item name="NotificationCertificateExpirationTo">groupit-infra_corpapps_signin@capgemini.com</con:item>
    <con:item name="NotificationCertInitialEvent">60</con:item>
    <con:item name="NotificationCertFinalEvent">30</con:item>
    <con:item name="NotificationMetadataEventsTo">groupit-infra_corpapps_signin@capgemini.com</con:item>
    <con:item name="NotificationPublisherCertificates">SMTP</con:item>
    <con:item name="NotificationPublisherLicensing">SMTP</con:item>
    <con:item name="NotificationPublisherMetadata">SMTP</con:item>
    <con:item name="NotificationPublisherAccountChanges"/>
    <con:item name="SmsProviderAccountId">ACeca6da84fdc88846d3d48bb0a1b235e6</con:item>
    <con:item name="SmsProviderAuthToken">eyJhbGciOiJkaXIiLCJlbmMiOiJBMTI4Q0JDLUhTMjU2Iiwia2lkIjoiOVk5eHhnd2pqRiIsInZlcnNpb24iOiIxMC4yLjEuMSJ9..LXcADHhoRzEE2QQxoqhHcw.YdowOkEJy301QXeRZTl_3T4qiC-JSv32ZPOHofxuNaFkUsXn0-B1oiiHFUxmTZPz.-uMy3C66B5UxUrZ4vYpnpw</con:item>
    <con:item name="SmsProviderFromNumber">+16196584513</con:item>
    <con:item name="NotificationLicensingEventsTo">groupit-infra_corpapps_signin@capgemini.com</con:item>
</con:config>