<?xml version="1.0" encoding="UTF-8"?>
<con:config xmlns:con="http://www.sourceid.org/2004/05/config">
    <con:item name="Associated">true</con:item>
    <con:item name="ApplicationDockEndpoint">https://desktop.pingone.eu/cd-735733600.capgemini</con:item>
    <con:item name="ProvisioningBaseUrl">https://scim.pingone.eu/prov-service</con:item>
    <con:item name="KeyPairAlias">erel1qmjdyocys21smn1zoxb2</con:item>
    <con:item name="ClientId">9cee9f38-24df-4d5d-9426-c9b64c6d4c86</con:item>
    <con:item name="AccountId">01fa6fe7-b85d-4a70-a3bf-4e10596b1bf6</con:item>
    <con:item name="CompanyName">mfa.support@capgemini.com</con:item>
</con:config>