<?xml version="1.0" encoding="UTF-8"?>
<con:config xmlns:con="http://www.sourceid.org/2004/05/config">
    <con:map name="password-credential-validators">
        <con:item name="pingdirectory">org.sourceid.saml20.domain.LDAPUsernamePasswordCredentialValidator</con:item>
        <con:item name="PingOneSimplePCV">org.sourceid.saml20.domain.SimpleUsernamePasswordCredentialValidator</con:item>
        <con:item name="PingDirectoryUsers">org.sourceid.saml20.domain.LDAPUsernamePasswordCredentialValidator</con:item>
        <con:item name="ActiveDirectoryPCV">org.sourceid.saml20.domain.LDAPUsernamePasswordCredentialValidator</con:item>
        <con:item name="mobilePassTest">com.pingidentity.plugins.pcvs.pingid.PingIdPCV</con:item>
        <con:item name="mobilePass">org.sourceid.saml20.domain.RadiusUsernamePasswordCredentialValidator</con:item>
        <con:item name="dapcv">org.sourceid.saml20.domain.LDAPUsernamePasswordCredentialValidator</con:item>
        <con:item name="paadminpcv">org.sourceid.saml20.domain.LDAPUsernamePasswordCredentialValidator</con:item>
        <con:item name="PingOneSimplePCV1">org.sourceid.saml20.domain.SimpleUsernamePasswordCredentialValidator</con:item>
        <con:item name="MonitoringAccount">org.sourceid.saml20.domain.LDAPUsernamePasswordCredentialValidator</con:item>
        <con:item name="AltranPCV">org.sourceid.saml20.domain.LDAPUsernamePasswordCredentialValidator</con:item>
        <con:item name="AricentPCV">org.sourceid.saml20.domain.LDAPUsernamePasswordCredentialValidator</con:item>
        <con:item name="O365PCV">org.sourceid.saml20.domain.LDAPUsernamePasswordCredentialValidator</con:item>
        <con:item name="confroompcv">org.sourceid.saml20.domain.LDAPUsernamePasswordCredentialValidator</con:item>
        <con:item name="CommonAreaPhone">org.sourceid.saml20.domain.LDAPUsernamePasswordCredentialValidator</con:item>
    </con:map>
    <con:map name="password-credential-validators-parents">
        <con:item name="PingDirectoryUsers">pingdirectory</con:item>
        <con:item name="MonitoringAccount">ActiveDirectoryPCV</con:item>
    </con:map>
</con:config>