<?xml version="1.0" encoding="UTF-8"?>
<con:config xmlns:con="http://www.sourceid.org/2004/05/config">
    <con:map name="token-processors">
        <con:item name="usernametokenprocessor">com.pingidentity.pf.tokenprocessors.username.UsernameTokenProcessor</con:item>
        <con:item name="KRBTokenProcessor">org.sourceid.wstrust.processor.kerberos.KerberosTokenProcessor</con:item>
        <con:item name="JWTTokenProcessor">org.sourceid.wstrust.processor.jwt.JWTTokenProcessor</con:item>
        <con:item name="JWTTokenprocessorV2">org.sourceid.wstrust.processor.jwt.JWTTokenProcessor</con:item>
    </con:map>
    <con:map name="token-processors-parents"/>
</con:config>