<?xml version="1.0" encoding="UTF-8"?>
<met:metadataNotificationSettings xmlns:met="http://pingidentity.com/2015/01/metadata-notification">
    <met:metadataNotificationType>
        <met:urlId>9GL6NRGlQu1ARBjJClMjIaNfq</met:urlId>
        <met:notificationSent>false</met:notificationSent>
    </met:metadataNotificationType>
    <met:metadataNotificationType>
        <met:urlId>H0JInNPmCWUSkKsu7utCVfusv</met:urlId>
        <met:notificationSent>false</met:notificationSent>
    </met:metadataNotificationType>
    <met:metadataNotificationType>
        <met:urlId>6l876Ru9obYBmZ67AYet4YUJV</met:urlId>
        <met:notificationSent>false</met:notificationSent>
    </met:metadataNotificationType>
    <met:metadataNotificationType>
        <met:urlId>H48eol1hoM3tMG3Kjqxb3vmJk</met:urlId>
        <met:notificationSent>false</met:notificationSent>
    </met:metadataNotificationType>
    <met:metadataNotificationType>
        <met:urlId>2e7edf08-9f16-4fd7-9ade-4e99fd422bb5</met:urlId>
        <met:notificationSent>false</met:notificationSent>
    </met:metadataNotificationType>
</met:metadataNotificationSettings>