<?xml version="1.0" encoding="UTF-8"?>
<urn:AuthnSelectionConfig lastModifiedMillis="1755764633003" enableAuthnSelection="true" enableSpAuthnSelection="false" failIfNoSelection="false" xmlns:urn="urn:pingidentity.com:pf:authn-selection">
    <urn:AuthnSelectionTrees>
        <urn:AuthnSelectionTree treeId="XWI2ULoFLSzpj3Mvg1kcBtBWz" treeName="Default AuthN Policy" disabled="false" authnApiApp="" handleFailuresLocally="false">
            <urn:AstRoot context="">
                <urn:AstAction xsi:type="urn:AuthnSourceActionType" xmlns:xsi="http://www.w3.org/2001/XMLSchema-instance">
                    <urn:AuthnSourceKey type="ADAPTER">HTMLFormPD</urn:AuthnSourceKey>
                    <urn:fallbackToSuccess>true</urn:fallbackToSuccess>
                    <urn:userIdAuthenticated>false</urn:userIdAuthenticated>
                </urn:AstAction>
                <urn:AstChild context="Fail">
                    <urn:AstAction noOpType="DONE" xsi:type="urn:NoOpActionType" xmlns:xsi="http://www.w3.org/2001/XMLSchema-instance"/>
                </urn:AstChild>
                <urn:AstChild context="Success">
                    <urn:AstAction lipId="RBSQIwi5KWYN9ZGK" xsi:type="urn:LocalIdentityMappingActionType" xmlns:xsi="http://www.w3.org/2001/XMLSchema-instance">
                        <urn:InboundAttributeMapping>
                            <urn1:AttributeMap Name="pf.local.identity.unique.id" Type="Adapter" AttributeSourceId="HTMLFormPD" xmlns:urn1="urn:sourceid.org:saml2:metadata-extension:v2">
                                <urn1:ValueText>username</urn1:ValueText>
                            </urn1:AttributeMap>
                            <urn1:TokenAuthorizationIssuanceCriteria xmlns:urn1="urn:sourceid.org:saml2:metadata-extension:v2"/>
                        </urn:InboundAttributeMapping>
                        <urn:OutboundAttributeMapping>
                            <urn1:AttributeMap Name="mail" Type="Local Account" AttributeSourceId="RBSQIwi5KWYN9ZGK" xmlns:urn1="urn:sourceid.org:saml2:metadata-extension:v2">
                                <urn1:ValueText>mail</urn1:ValueText>
                            </urn1:AttributeMap>
                            <urn1:AttributeMap Name="subject" Type="Local Account" AttributeSourceId="RBSQIwi5KWYN9ZGK" xmlns:urn1="urn:sourceid.org:saml2:metadata-extension:v2">
                                <urn1:ValueText>entryUUID</urn1:ValueText>
                            </urn1:AttributeMap>
                            <urn1:TokenAuthorizationIssuanceCriteria xmlns:urn1="urn:sourceid.org:saml2:metadata-extension:v2"/>
                        </urn:OutboundAttributeMapping>
                    </urn:AstAction>
                </urn:AstChild>
            </urn:AstRoot>
        </urn:AuthnSelectionTree>
    </urn:AuthnSelectionTrees>
    <urn:DefaultAuthnSources/>
</urn:AuthnSelectionConfig>