<?xml version="1.0" encoding="UTF-8"?>
<datasources>
    <local-tx-datasource maskAttributeValues="false">
        <description>ProvisionerDS (sa)</description>
        <name>ProvisionerDS (sa)</name>
        <jndi-name>ProvisionerDS</jndi-name>
        <connection-url>jdbc:hsqldb:${pf.server.data.dir}${/}hypersonic${/}ProvisionerDefaultDB;hsqldb.lock_file=false</connection-url>
        <driver-class>org.hsqldb.jdbcDriver</driver-class>
        <user-name>sa</user-name>
        <password>eyJhbGciOiJkaXIiLCJlbmMiOiJBMTI4Q0JDLUhTMjU2Iiwia2lkIjoiRW1JY1UxOVdueSIsInZlcnNpb24iOiIxMi4zLjAuOSJ9..OMDpxsQ4OxWZ5ZjbUObtyg.tuiKS6K55zDvUxiMj3TRVA.SzTmVyXYMz4L7pfqmnziZA</password>
        <min-pool-size>10</min-pool-size>
        <max-pool-size>100</max-pool-size>
        <blocking-timeout-millis>5000</blocking-timeout-millis>
        <idle-timeout-minutes>5</idle-timeout-minutes>
        <ping-db-type>Custom</ping-db-type>
        <allow-multi-value-attributes>false</allow-multi-value-attributes>
        <connectionTagList>
            <tagEntry connection-url="jdbc:hsqldb:${pf.server.data.dir}${/}hypersonic${/}ProvisionerDefaultDB;hsqldb.lock_file=false" tags=""/>
        </connectionTagList>
        <lastModified>2025-08-21T08:23:48.379Z</lastModified>
    </local-tx-datasource>
</datasources>