<?xml version="1.0" encoding="UTF-8"?>
<ldap:ldap-sources xmlns:ldap="http://pingidentity.com/2004/09/ldap-ds">
    <ldap:ldap-source id="LDAP-D803C87FAB2ADFB4B0A947B64BA6F0C6093A5CA3" maskAttributeValues="false" ldapType="PingDirectory" ldapTypeDesc="PingDirectory" lastModified="2025-08-21T08:23:48.357Z" testOnBorrow="false" testOnReturn="false" createIfNecessary="true" retryFailedOperations="false" minIdle="10" maxActive="100" maxWait="-1" timeBetweenEvictionRunsMillis="60000" readTimeoutMillis="3000" connTimeoutMillis="3000" verifyHost="true" dnsTtlMillis="60000" ldapDnsSrvPrefix="_ldap._tcp" ldapsDnsSrvPrefix="_ldaps._tcp">
        <ldap:host>demo-pingdirectory:389</ldap:host>
        <ldap:principal>cn=pingfederate</ldap:principal>
        <ldap:use-ssl>false</ldap:use-ssl>
        <ldap:use-dns-srv-records>false</ldap:use-dns-srv-records>
        <ldap:ad-referral>false</ldap:ad-referral>
        <ldap:credentials>eyJhbGciOiJkaXIiLCJlbmMiOiJBMTI4Q0JDLUhTMjU2Iiwia2lkIjoiRW1JY1UxOVdueSIsInZlcnNpb24iOiIxMi4zLjAuOSJ9..HL-fkXvoILlwL1fAV0PjLA.4T9j3OMvGvxqXhV3EPUNpQ.YPRgH6ealkkM7y7n1EwxvQ</ldap:credentials>
        <ldap:authenticationMeth>simple</ldap:authenticationMeth>
        <ldap:description>demo-pingdirectory:389</ldap:description>
        <ldap:name>pingdirectory</ldap:name>
        <ldap:binaryAttributes/>
        <ldap:ldapHostTagList>
            <ldap:tagEntry host="demo-pingdirectory:389" tags=""/>
        </ldap:ldapHostTagList>
        <ldap:clientTlsCertAlias xsi:nil="true" xmlns:xsi="http://www.w3.org/2001/XMLSchema-instance"/>
        <ldap:use-startTLS>false</ldap:use-startTLS>
    </ldap:ldap-source>
</ldap:ldap-sources>