<?xml version="1.0" encoding="UTF-8"?>
<EntityDescriptor cacheDuration="PT1440M" entityID="https://demo-pingfederate-engine:9031" xmlns="urn:oasis:names:tc:SAML:2.0:metadata" xmlns:sid="urn:sourceid.org:saml2:local-metadata-extension:v2">
    <!--This block contains Ping's proprietary endpoints-->
    <Extensions>
        <sid:SourceIDExtension BaseURL="https://demo-pingfederate-engine:9031" ClientCertChainSSLHeaderName="" ClientCertEncodingFormat="APACHE_MOD_SSL" ClientCertSSLHeaderName="" ClientIpHeaderIndex="last" ConfirmIdpSlo="false" CustomGlobalHttpHeaderName="" DataStoreValidationInterval="300" DisableAutomaticConnectionValidation="false" EnableClientCertHeaderAuth="false" ForwardedHostHeaderIndex="last" ForwardedHostHeaderName="" MetadataSigningAlgorithm="" MetadataSigningKeyAlias="" MetadataSigningKeyMD5Fingerprint="" ProxyTerminatesHttpsConns="false" RequestHeaderNameForCorrelationId="" Saml1xId="localhost:default:entityId" Saml1xSrcId="" WsFedID="">
            <sid:LocalPathsDescriptor ResumePathPrefix="/resume" Suffix=".ping">
                <sid:IDPLocalPaths>
                    <!--This endpoint is used by an IdP application to ask
                      this local PingFederate server to initiate a Single
                      Sign On.-->
                    <sid:InitiateSingleSignOn>/idp/startSSO</sid:InitiateSingleSignOn>
                    <!--This endpoint is used by an IdP application to ask
                      this local PingFederate server to initiate a Single
                      Logout for the user session.-->
                    <sid:InitiateSingleLogOut>/idp/startSLO</sid:InitiateSingleLogOut>
                </sid:IDPLocalPaths>
                <sid:SPLocalPaths>
                    <!--This endpoint is used by a SP application to ask
                      this local PingFederate server to initiate a Single
                      Sign On.-->
                    <sid:InitiateSingleSignOn>/sp/startSSO</sid:InitiateSingleSignOn>
                    <!--Initiate SSO with IdP Discovery enabled-->
                    <sid:InitiateCDCSingleSignOn>/sp/cdcstartSSO</sid:InitiateCDCSingleSignOn>
                    <!--This endpoint is used by a SP application to ask
                      this local PingFederate server to initiate a Single
                      Logout for the user SSO session.-->
                    <sid:InitiateSingleLogOut>/sp/startSLO</sid:InitiateSingleLogOut>
                    <!--This endpoint is used by an SP application to ask
                      this PF server to defederate a account link(s).-->
                    <sid:TerminateAccountLinks>/sp/defederate</sid:TerminateAccountLinks>
                    <!--This endpoint is used by a SP application to ask
                      this local PingFederate server to initiate an Attribute
                      Query.-->
                    <sid:InitiateAttributeQuery>/sp/startAttributeQuery</sid:InitiateAttributeQuery>
                </sid:SPLocalPaths>
            </sid:LocalPathsDescriptor>
            <sid:ApplicationURLs/>
            <sid:IdpDiscovery CommonDomainServer="false" IdPCommonDomainClient="false" SPCommonDomainClient="false" WriteCookiePath="/writecookie.cdc" ReadCookiePath="/readcookie.cdc">
                <sid:CommonDomainClient CommonDomainServiceBaseUrl=""/>
                <sid:CommonDomainService CommonDomain="" CookieLifeDays="365"/>
            </sid:IdpDiscovery>
            <sid:ErrPageMsg>errorDetail.idpSsoFailure</sid:ErrPageMsg>
        </sid:SourceIDExtension>
    </Extensions>
    <!--No longer used but needed for xml schema validation-->
    <SPSSODescriptor protocolSupportEnumeration="urn:oasis:names:tc:SAML:2.0:protocol">
        <AssertionConsumerService Binding="nope" Location="nope" index="0"/>
    </SPSSODescriptor>
    <ContactPerson contactType="administrative"/>
</EntityDescriptor>