<?xml version="1.0" encoding="UTF-8"?>
<urn:AdapterConfiguration authnCtxClassRef="" isInheritAttributeSettings="true" isInheritAttributeMapping="false" isInheritExtendedContractAttributes="true" name="CG_X.509_Hum_V1.1" xmlns:urn="urn:sourceid.org:saml2:adapter:conf">
    <urn:Fields/>
    <urn:AdvancedFields/>
    <urn:Tables/>
    <urn:AttributeMapping>
        <urn1:AttributeMap Name="EntityLevel1" Type="LDAP" AttributeSourceId="LDAP" xmlns:urn1="urn:sourceid.org:saml2:metadata-extension:v2">
            <urn1:ValueText>cpEntityLevel1</urn1:ValueText>
        </urn1:AttributeMap>
        <urn1:AttributeMap Name="EntityLevel2" Type="LDAP" AttributeSourceId="LDAP" xmlns:urn1="urn:sourceid.org:saml2:metadata-extension:v2">
            <urn1:ValueText>cpEntityLevel2</urn1:ValueText>
        </urn1:AttributeMap>
        <urn1:AttributeMap Name="Company" Type="LDAP" AttributeSourceId="LDAP" xmlns:urn1="urn:sourceid.org:saml2:metadata-extension:v2">
            <urn1:ValueText>cpCompany</urn1:ValueText>
        </urn1:AttributeMap>
        <urn1:AttributeMap Name="EntityLevel3" Type="LDAP" AttributeSourceId="LDAP" xmlns:urn1="urn:sourceid.org:saml2:metadata-extension:v2">
            <urn1:ValueText>cpEntityLevel3</urn1:ValueText>
        </urn1:AttributeMap>
        <urn1:AttributeMap Name="EntityLevel4" Type="LDAP" AttributeSourceId="LDAP" xmlns:urn1="urn:sourceid.org:saml2:metadata-extension:v2">
            <urn1:ValueText>cpEntityLevel4</urn1:ValueText>
        </urn1:AttributeMap>
        <urn1:AttributeMap Name="mail" Type="LDAP" AttributeSourceId="LDAP" xmlns:urn1="urn:sourceid.org:saml2:metadata-extension:v2">
            <urn1:ValueText>mail</urn1:ValueText>
        </urn1:AttributeMap>
        <urn1:AttributeMap Name="grpcyberark" Type="Adapter" xmlns:urn1="urn:sourceid.org:saml2:metadata-extension:v2">
            <urn1:ValueText>grpcyberark</urn1:ValueText>
        </urn1:AttributeMap>
        <urn1:AttributeMap Name="Manager" Type="LDAP" AttributeSourceId="LDAP" xmlns:urn1="urn:sourceid.org:saml2:metadata-extension:v2">
            <urn1:ValueText>manager</urn1:ValueText>
        </urn1:AttributeMap>
        <urn1:AttributeMap Name="TelephoneNumber" Type="LDAP" AttributeSourceId="LDAP" xmlns:urn1="urn:sourceid.org:saml2:metadata-extension:v2">
            <urn1:ValueText>telephoneNumber</urn1:ValueText>
        </urn1:AttributeMap>
        <urn1:AttributeMap Name="BUCode" Type="LDAP" AttributeSourceId="LDAP" xmlns:urn1="urn:sourceid.org:saml2:metadata-extension:v2">
            <urn1:ValueText>cpBucode</urn1:ValueText>
        </urn1:AttributeMap>
        <urn1:AttributeMap Name="SubjectDN" Type="Adapter" xmlns:urn1="urn:sourceid.org:saml2:metadata-extension:v2">
            <urn1:ValueText>SubjectDN</urn1:ValueText>
        </urn1:AttributeMap>
        <urn1:AttributeMap Name="Department" Type="LDAP" AttributeSourceId="LDAP" xmlns:urn1="urn:sourceid.org:saml2:metadata-extension:v2">
            <urn1:ValueText>cpDepartment</urn1:ValueText>
        </urn1:AttributeMap>
        <urn1:AttributeMap Name="UPN" Type="LDAP" AttributeSourceId="LDAP" xmlns:urn1="urn:sourceid.org:saml2:metadata-extension:v2">
            <urn1:ValueText>cpUpn</urn1:ValueText>
        </urn1:AttributeMap>
        <urn1:AttributeMap Name="DisplayName" Type="LDAP" AttributeSourceId="LDAP" xmlns:urn1="urn:sourceid.org:saml2:metadata-extension:v2">
            <urn1:ValueText>displayName</urn1:ValueText>
        </urn1:AttributeMap>
        <urn1:AttributeMap Name="GGID" Type="LDAP" AttributeSourceId="LDAP" xmlns:urn1="urn:sourceid.org:saml2:metadata-extension:v2">
            <urn1:ValueText>cpGlobalID</urn1:ValueText>
        </urn1:AttributeMap>
        <urn1:AttributeMap Name="memberOf" Type="LDAP" AttributeSourceId="LDAP" xmlns:urn1="urn:sourceid.org:saml2:metadata-extension:v2">
            <urn1:ValueText>isMemberOf</urn1:ValueText>
        </urn1:AttributeMap>
        <urn1:AttributeMap Name="email" Type="LDAP" AttributeSourceId="LDAP" xmlns:urn1="urn:sourceid.org:saml2:metadata-extension:v2">
            <urn1:ValueText>mail</urn1:ValueText>
        </urn1:AttributeMap>
        <urn1:AttributeMap Name="IssuerDN" Type="Adapter" xmlns:urn1="urn:sourceid.org:saml2:metadata-extension:v2">
            <urn1:ValueText>IssuerDN</urn1:ValueText>
        </urn1:AttributeMap>
        <urn1:AttributeMap Name="physicalDeliveryOfficeName" Type="LDAP" AttributeSourceId="LDAP" xmlns:urn1="urn:sourceid.org:saml2:metadata-extension:v2">
            <urn1:ValueText>physicalDeliveryOfficeName</urn1:ValueText>
        </urn1:AttributeMap>
        <urn1:AttributeMap Name="sAMAccountName" Type="Adapter" xmlns:urn1="urn:sourceid.org:saml2:metadata-extension:v2">
            <urn1:ValueText>sAMAccountName</urn1:ValueText>
        </urn1:AttributeMap>
        <urn1:AttributeMap Name="FirstName" Type="LDAP" AttributeSourceId="LDAP" xmlns:urn1="urn:sourceid.org:saml2:metadata-extension:v2">
            <urn1:ValueText>givenName</urn1:ValueText>
        </urn1:AttributeMap>
        <urn1:AttributeMap Name="EmployeeNumber" Type="LDAP" AttributeSourceId="LDAP" xmlns:urn1="urn:sourceid.org:saml2:metadata-extension:v2">
            <urn1:ValueText>employeeNumber</urn1:ValueText>
        </urn1:AttributeMap>
        <urn1:AttributeMap Name="Title" Type="LDAP" AttributeSourceId="LDAP" xmlns:urn1="urn:sourceid.org:saml2:metadata-extension:v2">
            <urn1:ValueText>title</urn1:ValueText>
        </urn1:AttributeMap>
        <urn1:AttributeMap Name="Grade" Type="LDAP" AttributeSourceId="LDAP" xmlns:urn1="urn:sourceid.org:saml2:metadata-extension:v2">
            <urn1:ValueText>cpGrade</urn1:ValueText>
        </urn1:AttributeMap>
        <urn1:AttributeMap Name="CN" Type="Adapter" xmlns:urn1="urn:sourceid.org:saml2:metadata-extension:v2">
            <urn1:ValueText>CN</urn1:ValueText>
        </urn1:AttributeMap>
        <urn1:AttributeMap Name="External-Mail" Type="LDAP" AttributeSourceId="LDAP" xmlns:urn1="urn:sourceid.org:saml2:metadata-extension:v2">
            <urn1:ValueText>cpExternalMail</urn1:ValueText>
        </urn1:AttributeMap>
        <urn1:AttributeMap Name="Mobile" Type="LDAP" AttributeSourceId="LDAP" xmlns:urn1="urn:sourceid.org:saml2:metadata-extension:v2">
            <urn1:ValueText>cpMobile</urn1:ValueText>
        </urn1:AttributeMap>
        <urn1:AttributeMap Name="ClientCertificateChain" Type="Adapter" xmlns:urn1="urn:sourceid.org:saml2:metadata-extension:v2">
            <urn1:ValueText>ClientCertificateChain</urn1:ValueText>
        </urn1:AttributeMap>
        <urn1:AttributeMap Name="EmployeeType" Type="LDAP" AttributeSourceId="LDAP" xmlns:urn1="urn:sourceid.org:saml2:metadata-extension:v2">
            <urn1:ValueText>employeeType</urn1:ValueText>
        </urn1:AttributeMap>
        <urn1:AttributeMap Name="SerialNumber" Type="Adapter" xmlns:urn1="urn:sourceid.org:saml2:metadata-extension:v2">
            <urn1:ValueText>SerialNumber</urn1:ValueText>
        </urn1:AttributeMap>
        <urn1:AttributeMap Name="BusinessUnit" Type="LDAP" AttributeSourceId="LDAP" xmlns:urn1="urn:sourceid.org:saml2:metadata-extension:v2">
            <urn1:ValueText>cpBusinessUnit</urn1:ValueText>
        </urn1:AttributeMap>
        <urn1:AttributeMap Name="Country" Type="LDAP" AttributeSourceId="LDAP" xmlns:urn1="urn:sourceid.org:saml2:metadata-extension:v2">
            <urn1:ValueText>co</urn1:ValueText>
        </urn1:AttributeMap>
        <urn1:AttributeMap Name="Region" Type="LDAP" AttributeSourceId="LDAP" xmlns:urn1="urn:sourceid.org:saml2:metadata-extension:v2">
            <urn1:ValueText>cpRegion</urn1:ValueText>
        </urn1:AttributeMap>
        <urn1:AttributeMap Name="LastName" Type="LDAP" AttributeSourceId="LDAP" xmlns:urn1="urn:sourceid.org:saml2:metadata-extension:v2">
            <urn1:ValueText>sn</urn1:ValueText>
        </urn1:AttributeMap>
        <urn1:AttributeMap Name="Location" Type="LDAP" AttributeSourceId="LDAP" xmlns:urn1="urn:sourceid.org:saml2:metadata-extension:v2">
            <urn1:ValueText>location</urn1:ValueText>
        </urn1:AttributeMap>
        <urn1:AttributeSource Id="LDAP" Description="LDAP" Type="LDAP" DataSourceId="LDAP-6A9279F9702CB3696B96C31EA3145E265DFF9A84" xmlns:urn1="urn:sourceid.org:saml2:metadata-extension:v2">
            <urn1:Parameter Name="filter" Value="cpsAMAccountName=${CN}"/>
            <urn1:Parameter Name="search_base" Value="ou=CorpUsers,dc=capgemini,dc=com"/>
            <urn1:Parameter Name="search_attributes" Value="Subject DN,co,cpBucode,cpBusinessUnit,cpCompany,cpDepartment,cpEntityLevel1,cpEntityLevel2,cpEntityLevel3,cpEntityLevel4,cpExternalMail,cpGlobalID,cpGrade,cpMobile,cpRegion,cpUpn,displayName,employeeNumber,employeeType,givenName,isMemberOf,location,mail,manager,physicalDeliveryOfficeName,sn,telephoneNumber,title"/>
            <urn1:Parameter Name="search_scope" Value="SUBTREE_SCOPE"/>
            <urn1:Parameter Name="memberof_nested_group" Value="false"/>
        </urn1:AttributeSource>
        <urn1:TokenAuthorizationIssuanceCriteria xmlns:urn1="urn:sourceid.org:saml2:metadata-extension:v2"/>
    </urn:AttributeMapping>
</urn:AdapterConfiguration>