<?xml version="1.0" encoding="UTF-8"?>
<urn:AdapterConfiguration authnCtxClassRef="" isInheritAttributeSettings="false" isInheritAttributeMapping="false" maskOgnlValues="false" uniqueUserKeyField="pf_none" isInheritExtendedContractAttributes="false" name="CG_X.509_Hum_V1.0" xmlns:urn="urn:sourceid.org:saml2:adapter:conf">
    <urn:Fields>
        <urn:Field name="Client Auth Port">443</urn:Field>
        <urn:Field name="Client Auth Hostname">signincert.capgemini.com</urn:Field>
        <urn:Field name="Parse Client Cert Subject and Issuer DNs">true</urn:Field>
        <urn:Field name="Match Issuer DN in Client X.509 certificate">false</urn:Field>
        <urn:Field name="Return Success On SLO">true</urn:Field>
        <urn:Field name="Authentication Context">Default</urn:Field>
        <urn:Field name="Custom Authentication Context"/>
        <urn:Field name="Include Subject Alternative Name (SAN)">true</urn:Field>
    </urn:Fields>
    <urn:AdvancedFields>
        <urn:Field name="Return Success On SLO">true</urn:Field>
        <urn:Field name="Authentication Context">Default</urn:Field>
        <urn:Field name="Custom Authentication Context"/>
        <urn:Field name="Include Subject Alternative Name (SAN)">true</urn:Field>
    </urn:AdvancedFields>
    <urn:Tables>
        <urn:Table name="Constrain Acceptable Root Issuers">
            <urn:Row defaultRow="false">
                <urn:Field name="Issuer DN">CN=CapgeminiPKIIssuingCA2, DC=corp, DC=capgemini, DC=com</urn:Field>
            </urn:Row>
            <urn:Row defaultRow="false">
                <urn:Field name="Issuer DN">CN=CapgeminiPKIIssuingCA1, DC=corp, DC=capgemini, DC=com</urn:Field>
            </urn:Row>
        </urn:Table>
    </urn:Tables>
    <urn:ExtendedContractAttributes>
        <urn:AttributeName>EntityLevel1</urn:AttributeName>
        <urn:AttributeName>EntityLevel2</urn:AttributeName>
        <urn:AttributeName>Company</urn:AttributeName>
        <urn:AttributeName>EntityLevel3</urn:AttributeName>
        <urn:AttributeName>EntityLevel4</urn:AttributeName>
        <urn:AttributeName>mail</urn:AttributeName>
        <urn:AttributeName>grpcyberark</urn:AttributeName>
        <urn:AttributeName>Manager</urn:AttributeName>
        <urn:AttributeName>TelephoneNumber</urn:AttributeName>
        <urn:AttributeName>BUCode</urn:AttributeName>
        <urn:AttributeName>Department</urn:AttributeName>
        <urn:AttributeName>UPN</urn:AttributeName>
        <urn:AttributeName>DisplayName</urn:AttributeName>
        <urn:AttributeName>GGID</urn:AttributeName>
        <urn:AttributeName>memberOf</urn:AttributeName>
        <urn:AttributeName>cpDisabled</urn:AttributeName>
        <urn:AttributeName>physicalDeliveryOfficeName</urn:AttributeName>
        <urn:AttributeName>sAMAccountName</urn:AttributeName>
        <urn:AttributeName>FirstName</urn:AttributeName>
        <urn:AttributeName>EmployeeNumber</urn:AttributeName>
        <urn:AttributeName>Title</urn:AttributeName>
        <urn:AttributeName>Grade</urn:AttributeName>
        <urn:AttributeName>CN</urn:AttributeName>
        <urn:AttributeName>External-Mail</urn:AttributeName>
        <urn:AttributeName>Mobile</urn:AttributeName>
        <urn:AttributeName>EmployeeType</urn:AttributeName>
        <urn:AttributeName>BusinessUnit</urn:AttributeName>
        <urn:AttributeName>Country</urn:AttributeName>
        <urn:AttributeName>Region</urn:AttributeName>
        <urn:AttributeName>LastName</urn:AttributeName>
        <urn:AttributeName>Location</urn:AttributeName>
    </urn:ExtendedContractAttributes>
    <urn:ExtendedAttributesAdditionalProperties/>
    <urn:UniqueKeyField>CN</urn:UniqueKeyField>
    <urn:AttributeMapping>
        <urn1:AttributeMap Name="EntityLevel1" Type="LDAP" AttributeSourceId="LDAP" xmlns:urn1="urn:sourceid.org:saml2:metadata-extension:v2">
            <urn1:ValueText>cpEntityLevel1</urn1:ValueText>
        </urn1:AttributeMap>
        <urn1:AttributeMap Name="EntityLevel2" Type="LDAP" AttributeSourceId="LDAP" xmlns:urn1="urn:sourceid.org:saml2:metadata-extension:v2">
            <urn1:ValueText>cpEntityLevel2</urn1:ValueText>
        </urn1:AttributeMap>
        <urn1:AttributeMap Name="Company" Type="LDAP" AttributeSourceId="LDAP" xmlns:urn1="urn:sourceid.org:saml2:metadata-extension:v2">
            <urn1:ValueText>cpCompany</urn1:ValueText>
        </urn1:AttributeMap>
        <urn1:AttributeMap Name="EntityLevel3" Type="LDAP" AttributeSourceId="LDAP" xmlns:urn1="urn:sourceid.org:saml2:metadata-extension:v2">
            <urn1:ValueText>cpEntityLevel3</urn1:ValueText>
        </urn1:AttributeMap>
        <urn1:AttributeMap Name="EntityLevel4" Type="LDAP" AttributeSourceId="LDAP" xmlns:urn1="urn:sourceid.org:saml2:metadata-extension:v2">
            <urn1:ValueText>cpEntityLevel4</urn1:ValueText>
        </urn1:AttributeMap>
        <urn1:AttributeMap Name="mail" Type="LDAP" AttributeSourceId="LDAP" xmlns:urn1="urn:sourceid.org:saml2:metadata-extension:v2">
            <urn1:ValueText>mail</urn1:ValueText>
        </urn1:AttributeMap>
        <urn1:AttributeMap Name="grpcyberark" Type="Text" xmlns:urn1="urn:sourceid.org:saml2:metadata-extension:v2">
            <urn1:ValueText>CyberArk_FIDO</urn1:ValueText>
        </urn1:AttributeMap>
        <urn1:AttributeMap Name="Manager" Type="LDAP" AttributeSourceId="LDAP" xmlns:urn1="urn:sourceid.org:saml2:metadata-extension:v2">
            <urn1:ValueText>manager</urn1:ValueText>
        </urn1:AttributeMap>
        <urn1:AttributeMap Name="TelephoneNumber" Type="LDAP" AttributeSourceId="LDAP" xmlns:urn1="urn:sourceid.org:saml2:metadata-extension:v2">
            <urn1:ValueText>telephoneNumber</urn1:ValueText>
        </urn1:AttributeMap>
        <urn1:AttributeMap Name="BUCode" Type="LDAP" AttributeSourceId="LDAP" xmlns:urn1="urn:sourceid.org:saml2:metadata-extension:v2">
            <urn1:ValueText>cpBucode</urn1:ValueText>
        </urn1:AttributeMap>
        <urn1:AttributeMap Name="SubjectDN" Type="Adapter" xmlns:urn1="urn:sourceid.org:saml2:metadata-extension:v2">
            <urn1:ValueText>SubjectDN</urn1:ValueText>
        </urn1:AttributeMap>
        <urn1:AttributeMap Name="Department" Type="LDAP" AttributeSourceId="LDAP" xmlns:urn1="urn:sourceid.org:saml2:metadata-extension:v2">
            <urn1:ValueText>cpDepartment</urn1:ValueText>
        </urn1:AttributeMap>
        <urn1:AttributeMap Name="UPN" Type="LDAP" AttributeSourceId="LDAP" xmlns:urn1="urn:sourceid.org:saml2:metadata-extension:v2">
            <urn1:ValueText>cpUpn</urn1:ValueText>
        </urn1:AttributeMap>
        <urn1:AttributeMap Name="DisplayName" Type="LDAP" AttributeSourceId="LDAP" xmlns:urn1="urn:sourceid.org:saml2:metadata-extension:v2">
            <urn1:ValueText>displayName</urn1:ValueText>
        </urn1:AttributeMap>
        <urn1:AttributeMap Name="GGID" Type="LDAP" AttributeSourceId="LDAP" xmlns:urn1="urn:sourceid.org:saml2:metadata-extension:v2">
            <urn1:ValueText>cpGlobalID</urn1:ValueText>
        </urn1:AttributeMap>
        <urn1:AttributeMap Name="memberOf" Type="LDAP" AttributeSourceId="LDAP" xmlns:urn1="urn:sourceid.org:saml2:metadata-extension:v2">
            <urn1:ValueText>isMemberOf</urn1:ValueText>
        </urn1:AttributeMap>
        <urn1:AttributeMap Name="email" Type="LDAP" AttributeSourceId="LDAP" xmlns:urn1="urn:sourceid.org:saml2:metadata-extension:v2">
            <urn1:ValueText>mail</urn1:ValueText>
        </urn1:AttributeMap>
        <urn1:AttributeMap Name="cpDisabled" Type="Adapter" xmlns:urn1="urn:sourceid.org:saml2:metadata-extension:v2">
            <urn1:ValueText>cpDisabled</urn1:ValueText>
        </urn1:AttributeMap>
        <urn1:AttributeMap Name="IssuerDN" Type="Adapter" xmlns:urn1="urn:sourceid.org:saml2:metadata-extension:v2">
            <urn1:ValueText>IssuerDN</urn1:ValueText>
        </urn1:AttributeMap>
        <urn1:AttributeMap Name="physicalDeliveryOfficeName" Type="LDAP" AttributeSourceId="LDAP" xmlns:urn1="urn:sourceid.org:saml2:metadata-extension:v2">
            <urn1:ValueText>physicalDeliveryOfficeName</urn1:ValueText>
        </urn1:AttributeMap>
        <urn1:AttributeMap Name="sAMAccountName" Type="LDAP" AttributeSourceId="LDAP" xmlns:urn1="urn:sourceid.org:saml2:metadata-extension:v2">
            <urn1:ValueText>cpSAMAccountName</urn1:ValueText>
        </urn1:AttributeMap>
        <urn1:AttributeMap Name="FirstName" Type="LDAP" AttributeSourceId="LDAP" xmlns:urn1="urn:sourceid.org:saml2:metadata-extension:v2">
            <urn1:ValueText>givenName</urn1:ValueText>
        </urn1:AttributeMap>
        <urn1:AttributeMap Name="EmployeeNumber" Type="LDAP" AttributeSourceId="LDAP" xmlns:urn1="urn:sourceid.org:saml2:metadata-extension:v2">
            <urn1:ValueText>employeeNumber</urn1:ValueText>
        </urn1:AttributeMap>
        <urn1:AttributeMap Name="Title" Type="LDAP" AttributeSourceId="LDAP" xmlns:urn1="urn:sourceid.org:saml2:metadata-extension:v2">
            <urn1:ValueText>title</urn1:ValueText>
        </urn1:AttributeMap>
        <urn1:AttributeMap Name="Grade" Type="LDAP" AttributeSourceId="LDAP" xmlns:urn1="urn:sourceid.org:saml2:metadata-extension:v2">
            <urn1:ValueText>cpGrade</urn1:ValueText>
        </urn1:AttributeMap>
        <urn1:AttributeMap Name="CN" Type="Adapter" xmlns:urn1="urn:sourceid.org:saml2:metadata-extension:v2">
            <urn1:ValueText>CN</urn1:ValueText>
        </urn1:AttributeMap>
        <urn1:AttributeMap Name="External-Mail" Type="LDAP" AttributeSourceId="LDAP" xmlns:urn1="urn:sourceid.org:saml2:metadata-extension:v2">
            <urn1:ValueText>cpExternalMail</urn1:ValueText>
        </urn1:AttributeMap>
        <urn1:AttributeMap Name="Mobile" Type="LDAP" AttributeSourceId="LDAP" xmlns:urn1="urn:sourceid.org:saml2:metadata-extension:v2">
            <urn1:ValueText>cpMobile</urn1:ValueText>
        </urn1:AttributeMap>
        <urn1:AttributeMap Name="ClientCertificateChain" Type="Adapter" xmlns:urn1="urn:sourceid.org:saml2:metadata-extension:v2">
            <urn1:ValueText>ClientCertificateChain</urn1:ValueText>
        </urn1:AttributeMap>
        <urn1:AttributeMap Name="EmployeeType" Type="LDAP" AttributeSourceId="LDAP" xmlns:urn1="urn:sourceid.org:saml2:metadata-extension:v2">
            <urn1:ValueText>employeeType</urn1:ValueText>
        </urn1:AttributeMap>
        <urn1:AttributeMap Name="SerialNumber" Type="Adapter" xmlns:urn1="urn:sourceid.org:saml2:metadata-extension:v2">
            <urn1:ValueText>SerialNumber</urn1:ValueText>
        </urn1:AttributeMap>
        <urn1:AttributeMap Name="BusinessUnit" Type="LDAP" AttributeSourceId="LDAP" xmlns:urn1="urn:sourceid.org:saml2:metadata-extension:v2">
            <urn1:ValueText>cpBusinessUnit</urn1:ValueText>
        </urn1:AttributeMap>
        <urn1:AttributeMap Name="Country" Type="LDAP" AttributeSourceId="LDAP" xmlns:urn1="urn:sourceid.org:saml2:metadata-extension:v2">
            <urn1:ValueText>co</urn1:ValueText>
        </urn1:AttributeMap>
        <urn1:AttributeMap Name="Region" Type="LDAP" AttributeSourceId="LDAP" xmlns:urn1="urn:sourceid.org:saml2:metadata-extension:v2">
            <urn1:ValueText>cpRegion</urn1:ValueText>
        </urn1:AttributeMap>
        <urn1:AttributeMap Name="LastName" Type="LDAP" AttributeSourceId="LDAP" xmlns:urn1="urn:sourceid.org:saml2:metadata-extension:v2">
            <urn1:ValueText>sn</urn1:ValueText>
        </urn1:AttributeMap>
        <urn1:AttributeMap Name="Location" Type="LDAP" AttributeSourceId="LDAP" xmlns:urn1="urn:sourceid.org:saml2:metadata-extension:v2">
            <urn1:ValueText>location</urn1:ValueText>
        </urn1:AttributeMap>
        <urn1:AttributeSource Id="LDAP" Description="LDAP" Type="LDAP" DataSourceId="LDAP-6A9279F9702CB3696B96C31EA3145E265DFF9A84" xmlns:urn1="urn:sourceid.org:saml2:metadata-extension:v2">
            <urn1:Parameter Name="filter" Value="(|(cpsAMAccountName=${CN})(cpUpn=${CN}))"/>
            <urn1:Parameter Name="search_base" Value="ou=CorpUsers,dc=capgemini,dc=com"/>
            <urn1:Parameter Name="search_attributes" Value="Subject DN,co,cpAccountExpires,cpBucode,cpBusinessUnit,cpCompany,cpDepartment,cpDisabled,cpEntityLevel1,cpEntityLevel2,cpEntityLevel3,cpEntityLevel4,cpExternalMail,cpGlobalID,cpGrade,cpMobile,cpRegion,cpSAMAccountName,cpUpn,displayName,employeeNumber,employeeType,givenName,isMemberOf,location,mail,manager,physicalDeliveryOfficeName,sn,telephoneNumber,title"/>
            <urn1:Parameter Name="search_scope" Value="SUBTREE_SCOPE"/>
            <urn1:Parameter Name="memberof_nested_group" Value="false"/>
        </urn1:AttributeSource>
        <urn1:TokenAuthorizationIssuanceCriteria xmlns:urn1="urn:sourceid.org:saml2:metadata-extension:v2">
            <urn1:TokenAuthorizationIssuanceCriterion AttrName="cpDisabled" AttrSourceId="LDAP" AttrSourceType="LDAP" ComparisonValue="true" ErrorResult="Access Denied" Condition="not-equal-case-insensitive">
                <urn1:ExprText xsi:nil="true" xmlns:xsi="http://www.w3.org/2001/XMLSchema-instance"/>
            </urn1:TokenAuthorizationIssuanceCriterion>
            <urn1:TokenAuthorizationIssuanceCriterion AttrName="" AttrSourceType="Expression" ComparisonValue="" ErrorResult="User account Expired">
                <urn1:ExprText>#cpAccountExpires = #this.get("ds.LDAP.cpAccountExpires").getValue(),
#getDateExpiresLong = :[
#dateToExpireLong = new java.lang.Long(#this),
#Win32Epoch = new java.util.GregorianCalendar(1601,@java.util.Calendar@JANUARY,1),
#Win32EpochDate = #Win32Epoch.getTime(),
#accountExpiresLong = #dateToExpireLong.longValue()/10000 + #Win32EpochDate.getTime(),
#accountExpiresLong
],
(#cpAccountExpires.equals("0") || #cpAccountExpires.equals("9223372036854775807"))?true:
(#getDateExpiresLong(#cpAccountExpires) > @java.lang.System@currentTimeMillis())?true:false</urn1:ExprText>
            </urn1:TokenAuthorizationIssuanceCriterion>
        </urn1:TokenAuthorizationIssuanceCriteria>
    </urn:AttributeMapping>
</urn:AdapterConfiguration>