<?xml version="1.0" encoding="UTF-8"?>
<urn:AdapterConfiguration authnCtxClassRef="" isInheritAttributeSettings="false" isInheritAttributeMapping="false" maskOgnlValues="false" uniqueUserKeyField="pf_none" isInheritExtendedContractAttributes="false" name="CG_Kerb_Hum_V1.0" xmlns:urn="urn:sourceid.org:saml2:adapter:conf">
    <urn:Fields>
        <urn:Field name="Domain/Realm Name">KERB-EE9849BC966A97B34281CE2830CA9A0CD742885B</urn:Field>
        <urn:Field name="Error URL Redirect"/>
        <urn:Field name="Error Template">false</urn:Field>
        <urn:Field name="Fail When Re-Authentication is Requested">false</urn:Field>
        <urn:Field name="Authentication Context Value"/>
    </urn:Fields>
    <urn:AdvancedFields>
        <urn:Field name="Error Template">false</urn:Field>
        <urn:Field name="Fail When Re-Authentication is Requested">false</urn:Field>
        <urn:Field name="Authentication Context Value"/>
    </urn:AdvancedFields>
    <urn:Tables/>
    <urn:ExtendedContractAttributes/>
    <urn:ExtendedAttributesAdditionalProperties/>
    <urn:UniqueKeyField>Username</urn:UniqueKeyField>
    <urn:AttributeMapping>
        <urn1:AttributeMap Name="Domain/Realm Name" Type="Adapter" xmlns:urn1="urn:sourceid.org:saml2:metadata-extension:v2">
            <urn1:ValueText>Domain/Realm Name</urn1:ValueText>
        </urn1:AttributeMap>
        <urn1:AttributeMap Name="SIDs" Type="Adapter" xmlns:urn1="urn:sourceid.org:saml2:metadata-extension:v2">
            <urn1:ValueText>SIDs</urn1:ValueText>
        </urn1:AttributeMap>
        <urn1:AttributeMap Name="Username" Type="Adapter" xmlns:urn1="urn:sourceid.org:saml2:metadata-extension:v2">
            <urn1:ValueText>Username</urn1:ValueText>
        </urn1:AttributeMap>
        <urn1:AttributeMap Name="ObjectSID" Type="Adapter" xmlns:urn1="urn:sourceid.org:saml2:metadata-extension:v2">
            <urn1:ValueText>ObjectSID</urn1:ValueText>
        </urn1:AttributeMap>
        <urn1:TokenAuthorizationIssuanceCriteria xmlns:urn1="urn:sourceid.org:saml2:metadata-extension:v2"/>
    </urn:AttributeMapping>
</urn:AdapterConfiguration>