<?xml version="1.0" encoding="UTF-8"?>
<urn:AdapterConfiguration authnCtxClassRef="" isInheritAttributeSettings="true" isInheritAttributeMapping="true" isInheritExtendedContractAttributes="true" name="Identify First MFA Select MP Ping" xmlns:urn="urn:sourceid.org:saml2:adapter:conf">
    <urn:Fields>
        <urn:Field name="Identifier Selection Template">cap-mfaselectmppingid.template.html</urn:Field>
    </urn:Fields>
    <urn:AdvancedFields>
        <urn:Field name="Identifier Selection Template">cap-mfaselectmppingid.template.html</urn:Field>
    </urn:AdvancedFields>
    <urn:Tables/>
</urn:AdapterConfiguration>