<?xml version="1.0" encoding="UTF-8"?>
<urn:AdapterConfiguration authnCtxClassRef="" isInheritAttributeSettings="false" isInheritAttributeMapping="false" maskOgnlValues="false" uniqueUserKeyField="pf_none" isInheritExtendedContractAttributes="false" name="Admin_Idfirst_EMP_V1.0" xmlns:urn="urn:sourceid.org:saml2:adapter:conf">
    <urn:Fields>
        <urn:Field name="Identifier Cookie Lifetime">30</urn:Field>
        <urn:Field name="Allow Cancelling Identifier Selection">false</urn:Field>
        <urn:Field name="Maximum Identifiers Count">5</urn:Field>
        <urn:Field name="Identifier Selection Template">cap-identifier.first.template.html</urn:Field>
    </urn:Fields>
    <urn:AdvancedFields>
        <urn:Field name="Maximum Identifiers Count">5</urn:Field>
        <urn:Field name="Identifier Selection Template">cap-identifier.first.template.html</urn:Field>
    </urn:AdvancedFields>
    <urn:Tables/>
    <urn:ExtendedContractAttributes>
        <urn:AttributeName>employeeType</urn:AttributeName>
        <urn:AttributeName>mail</urn:AttributeName>
        <urn:AttributeName>sAMAccountName</urn:AttributeName>
        <urn:AttributeName>displayName</urn:AttributeName>
        <urn:AttributeName>FirstName</urn:AttributeName>
        <urn:AttributeName>usertype</urn:AttributeName>
        <urn:AttributeName>otp_mail</urn:AttributeName>
        <urn:AttributeName>LastName</urn:AttributeName>
        <urn:AttributeName>Manager</urn:AttributeName>
        <urn:AttributeName>ExternalMail</urn:AttributeName>
        <urn:AttributeName>acctype</urn:AttributeName>
        <urn:AttributeName>userPrincipalName</urn:AttributeName>
    </urn:ExtendedContractAttributes>
    <urn:ExtendedAttributesAdditionalProperties/>
    <urn:UniqueKeyField>subject</urn:UniqueKeyField>
    <urn:UniqueKeyField>userPrincipalName</urn:UniqueKeyField>
    <urn:AttributeMapping>
        <urn1:AttributeMap Name="mail" Type="Expression" xmlns:urn1="urn:sourceid.org:saml2:metadata-extension:v2">
            <urn1:ValueText>#this.get("subject").getValue().toLowerCase().startsWith("adm-") ? #this.get("ds.PDADMIN.mail").getValue() : #this.get("ds.PDUsers.mail").getValue()</urn1:ValueText>
        </urn1:AttributeMap>
        <urn1:AttributeMap Name="sAMAccountName" Type="LDAP" AttributeSourceId="PDUsers" xmlns:urn1="urn:sourceid.org:saml2:metadata-extension:v2">
            <urn1:ValueText>cpSAMAccountName</urn1:ValueText>
        </urn1:AttributeMap>
        <urn1:AttributeMap Name="FirstName" Type="LDAP" AttributeSourceId="PDUsers" xmlns:urn1="urn:sourceid.org:saml2:metadata-extension:v2">
            <urn1:ValueText>givenName</urn1:ValueText>
        </urn1:AttributeMap>
        <urn1:AttributeMap Name="displayName" Type="LDAP" AttributeSourceId="PDADMIN" xmlns:urn1="urn:sourceid.org:saml2:metadata-extension:v2">
            <urn1:ValueText>mail</urn1:ValueText>
        </urn1:AttributeMap>
        <urn1:AttributeMap Name="subject" Type="Adapter" xmlns:urn1="urn:sourceid.org:saml2:metadata-extension:v2">
            <urn1:ValueText>subject</urn1:ValueText>
        </urn1:AttributeMap>
        <urn1:AttributeMap Name="usertype" Type="Expression" xmlns:urn1="urn:sourceid.org:saml2:metadata-extension:v2">
            <urn1:ValueText>#subject.toString().toLowerCase().contains("x-") ? "External" : "Internal"</urn1:ValueText>
        </urn1:AttributeMap>
        <urn1:AttributeMap Name="otp_mail" Type="Expression" xmlns:urn1="urn:sourceid.org:saml2:metadata-extension:v2">
            <urn1:ValueText>#this.get("subject").getValue().toLowerCase().startsWith("adm-") ? #this.get("ds.PDADMIN.mail").getValue() : #this.get("ds.PDUsers.mail").getValue()</urn1:ValueText>
        </urn1:AttributeMap>
        <urn1:AttributeMap Name="Manager" Type="LDAP" AttributeSourceId="PDUsers" xmlns:urn1="urn:sourceid.org:saml2:metadata-extension:v2">
            <urn1:ValueText>manager</urn1:ValueText>
        </urn1:AttributeMap>
        <urn1:AttributeMap Name="ExternalMail" Type="LDAP" AttributeSourceId="PDUsers" xmlns:urn1="urn:sourceid.org:saml2:metadata-extension:v2">
            <urn1:ValueText>cpExternalMail</urn1:ValueText>
        </urn1:AttributeMap>
        <urn1:AttributeMap Name="acctype" Type="Expression" xmlns:urn1="urn:sourceid.org:saml2:metadata-extension:v2">
            <urn1:ValueText>#subject.toString().toLowerCase().startsWith("s-") ? "Generic" : (#this.get("ds.PDUsers.cpUpn").toString().toLowerCase().contains(".phone-") ? "Generic" :(#this.get("ds.PDUsers.cpDistinguishedName") != null &amp;&amp; (#this.get("ds.PDUsers.cpDistinguishedName").toString().toLowerCase().contains("ou=conference rooms,ou=resources,dc=corp,dc=capgemini,dc=com") || #this.get("ds.PDUsers.cpDistinguishedName").toString().toLowerCase().contains("ou=teams cap phones,ou=lync,ou=global applications,dc=corp,dc=capgemini,dc=com")) ?"Generic":"Normal"))</urn1:ValueText>
        </urn1:AttributeMap>
        <urn1:AttributeMap Name="employeeType" Type="LDAP" AttributeSourceId="PDUsers" xmlns:urn1="urn:sourceid.org:saml2:metadata-extension:v2">
            <urn1:ValueText>employeeType</urn1:ValueText>
        </urn1:AttributeMap>
        <urn1:AttributeMap Name="domain" Type="Adapter" xmlns:urn1="urn:sourceid.org:saml2:metadata-extension:v2">
            <urn1:ValueText>domain</urn1:ValueText>
        </urn1:AttributeMap>
        <urn1:AttributeMap Name="LastName" Type="LDAP" AttributeSourceId="PDUsers" xmlns:urn1="urn:sourceid.org:saml2:metadata-extension:v2">
            <urn1:ValueText>sn</urn1:ValueText>
        </urn1:AttributeMap>
        <urn1:AttributeMap Name="userPrincipalName" Type="LDAP" AttributeSourceId="PDUsers" xmlns:urn1="urn:sourceid.org:saml2:metadata-extension:v2">
            <urn1:ValueText>cpUpn</urn1:ValueText>
        </urn1:AttributeMap>
        <urn1:AttributeSource Id="PDUsers" Description="PDUsers" Type="LDAP" DataSourceId="LDAP-6A9279F9702CB3696B96C31EA3145E265DFF9A84" xmlns:urn1="urn:sourceid.org:saml2:metadata-extension:v2">
            <urn1:Parameter Name="filter" Value="(|(cpSAMAccountName=${subject})(mail=${subject}))"/>
            <urn1:Parameter Name="search_base" Value="ou=CorpUsers,dc=capgemini,dc=com"/>
            <urn1:Parameter Name="search_attributes" Value="Subject DN,cpDistinguishedName,cpExternalMail,cpSAMAccountName,cpUpn,displayName,employeeType,givenName,isMemberOf,l,mail,manager,sn"/>
            <urn1:Parameter Name="search_scope" Value="SUBTREE_SCOPE"/>
            <urn1:Parameter Name="memberof_nested_group" Value="false"/>
        </urn1:AttributeSource>
        <urn1:AttributeSource Id="PDADMIN" Description="PDADMIN" Type="LDAP" DataSourceId="LDAP-6A9279F9702CB3696B96C31EA3145E265DFF9A84" xmlns:urn1="urn:sourceid.org:saml2:metadata-extension:v2">
            <urn1:Parameter Name="filter" Value="entryDN=${ds.PDUsers.manager}"/>
            <urn1:Parameter Name="search_base" Value="ou=CorpUsers,dc=capgemini,dc=com"/>
            <urn1:Parameter Name="search_attributes" Value="Subject DN,mail"/>
            <urn1:Parameter Name="search_scope" Value="SUBTREE_SCOPE"/>
            <urn1:Parameter Name="memberof_nested_group" Value="false"/>
        </urn1:AttributeSource>
        <urn1:TokenAuthorizationIssuanceCriteria xmlns:urn1="urn:sourceid.org:saml2:metadata-extension:v2">
            <urn1:TokenAuthorizationIssuanceCriterion AttrName="" AttrSourceType="Expression" ComparisonValue="" ErrorResult="INVALID USER">
                <urn1:ExprText>(#this.get("ds.PDUsers.cpSAMAccountName")!=null &amp;&amp; !#this.get("ds.PDUsers.cpSAMAccountName").getValue().equals(""))?true:false</urn1:ExprText>
            </urn1:TokenAuthorizationIssuanceCriterion>
            <urn1:TokenAuthorizationIssuanceCriterion AttrName="employeeType" AttrSourceId="PDUsers" AttrSourceType="LDAP" ComparisonValue="admin account" ErrorResult="Admin Users" Condition="equals-case-insensitive">
                <urn1:ExprText xsi:nil="true" xmlns:xsi="http://www.w3.org/2001/XMLSchema-instance"/>
            </urn1:TokenAuthorizationIssuanceCriterion>
        </urn1:TokenAuthorizationIssuanceCriteria>
    </urn:AttributeMapping>
</urn:AdapterConfiguration>