<?xml version="1.0" encoding="UTF-8"?>
<urn:AdapterConfiguration authnCtxClassRef="" isInheritAttributeSettings="false" isInheritAttributeMapping="false" maskOgnlValues="false" uniqueUserKeyField="pf_none" isInheritExtendedContractAttributes="false" name="CG_Idfirst_EMP_V1.0" xmlns:urn="urn:sourceid.org:saml2:adapter:conf">
    <urn:Fields>
        <urn:Field name="Identifier Cookie Lifetime">0</urn:Field>
        <urn:Field name="Allow Cancelling Identifier Selection">false</urn:Field>
        <urn:Field name="Maximum Identifiers Count">5</urn:Field>
        <urn:Field name="Identifier Selection Template">cap-identifier.first.template.html</urn:Field>
    </urn:Fields>
    <urn:AdvancedFields>
        <urn:Field name="Maximum Identifiers Count">5</urn:Field>
        <urn:Field name="Identifier Selection Template">cap-identifier.first.template.html</urn:Field>
    </urn:AdvancedFields>
    <urn:Tables/>
    <urn:ExtendedContractAttributes>
        <urn:AttributeName>EntityLevel1</urn:AttributeName>
        <urn:AttributeName>EntityLevel2</urn:AttributeName>
        <urn:AttributeName>Company</urn:AttributeName>
        <urn:AttributeName>EntityLevel3</urn:AttributeName>
        <urn:AttributeName>EntityLevel4</urn:AttributeName>
        <urn:AttributeName>telephoneNumber</urn:AttributeName>
        <urn:AttributeName>mail</urn:AttributeName>
        <urn:AttributeName>displayName</urn:AttributeName>
        <urn:AttributeName>Manager</urn:AttributeName>
        <urn:AttributeName>title</urn:AttributeName>
        <urn:AttributeName>GlobalID</urn:AttributeName>
        <urn:AttributeName>employeeNumber</urn:AttributeName>
        <urn:AttributeName>Department</urn:AttributeName>
        <urn:AttributeName>memberOf</urn:AttributeName>
        <urn:AttributeName>userPrincipalName</urn:AttributeName>
        <urn:AttributeName>group</urn:AttributeName>
        <urn:AttributeName>SBUCode</urn:AttributeName>
        <urn:AttributeName>physicalDeliveryOfficeName</urn:AttributeName>
        <urn:AttributeName>sAMAccountName</urn:AttributeName>
        <urn:AttributeName>FirstName</urn:AttributeName>
        <urn:AttributeName>mobile</urn:AttributeName>
        <urn:AttributeName>usertype</urn:AttributeName>
        <urn:AttributeName>groups</urn:AttributeName>
        <urn:AttributeName>Grade</urn:AttributeName>
        <urn:AttributeName>ExternalMail</urn:AttributeName>
        <urn:AttributeName>acctype</urn:AttributeName>
        <urn:AttributeName>EmployeeType</urn:AttributeName>
        <urn:AttributeName>BusinessUnit</urn:AttributeName>
        <urn:AttributeName>Country</urn:AttributeName>
        <urn:AttributeName>Region</urn:AttributeName>
        <urn:AttributeName>LastName</urn:AttributeName>
        <urn:AttributeName>personal_email</urn:AttributeName>
        <urn:AttributeName>Location</urn:AttributeName>
    </urn:ExtendedContractAttributes>
    <urn:ExtendedAttributesAdditionalProperties/>
    <urn:UniqueKeyField>subject</urn:UniqueKeyField>
    <urn:UniqueKeyField>userPrincipalName</urn:UniqueKeyField>
    <urn:AttributeMapping>
        <urn1:AttributeMap Name="EntityLevel1" Type="LDAP" AttributeSourceId="PDUsers" xmlns:urn1="urn:sourceid.org:saml2:metadata-extension:v2">
            <urn1:ValueText>cpEntityLevel1</urn1:ValueText>
        </urn1:AttributeMap>
        <urn1:AttributeMap Name="EntityLevel2" Type="LDAP" AttributeSourceId="PDUsers" xmlns:urn1="urn:sourceid.org:saml2:metadata-extension:v2">
            <urn1:ValueText>cpEntityLevel2</urn1:ValueText>
        </urn1:AttributeMap>
        <urn1:AttributeMap Name="Company" Type="LDAP" AttributeSourceId="PDUsers" xmlns:urn1="urn:sourceid.org:saml2:metadata-extension:v2">
            <urn1:ValueText>cpCompany</urn1:ValueText>
        </urn1:AttributeMap>
        <urn1:AttributeMap Name="EntityLevel3" Type="LDAP" AttributeSourceId="PDUsers" xmlns:urn1="urn:sourceid.org:saml2:metadata-extension:v2">
            <urn1:ValueText>cpEntityLevel3</urn1:ValueText>
        </urn1:AttributeMap>
        <urn1:AttributeMap Name="EntityLevel4" Type="LDAP" AttributeSourceId="PDUsers" xmlns:urn1="urn:sourceid.org:saml2:metadata-extension:v2">
            <urn1:ValueText>cpEntityLevel4</urn1:ValueText>
        </urn1:AttributeMap>
        <urn1:AttributeMap Name="telephoneNumber" Type="LDAP" AttributeSourceId="PDUsers" xmlns:urn1="urn:sourceid.org:saml2:metadata-extension:v2">
            <urn1:ValueText>telephoneNumber</urn1:ValueText>
        </urn1:AttributeMap>
        <urn1:AttributeMap Name="mail" Type="LDAP" AttributeSourceId="PDUsers" xmlns:urn1="urn:sourceid.org:saml2:metadata-extension:v2">
            <urn1:ValueText>mail</urn1:ValueText>
        </urn1:AttributeMap>
        <urn1:AttributeMap Name="displayName" Type="LDAP" AttributeSourceId="PDUsers" xmlns:urn1="urn:sourceid.org:saml2:metadata-extension:v2">
            <urn1:ValueText>displayName</urn1:ValueText>
        </urn1:AttributeMap>
        <urn1:AttributeMap Name="subject" Type="Adapter" xmlns:urn1="urn:sourceid.org:saml2:metadata-extension:v2">
            <urn1:ValueText>subject</urn1:ValueText>
        </urn1:AttributeMap>
        <urn1:AttributeMap Name="Manager" Type="LDAP" AttributeSourceId="PDUsers" xmlns:urn1="urn:sourceid.org:saml2:metadata-extension:v2">
            <urn1:ValueText>manager</urn1:ValueText>
        </urn1:AttributeMap>
        <urn1:AttributeMap Name="title" Type="LDAP" AttributeSourceId="PDUsers" xmlns:urn1="urn:sourceid.org:saml2:metadata-extension:v2">
            <urn1:ValueText>title</urn1:ValueText>
        </urn1:AttributeMap>
        <urn1:AttributeMap Name="GlobalID" Type="LDAP" AttributeSourceId="PDUsers" xmlns:urn1="urn:sourceid.org:saml2:metadata-extension:v2">
            <urn1:ValueText>cpGlobalID</urn1:ValueText>
        </urn1:AttributeMap>
        <urn1:AttributeMap Name="employeeNumber" Type="LDAP" AttributeSourceId="PDUsers" xmlns:urn1="urn:sourceid.org:saml2:metadata-extension:v2">
            <urn1:ValueText>employeeNumber</urn1:ValueText>
        </urn1:AttributeMap>
        <urn1:AttributeMap Name="Department" Type="LDAP" AttributeSourceId="PDUsers" xmlns:urn1="urn:sourceid.org:saml2:metadata-extension:v2">
            <urn1:ValueText>cpDepartment</urn1:ValueText>
        </urn1:AttributeMap>
        <urn1:AttributeMap Name="memberOf" Type="LDAP" AttributeSourceId="PDUsers" xmlns:urn1="urn:sourceid.org:saml2:metadata-extension:v2">
            <urn1:ValueText>isMemberOf</urn1:ValueText>
        </urn1:AttributeMap>
        <urn1:AttributeMap Name="userPrincipalName" Type="LDAP" AttributeSourceId="PDUsers" xmlns:urn1="urn:sourceid.org:saml2:metadata-extension:v2">
            <urn1:ValueText>cpUpn</urn1:ValueText>
        </urn1:AttributeMap>
        <urn1:AttributeMap Name="group" Type="Text" xmlns:urn1="urn:sourceid.org:saml2:metadata-extension:v2">
            <urn1:ValueText>Fido2AuthGroup</urn1:ValueText>
        </urn1:AttributeMap>
        <urn1:AttributeMap Name="SBUCode" Type="LDAP" AttributeSourceId="PDUsers" xmlns:urn1="urn:sourceid.org:saml2:metadata-extension:v2">
            <urn1:ValueText>cpBucode</urn1:ValueText>
        </urn1:AttributeMap>
        <urn1:AttributeMap Name="physicalDeliveryOfficeName" Type="LDAP" AttributeSourceId="PDUsers" xmlns:urn1="urn:sourceid.org:saml2:metadata-extension:v2">
            <urn1:ValueText>physicalDeliveryOfficeName</urn1:ValueText>
        </urn1:AttributeMap>
        <urn1:AttributeMap Name="sAMAccountName" Type="LDAP" AttributeSourceId="PDUsers" xmlns:urn1="urn:sourceid.org:saml2:metadata-extension:v2">
            <urn1:ValueText>cpSAMAccountName</urn1:ValueText>
        </urn1:AttributeMap>
        <urn1:AttributeMap Name="FirstName" Type="LDAP" AttributeSourceId="PDUsers" xmlns:urn1="urn:sourceid.org:saml2:metadata-extension:v2">
            <urn1:ValueText>givenName</urn1:ValueText>
        </urn1:AttributeMap>
        <urn1:AttributeMap Name="mobile" Type="LDAP" AttributeSourceId="PDUsers" xmlns:urn1="urn:sourceid.org:saml2:metadata-extension:v2">
            <urn1:ValueText>cpMobile</urn1:ValueText>
        </urn1:AttributeMap>
        <urn1:AttributeMap Name="groups" Type="LDAP" AttributeSourceId="PDUsers" xmlns:urn1="urn:sourceid.org:saml2:metadata-extension:v2">
            <urn1:ValueText>isMemberOf</urn1:ValueText>
        </urn1:AttributeMap>
        <urn1:AttributeMap Name="usertype" Type="Expression" xmlns:urn1="urn:sourceid.org:saml2:metadata-extension:v2">
            <urn1:ValueText>#subject.toString().toLowerCase().contains("x-") ? "External" : "Internal"</urn1:ValueText>
        </urn1:AttributeMap>
        <urn1:AttributeMap Name="Grade" Type="LDAP" AttributeSourceId="PDUsers" xmlns:urn1="urn:sourceid.org:saml2:metadata-extension:v2">
            <urn1:ValueText>cpGrade</urn1:ValueText>
        </urn1:AttributeMap>
        <urn1:AttributeMap Name="ExternalMail" Type="LDAP" AttributeSourceId="PDUsers" xmlns:urn1="urn:sourceid.org:saml2:metadata-extension:v2">
            <urn1:ValueText>cpExternalMail</urn1:ValueText>
        </urn1:AttributeMap>
        <urn1:AttributeMap Name="acctype" Type="Expression" xmlns:urn1="urn:sourceid.org:saml2:metadata-extension:v2">
            <urn1:ValueText>#subject.toString().toLowerCase().startsWith("s-") ? "Generic" : (#this.get("ds.PDUsers.cpUpn").toString().toLowerCase().contains(".phone-") ? "Generic" :(#this.get("ds.PDUsers.cpDistinguishedName") != null &amp;&amp; (#this.get("ds.PDUsers.cpDistinguishedName").toString().toLowerCase().contains("ou=conference rooms,ou=resources,dc=corp,dc=capgemini,dc=com") || #this.get("ds.PDUsers.cpDistinguishedName").toString().toLowerCase().contains("ou=teams cap phones,ou=lync,ou=global applications,dc=corp,dc=capgemini,dc=com")) ?"Generic":"Normal"))</urn1:ValueText>
        </urn1:AttributeMap>
        <urn1:AttributeMap Name="EmployeeType" Type="LDAP" AttributeSourceId="PDUsers" xmlns:urn1="urn:sourceid.org:saml2:metadata-extension:v2">
            <urn1:ValueText>employeeType</urn1:ValueText>
        </urn1:AttributeMap>
        <urn1:AttributeMap Name="BusinessUnit" Type="LDAP" AttributeSourceId="PDUsers" xmlns:urn1="urn:sourceid.org:saml2:metadata-extension:v2">
            <urn1:ValueText>cpBusinessUnit</urn1:ValueText>
        </urn1:AttributeMap>
        <urn1:AttributeMap Name="domain" Type="Adapter" xmlns:urn1="urn:sourceid.org:saml2:metadata-extension:v2">
            <urn1:ValueText>domain</urn1:ValueText>
        </urn1:AttributeMap>
        <urn1:AttributeMap Name="Country" Type="LDAP" AttributeSourceId="PDUsers" xmlns:urn1="urn:sourceid.org:saml2:metadata-extension:v2">
            <urn1:ValueText>co</urn1:ValueText>
        </urn1:AttributeMap>
        <urn1:AttributeMap Name="Region" Type="LDAP" AttributeSourceId="PDUsers" xmlns:urn1="urn:sourceid.org:saml2:metadata-extension:v2">
            <urn1:ValueText>cpRegion</urn1:ValueText>
        </urn1:AttributeMap>
        <urn1:AttributeMap Name="LastName" Type="LDAP" AttributeSourceId="PDUsers" xmlns:urn1="urn:sourceid.org:saml2:metadata-extension:v2">
            <urn1:ValueText>sn</urn1:ValueText>
        </urn1:AttributeMap>
        <urn1:AttributeMap Name="personal_email" Type="LDAP" AttributeSourceId="PDUsers" xmlns:urn1="urn:sourceid.org:saml2:metadata-extension:v2">
            <urn1:ValueText>cpPersonalMail</urn1:ValueText>
        </urn1:AttributeMap>
        <urn1:AttributeMap Name="Location" Type="LDAP" AttributeSourceId="PDUsers" xmlns:urn1="urn:sourceid.org:saml2:metadata-extension:v2">
            <urn1:ValueText>l</urn1:ValueText>
        </urn1:AttributeMap>
        <urn1:AttributeSource Id="PDUsers" Description="PDUsers" Type="LDAP" DataSourceId="LDAP-6A9279F9702CB3696B96C31EA3145E265DFF9A84" xmlns:urn1="urn:sourceid.org:saml2:metadata-extension:v2">
            <urn1:Parameter Name="filter" Value="(|(cpSAMAccountName=${subject})(mail=${subject})(cpUpn=${subject}))"/>
            <urn1:Parameter Name="search_base" Value="ou=CorpUsers,dc=capgemini,dc=com"/>
            <urn1:Parameter Name="search_attributes" Value="Subject DN,co,cpAccountExpires,cpBucode,cpBusinessUnit,cpCompany,cpDepartment,cpDistinguishedName,cpEntityLevel1,cpEntityLevel2,cpEntityLevel3,cpEntityLevel4,cpExternalMail,cpGlobalID,cpGrade,cpMobile,cpPersonalMail,cpRegion,cpSAMAccountName,cpUpn,displayName,employeeNumber,employeeType,givenName,isMemberOf,l,mail,manager,physicalDeliveryOfficeName,sn,telephoneNumber,title"/>
            <urn1:Parameter Name="search_scope" Value="SUBTREE_SCOPE"/>
            <urn1:Parameter Name="memberof_nested_group" Value="false"/>
        </urn1:AttributeSource>
        <urn1:TokenAuthorizationIssuanceCriteria xmlns:urn1="urn:sourceid.org:saml2:metadata-extension:v2">
            <urn1:TokenAuthorizationIssuanceCriterion AttrName="" AttrSourceType="Expression" ComparisonValue="" ErrorResult="INVALID USER">
                <urn1:ExprText>(#this.get("ds.PDUsers.cpSAMAccountName")!=null &amp;&amp; !#this.get("ds.PDUsers.cpSAMAccountName").getValue().equals(""))?true:false</urn1:ExprText>
            </urn1:TokenAuthorizationIssuanceCriterion>
            <urn1:TokenAuthorizationIssuanceCriterion AttrName="" AttrSourceType="Expression" ComparisonValue="" ErrorResult="User account Expired">
                <urn1:ExprText>#cpAccountExpires = #this.get("ds.PDUsers.cpAccountExpires").getValue(),
#getDateExpiresLong = :[
#dateToExpireLong = new java.lang.Long(#this),
#Win32Epoch = new java.util.GregorianCalendar(1601,@java.util.Calendar@JANUARY,1),
#Win32EpochDate = #Win32Epoch.getTime(),
#accountExpiresLong = #dateToExpireLong.longValue()/10000 + #Win32EpochDate.getTime(),
#accountExpiresLong
],
(#cpAccountExpires.equals("0") || #cpAccountExpires.equals("9223372036854775807"))?true:
(#getDateExpiresLong(#cpAccountExpires) > @java.lang.System@currentTimeMillis())?true:false</urn1:ExprText>
            </urn1:TokenAuthorizationIssuanceCriterion>
        </urn1:TokenAuthorizationIssuanceCriteria>
    </urn:AttributeMapping>
</urn:AdapterConfiguration>