<?xml version="1.0" encoding="UTF-8"?>
<urn:AdapterConfiguration authnCtxClassRef="" isInheritAttributeSettings="false" isInheritAttributeMapping="false" maskOgnlValues="false" uniqueUserKeyField="pf_none" isInheritExtendedContractAttributes="false" name="CG_OCSP_Hum_V1.0" xmlns:urn="urn:sourceid.org:saml2:adapter:conf">
    <urn:Fields>
        <urn:Field name="Certificate Header">x-ssl-client-cert</urn:Field>
        <urn:Field name="Certificate Start Marker">-----BEGIN CERTIFICATE-----</urn:Field>
        <urn:Field name="Certificate End Marker">-----END CERTIFICATE-----</urn:Field>
        <urn:Field name="Remove newline characters">true</urn:Field>
        <urn:Field name="Remove embedded spaces">true</urn:Field>
        <urn:Field name="Certificate is Base64 Encoded">true</urn:Field>
        <urn:Field name="Return success on SLO">true</urn:Field>
    </urn:Fields>
    <urn:AdvancedFields/>
    <urn:Tables/>
    <urn:ExtendedContractAttributes/>
    <urn:ExtendedAttributesAdditionalProperties/>
    <urn:UniqueKeyField>CRL</urn:UniqueKeyField>
    <urn:AttributeMapping>
        <urn1:AttributeMap Name="CRL" Type="Adapter" xmlns:urn1="urn:sourceid.org:saml2:metadata-extension:v2">
            <urn1:ValueText>CRL</urn1:ValueText>
        </urn1:AttributeMap>
        <urn1:TokenAuthorizationIssuanceCriteria xmlns:urn1="urn:sourceid.org:saml2:metadata-extension:v2"/>
    </urn:AttributeMapping>
</urn:AdapterConfiguration>