<?xml version="1.0" encoding="UTF-8"?>
<urn:AdapterConfiguration authnCtxClassRef="" isInheritAttributeSettings="false" isInheritAttributeMapping="false" maskOgnlValues="false" uniqueUserKeyField="pf_none" isInheritExtendedContractAttributes="false" name="Email/SMS_OTP_EXT_V1.0" xmlns:urn="urn:sourceid.org:saml2:adapter:conf">
    <urn:Fields>
        <urn:Field name="Device Selection">User Choice</urn:Field>
        <urn:Field name="Preferred Delivery Method Attribute"/>
        <urn:Field name="Attribute Source">Chained Attributes</urn:Field>
        <urn:Field name="Search String"/>
        <urn:Field name="Base DN"/>
        <urn:Field name="Test User ID">hemkulkarni@gmail.com</urn:Field>
        <urn:Field name="Failure Mode">Block User</urn:Field>
        <urn:Field name="OTP Length">6</urn:Field>
        <urn:Field name="Max OTP Attempts">3</urn:Field>
        <urn:Field name="Max OTP Resends">15</urn:Field>
        <urn:Field name="Show Success Screens">true</urn:Field>
        <urn:Field name="Show Error Screens">true</urn:Field>
        <urn:Field name="LDAP Search Scope">Single level</urn:Field>
        <urn:Field name="OTP Generator Secret">eyJhbGciOiJkaXIiLCJlbmMiOiJBMTI4Q0JDLUhTMjU2Iiwia2lkIjoiOVk5eHhnd2pqRiIsInZlcnNpb24iOiIxMS4zLjUuMCJ9..UsDBCDB9kP0O5bKsui7VFA.P_dWLcqM3F_pKtWUBzkhrhoZkRiGsq546bXCmAo0-wKlMI5_RBQIOuvQyzD4mJe6.GYhynyzFqC1CbpNSpsWCsQ</urn:Field>
    </urn:Fields>
    <urn:AdvancedFields>
        <urn:Field name="OTP Length">6</urn:Field>
        <urn:Field name="Max OTP Attempts">3</urn:Field>
        <urn:Field name="Max OTP Resends">15</urn:Field>
        <urn:Field name="Show Success Screens">true</urn:Field>
        <urn:Field name="Show Error Screens">true</urn:Field>
        <urn:Field name="LDAP Search Scope">Single level</urn:Field>
        <urn:Field name="OTP Generator Secret">eyJhbGciOiJkaXIiLCJlbmMiOiJBMTI4Q0JDLUhTMjU2Iiwia2lkIjoiOVk5eHhnd2pqRiIsInZlcnNpb24iOiIxMS4zLjUuMCJ9..8Jnz6zEIcUsOF2Ro1oM4Xg.zkASPr5gayrosv989L2kwNvUxvfTgZRdrmiUTac_CpKlgFdEAqWcoxDRXH2Pd-sG.f48scgFyq77J-e-Sv3gfmw</urn:Field>
    </urn:AdvancedFields>
    <urn:Tables>
        <urn:Table name="Notification Delivery Methods">
            <urn:Row defaultRow="false">
                <urn:Field name="Notification Publisher">SMSVerify</urn:Field>
                <urn:Field name="Contact Attribute">mobile</urn:Field>
                <urn:Field name="Language Properties and Templates Key">sms</urn:Field>
            </urn:Row>
            <urn:Row defaultRow="false">
                <urn:Field name="Notification Publisher">SMTP</urn:Field>
                <urn:Field name="Contact Attribute">mail</urn:Field>
                <urn:Field name="Language Properties and Templates Key">email</urn:Field>
            </urn:Row>
        </urn:Table>
    </urn:Tables>
    <urn:ExtendedContractAttributes/>
    <urn:ExtendedAttributesAdditionalProperties/>
    <urn:UniqueKeyField>username</urn:UniqueKeyField>
    <urn:AttributeMapping>
        <urn1:AttributeMap Name="otp_method" Type="Adapter" xmlns:urn1="urn:sourceid.org:saml2:metadata-extension:v2">
            <urn1:ValueText>otp_method</urn1:ValueText>
        </urn1:AttributeMap>
        <urn1:AttributeMap Name="otp_target" Type="Adapter" xmlns:urn1="urn:sourceid.org:saml2:metadata-extension:v2">
            <urn1:ValueText>otp_target</urn1:ValueText>
        </urn1:AttributeMap>
        <urn1:AttributeMap Name="status" Type="Adapter" xmlns:urn1="urn:sourceid.org:saml2:metadata-extension:v2">
            <urn1:ValueText>status</urn1:ValueText>
        </urn1:AttributeMap>
        <urn1:AttributeMap Name="username" Type="Adapter" xmlns:urn1="urn:sourceid.org:saml2:metadata-extension:v2">
            <urn1:ValueText>username</urn1:ValueText>
        </urn1:AttributeMap>
        <urn1:TokenAuthorizationIssuanceCriteria xmlns:urn1="urn:sourceid.org:saml2:metadata-extension:v2"/>
    </urn:AttributeMapping>
</urn:AdapterConfiguration>