<?xml version="1.0" encoding="UTF-8"?>
<urn:AdapterConfiguration authnCtxClassRef="" isInheritAttributeSettings="false" isInheritAttributeMapping="false" maskOgnlValues="false" uniqueUserKeyField="pf_none" isInheritExtendedContractAttributes="false" name="SMS_OTP_EMP_V1.0" xmlns:urn="urn:sourceid.org:saml2:adapter:conf">
    <urn:Fields>
        <urn:Field name="Device Selection">User Choice</urn:Field>
        <urn:Field name="Preferred Delivery Method Attribute"/>
        <urn:Field name="Attribute Source">Chained Attributes</urn:Field>
        <urn:Field name="Search String"/>
        <urn:Field name="Base DN"/>
        <urn:Field name="Test User ID"/>
        <urn:Field name="Failure Mode">Block User</urn:Field>
        <urn:Field name="OTP Length">6</urn:Field>
        <urn:Field name="Max OTP Attempts">3</urn:Field>
        <urn:Field name="Max OTP Resends">15</urn:Field>
        <urn:Field name="Show Success Screens">true</urn:Field>
        <urn:Field name="Show Error Screens">true</urn:Field>
        <urn:Field name="LDAP Search Scope">Include subtree</urn:Field>
        <urn:Field name="OTP Generator Secret">eyJhbGciOiJkaXIiLCJlbmMiOiJBMTI4Q0JDLUhTMjU2Iiwia2lkIjoiOVk5eHhnd2pqRiIsInZlcnNpb24iOiIxMS4zLjUuMCJ9..YgxB6GoU3DksrW_a2xppHw.Z93s5vvtUHCFTRQNi_pbKPNuxKHbfRapJGZERQ2A6l3cInIuUBg9ofcAJgpMG-nf.nYgl5wlewsnRSFSSDUtReQ</urn:Field>
    </urn:Fields>
    <urn:AdvancedFields>
        <urn:Field name="OTP Length">6</urn:Field>
        <urn:Field name="Max OTP Attempts">3</urn:Field>
        <urn:Field name="Max OTP Resends">15</urn:Field>
        <urn:Field name="Show Success Screens">true</urn:Field>
        <urn:Field name="Show Error Screens">true</urn:Field>
        <urn:Field name="LDAP Search Scope">Include subtree</urn:Field>
        <urn:Field name="OTP Generator Secret">eyJhbGciOiJkaXIiLCJlbmMiOiJBMTI4Q0JDLUhTMjU2Iiwia2lkIjoiOVk5eHhnd2pqRiIsInZlcnNpb24iOiIxMS4zLjUuMCJ9..zI5DzCl3ikoZFH83KGNDwA.oWKaxeg2skDCnr1wiZSWRm0WdUCOnnHwwlOj94BPiyVN1HHZyzeFqLF9qsvavA3t.pzO3sXXUUZ1hfCHy3AEdHw</urn:Field>
    </urn:AdvancedFields>
    <urn:Tables>
        <urn:Table name="Notification Delivery Methods">
            <urn:Row defaultRow="false">
                <urn:Field name="Notification Publisher">SMSVerify</urn:Field>
                <urn:Field name="Contact Attribute">mobile</urn:Field>
                <urn:Field name="Language Properties and Templates Key">sms</urn:Field>
            </urn:Row>
        </urn:Table>
    </urn:Tables>
    <urn:ExtendedContractAttributes/>
    <urn:ExtendedAttributesAdditionalProperties/>
    <urn:UniqueKeyField>username</urn:UniqueKeyField>
    <urn:AttributeMapping>
        <urn1:AttributeMap Name="otp_method" Type="Adapter" xmlns:urn1="urn:sourceid.org:saml2:metadata-extension:v2">
            <urn1:ValueText>otp_method</urn1:ValueText>
        </urn1:AttributeMap>
        <urn1:AttributeMap Name="otp_target" Type="Adapter" xmlns:urn1="urn:sourceid.org:saml2:metadata-extension:v2">
            <urn1:ValueText>otp_target</urn1:ValueText>
        </urn1:AttributeMap>
        <urn1:AttributeMap Name="status" Type="Adapter" xmlns:urn1="urn:sourceid.org:saml2:metadata-extension:v2">
            <urn1:ValueText>status</urn1:ValueText>
        </urn1:AttributeMap>
        <urn1:AttributeMap Name="username" Type="Adapter" xmlns:urn1="urn:sourceid.org:saml2:metadata-extension:v2">
            <urn1:ValueText>username</urn1:ValueText>
        </urn1:AttributeMap>
        <urn1:TokenAuthorizationIssuanceCriteria xmlns:urn1="urn:sourceid.org:saml2:metadata-extension:v2"/>
    </urn:AttributeMapping>
</urn:AdapterConfiguration>