<?xml version="1.0" encoding="UTF-8"?>
<urn:AdapterConfiguration authnCtxClassRef="" isInheritAttributeSettings="false" isInheritAttributeMapping="false" maskOgnlValues="false" uniqueUserKeyField="pf_none" isInheritExtendedContractAttributes="false" name="P1R_all_V2.0" xmlns:urn="urn:sourceid.org:saml2:adapter:conf">
    <urn:Fields>
        <urn:Field name="PingOne Environment"/>
        <urn:Field name="Environment ID">eb552769-ac26-440f-a056-87c757e89c01</urn:Field>
        <urn:Field name="Region">EU</urn:Field>
        <urn:Field name="PingFederate Connection Client ID">d6af17e6-1982-4a7c-8ed6-21744212c646</urn:Field>
        <urn:Field name="PingFederate Connection Client Secret">eyJhbGciOiJkaXIiLCJlbmMiOiJBMTI4Q0JDLUhTMjU2Iiwia2lkIjoiOVk5eHhnd2pqRiIsInZlcnNpb24iOiIxMS4zLjUuMCJ9..7GyVKRW08IOia3CSUjAAOA.vXsEe8EIwXMdq6rAw_LsQVf7Uy8ksE1wAZJ4EIycaDCMdlhH0KWWOCqYx5IH1lld9wSJcqqrhdI75vlNM_AfJrtYE0EHIxI8sq6t8HIgEI8.124gtR521vCDTnF6UAzrhg</urn:Field>
        <urn:Field name="Risk Policy ID">abada23d-08ea-4c37-b896-bd5363f93a07</urn:Field>
        <urn:Field name="Include Device Profile">true</urn:Field>
        <urn:Field name="Device Profiling Method">Captured by this adapter</urn:Field>
        <urn:Field name="Device Profiling Timeout">5000</urn:Field>
        <urn:Field name="Cookie Name Prefix">pingone.risk.device.profile</urn:Field>
        <urn:Field name="Failure Mode">Continue with fallback policy decision</urn:Field>
        <urn:Field name="Fallback Policy Decision Value">MEDIUM</urn:Field>
        <urn:Field name="Risk Policy Override"/>
        <urn:Field name="Device Profiling Script">Fingerprint JS</urn:Field>
        <urn:Field name="API Request Timeout">2000</urn:Field>
        <urn:Field name="Proxy Settings">System Defaults</urn:Field>
        <urn:Field name="Custom Proxy Host"/>
        <urn:Field name="Custom Proxy Port"/>
    </urn:Fields>
    <urn:AdvancedFields>
        <urn:Field name="Include Device Profile">true</urn:Field>
        <urn:Field name="Device Profiling Method">Captured by this adapter</urn:Field>
        <urn:Field name="Device Profiling Timeout">5000</urn:Field>
        <urn:Field name="Cookie Name Prefix">pingone.risk.device.profile</urn:Field>
        <urn:Field name="Failure Mode">Continue with fallback policy decision</urn:Field>
        <urn:Field name="Fallback Policy Decision Value">MEDIUM</urn:Field>
        <urn:Field name="Risk Policy Override"/>
        <urn:Field name="Device Profiling Script">Fingerprint JS</urn:Field>
        <urn:Field name="API Request Timeout">2000</urn:Field>
        <urn:Field name="Proxy Settings">System Defaults</urn:Field>
        <urn:Field name="Custom Proxy Host"/>
        <urn:Field name="Custom Proxy Port"/>
    </urn:AdvancedFields>
    <urn:Tables>
        <urn:Table name="Additional User Attributes (optional)"/>
        <urn:Table name="Additional Risk Predictors (optional)"/>
        <urn:Table name="PingOne Risk API Response Mappings (optional)"/>
    </urn:Tables>
    <urn:ExtendedContractAttributes/>
    <urn:ExtendedAttributesAdditionalProperties/>
    <urn:UniqueKeyField>riskLevel</urn:UniqueKeyField>
    <urn:AttributeMapping>
        <urn1:AttributeMap Name="riskLevel" Type="Adapter" xmlns:urn1="urn:sourceid.org:saml2:metadata-extension:v2">
            <urn1:ValueText>riskLevel</urn1:ValueText>
        </urn1:AttributeMap>
        <urn1:AttributeMap Name="riskValue" Type="Adapter" xmlns:urn1="urn:sourceid.org:saml2:metadata-extension:v2">
            <urn1:ValueText>riskValue</urn1:ValueText>
        </urn1:AttributeMap>
        <urn1:AttributeMap Name="riskScore" Type="Adapter" xmlns:urn1="urn:sourceid.org:saml2:metadata-extension:v2">
            <urn1:ValueText>riskScore</urn1:ValueText>
        </urn1:AttributeMap>
        <urn1:TokenAuthorizationIssuanceCriteria xmlns:urn1="urn:sourceid.org:saml2:metadata-extension:v2"/>
    </urn:AttributeMapping>
</urn:AdapterConfiguration>