<?xml version="1.0" encoding="UTF-8"?>
<urn:AdapterConfiguration authnCtxClassRef="" isInheritAttributeSettings="true" isInheritAttributeMapping="true" isInheritExtendedContractAttributes="true" name="MFA_PID_CyberArk_V1.0" xmlns:urn="urn:sourceid.org:saml2:adapter:conf">
    <urn:Fields>
        <urn:Field name="LDAP Data source">Chained Attributes</urn:Field>
        <urn:Field name="group attribute">grpcyberark</urn:Field>
        <urn:Field name="LDAP Data Source For Devices">LDAP-6A9279F9702CB3696B96C31EA3145E265DFF9A84</urn:Field>
    </urn:Fields>
    <urn:AdvancedFields>
        <urn:Field name="LDAP Data source">Chained Attributes</urn:Field>
        <urn:Field name="group attribute">grpcyberark</urn:Field>
        <urn:Field name="LDAP Data Source For Devices">LDAP-6A9279F9702CB3696B96C31EA3145E265DFF9A84</urn:Field>
    </urn:AdvancedFields>
    <urn:Tables/>
</urn:AdapterConfiguration>