<?xml version="1.0" encoding="UTF-8"?>
<urn:AdapterConfiguration authnCtxClassRef="" isInheritAttributeSettings="true" isInheritAttributeMapping="true" isInheritExtendedContractAttributes="true" name="AccessDenied_Idfirst_All_V1.0" xmlns:urn="urn:sourceid.org:saml2:adapter:conf">
    <urn:Fields>
        <urn:Field name="Identifier Selection Template">sp.initiated.error.page.template.html</urn:Field>
    </urn:Fields>
    <urn:AdvancedFields>
        <urn:Field name="Identifier Selection Template">sp.initiated.error.page.template.html</urn:Field>
    </urn:AdvancedFields>
    <urn:Tables/>
</urn:AdapterConfiguration>