<?xml version="1.0" encoding="UTF-8"?>
<con:config xmlns:con="http://www.sourceid.org/2004/05/config">
    <con:list name="whitelist"/>
    <con:list name="uriAllowlist"/>
    <con:item name="enable-validation">true</con:item>
    <con:item name="enable-validation-target-resource-slo">true</con:item>
    <con:item name="enable-validation-inerror-resource">true</con:item>
    <con:item name="enable-validation-target-resource-idp-discovery">true</con:item>
    <con:item name="enable-validation-wreply-slo">true</con:item>
</con:config>