<?xml version="1.0" encoding="UTF-8"?>
<con:config xmlns:con="http://www.sourceid.org/2004/05/config">
    <con:item name="EncryptArchive">false</con:item>
    <con:item name="TruncateLogs">false</con:item>
    <con:item name="RolledLogCount">0</con:item>
    <con:item name="CollectExpensiveData">false</con:item>
    <con:item name="IncludeBinaryFiles">false</con:item>
    <con:item name="NumHeartbeatSamples">5</con:item>
    <con:item name="IntervalBetweenSamples">1</con:item>
    <con:item name="ReportCount">10</con:item>
    <con:item name="ReportInterval">1</con:item>
    <con:item name="CollectionTimeoutMinutes">10</con:item>
</con:config>