<?xml version="1.0" encoding="UTF-8"?>
<md:EntityDescriptor entityID="https://nldcaparmas01/netbackup/sso/callback/SAML2Client" urn:name="nldcaparmas01" ID="cCOn8dzPD9-LWOjBBTkXkp6-uDO" urn:baseUrl="https://nldcaparmas01/webui" urn:LogLevel="STANDARD" urn:isActive="false" urn:applicationName="nldcaparmas01" xmlns:md="urn:oasis:names:tc:SAML:2.0:metadata" xmlns:urn="urn:sourceid.org:saml2:metadata-extension:v2">
    <md:Extensions>
        <urn:EntityExtension PFVersion="11.3.10.0" LicenseGroup="">
            <urn:DigitialSignatureAliases SigningKeyAlias="q1fzuwf6k3fiyk7y8cv5bhux8" includeX509inXmlSig="false" includeRawKeyInXmlSig="false" SigningAlgorithm="http://www.w3.org/2001/04/xmldsig-more#rsa-sha256">
                <urn:AlternativeSigningKeyAlias>gyd2rbxfw9suj3gi4g0r7td06</urn:AlternativeSigningKeyAlias>
            </urn:DigitialSignatureAliases>
            <urn:Encryption>
                <urn:EncryptionPolicy EncryptionAlgorithm="http://www.w3.org/2001/04/xmlenc#aes128-cbc" KeyTransportAlgorithm="http://www.w3.org/2001/04/xmlenc#rsa-oaep-mgf1p" EncryptAssertion="false" EncryptSubjectNameID="false" SLOEncryptSubjectNameID="false"/>
                <urn:DecryptionPolicy AssertionEncrypted="false" SubjectNameIDEncrypted="false" AttributeEncrypted="false" SLOSubjectNameIDEncrypted="false"/>
            </urn:Encryption>
            <urn:ConnectionTemplateProperties/>
            <urn:MetadataUrlId xsi:nil="true" xmlns:xsi="http://www.w3.org/2001/XMLSchema-instance"/>
            <urn:enableAutoMetadataUpdate>false</urn:enableAutoMetadataUpdate>
            <urn:alwaysSignArtifactResponse>false</urn:alwaysSignArtifactResponse>
            <urn:AdditionalAllowedEntitiesConfiguration>
                <urn:AllowAdditionalEntities>false</urn:AllowAdditionalEntities>
                <urn:AllowAllEntities>false</urn:AllowAllEntities>
                <urn:AdditionalAllowedEntities/>
            </urn:AdditionalAllowedEntitiesConfiguration>
            <urn:ExtendedProperties name="auth_level" value="High Category Apps"/>
        </urn:EntityExtension>
    </md:Extensions>
    <md:SPSSODescriptor protocolSupportEnumeration="urn:oasis:names:tc:SAML:2.0:protocol" AuthnRequestsSigned="false" WantAssertionsSigned="true" SignResponseAsRequired="false">
        <md:Extensions>
            <urn:RoleExtension ArtifactTimeoutSeconds="60" LastModified="2025-04-15T09:50:48.712Z">
                <urn:IncomingBindings Artifact="false" POST="true" Redirect="true" SOAP="false"/>
                <urn:EnabledProfiles IDPInitiatedSSO="true" IDPInitiatedSLO="false" SPInitiatedSSO="true" SPInitiatedSLO="false"/>
                <urn:SP AssertionValidityAfterMinutes="5" AssertionValidityBeforeMinutes="5" ConnectionTargetType="Standard" EnableCDCDuringSSO="false">
                    <urn:C2cContractToAssertionMapping AbortIfNotFoundInAnyDataSources="false" RestrictVirtualServerIds="false" C2cContractId="2saM58A93PCa2c6M" C2cContractName="Capgemini Policy Contract">
                        <urn:DefaultAttributeMapping>
                            <urn:AttributeMap Name="UPN" Type="Authentication Policy Contract">
                                <urn:ValueText>userPrincipalName</urn:ValueText>
                            </urn:AttributeMap>
                            <urn:AttributeMap Name="memberOf" Type="Authentication Policy Contract">
                                <urn:ValueText>MemberOf</urn:ValueText>
                            </urn:AttributeMap>
                            <urn:AttributeMap Name="SAML_SUBJECT" Type="Authentication Policy Contract">
                                <urn:ValueText>subject</urn:ValueText>
                            </urn:AttributeMap>
                            <urn:TokenAuthorizationIssuanceCriteria/>
                        </urn:DefaultAttributeMapping>
                    </urn:C2cContractToAssertionMapping>
                    <urn:NameIdentifierMappingType IncludeAdditionalAttributes="false" IncludeAdditionalTransientAttributes="false"/>
                </urn:SP>
            </urn:RoleExtension>
        </md:Extensions>
        <md:NameIDFormat>urn:oasis:names:tc:SAML:1.1:nameid-format:unspecified</md:NameIDFormat>
        <md:AssertionConsumerService index="0" Location="https://nldcaparmas01/netbackup/sso/callback/SAML2Client" Binding="urn:oasis:names:tc:SAML:2.0:bindings:HTTP-POST" isDefault="true"/>
        <md:AttributeConsumingService index="0">
            <md:ServiceName xml:lang="en">AttributeContract</md:ServiceName>
            <md:RequestedAttribute Name="UPN" NameFormat="urn:oasis:names:tc:SAML:2.0:attrname-format:basic"/>
            <md:RequestedAttribute Name="memberOf" NameFormat="urn:oasis:names:tc:SAML:2.0:attrname-format:basic"/>
        </md:AttributeConsumingService>
    </md:SPSSODescriptor>
    <md:RoleDescriptor protocolSupportEnumeration="urn:oasis:names:tc:SAML:2.0:protocol" xsi:type="urn:PFAvailableCertsRoleDescriptorType" xmlns:xsi="http://www.w3.org/2001/XMLSchema-instance"/>
    <md:ContactPerson contactType="administrative"/>
</md:EntityDescriptor>