<?xml version="1.0" encoding="UTF-8"?>
<md:EntityDescriptor entityID="https://saml.cloud.com" urn:name="citrix" ID="whU1l65nXROZ-v9BC_QspMmrR4." urn:LogLevel="STANDARD" urn:isActive="true" urn:applicationName="citrix" xmlns:md="urn:oasis:names:tc:SAML:2.0:metadata" xmlns:urn="urn:sourceid.org:saml2:metadata-extension:v2">
    <md:Extensions>
        <urn:EntityExtension PFVersion="11.3.10.0" LicenseGroup="">
            <urn:DigitialSignatureAliases SigningKeyAlias="gyd2rbxfw9suj3gi4g0r7td06" includeX509inXmlSig="true" includeRawKeyInXmlSig="true" SigningAlgorithm="http://www.w3.org/2001/04/xmldsig-more#rsa-sha256"/>
            <urn:Encryption>
                <urn:EncryptionPolicy EncryptionAlgorithm="http://www.w3.org/2001/04/xmlenc#aes128-cbc" KeyTransportAlgorithm="http://www.w3.org/2001/04/xmlenc#rsa-oaep-mgf1p" EncryptAssertion="false" EncryptSubjectNameID="false" SLOEncryptSubjectNameID="false"/>
                <urn:DecryptionPolicy AssertionEncrypted="false" SubjectNameIDEncrypted="false" AttributeEncrypted="false" SLOSubjectNameIDEncrypted="false"/>
            </urn:Encryption>
            <urn:ConnectionTemplateProperties/>
            <urn:MetadataUrlId xsi:nil="true" xmlns:xsi="http://www.w3.org/2001/XMLSchema-instance"/>
            <urn:enableAutoMetadataUpdate>false</urn:enableAutoMetadataUpdate>
            <urn:alwaysSignArtifactResponse>false</urn:alwaysSignArtifactResponse>
            <urn:AdditionalAllowedEntitiesConfiguration>
                <urn:AllowAdditionalEntities>false</urn:AllowAdditionalEntities>
                <urn:AllowAllEntities>false</urn:AllowAllEntities>
                <urn:AdditionalAllowedEntities/>
            </urn:AdditionalAllowedEntitiesConfiguration>
            <urn:ExtendedProperties name="auth_level" value="All Apps"/>
            <urn:ExtendedProperties name="Special_APP" value="Special_APP"/>
        </urn:EntityExtension>
    </md:Extensions>
    <md:SPSSODescriptor protocolSupportEnumeration="urn:oasis:names:tc:SAML:2.0:protocol" AuthnRequestsSigned="false" WantAssertionsSigned="false" SignResponseAsRequired="true">
        <md:Extensions>
            <urn:RoleExtension ArtifactTimeoutSeconds="60" LastModified="2025-05-24T04:45:05.941Z">
                <urn:IncomingBindings Artifact="false" POST="true" Redirect="false" SOAP="false"/>
                <urn:EnabledProfiles IDPInitiatedSSO="true" IDPInitiatedSLO="false" SPInitiatedSSO="true" SPInitiatedSLO="false"/>
                <urn:SP AssertionValidityAfterMinutes="5" AssertionValidityBeforeMinutes="5" ConnectionTargetType="Standard" EnableCDCDuringSSO="false">
                    <urn:C2cContractToAssertionMapping AbortIfNotFoundInAnyDataSources="false" RestrictVirtualServerIds="false" C2cContractId="2saM58A93PCa2c6M" C2cContractName="Capgemini Policy Contract">
                        <urn:DefaultAttributeMapping>
                            <urn:AttributeMap Name="cp-domain" Type="Text">
                                <urn:ValueText>corp.capgemini.com</urn:ValueText>
                            </urn:AttributeMap>
                            <urn:AttributeMap Name="firstname" Type="Authentication Policy Contract">
                                <urn:ValueText>FirstName</urn:ValueText>
                            </urn:AttributeMap>
                            <urn:AttributeMap Name="SAML_SUBJECT" Type="Authentication Policy Contract">
                                <urn:ValueText>subject</urn:ValueText>
                            </urn:AttributeMap>
                            <urn:AttributeMap Name="cip_email" Type="Authentication Policy Contract">
                                <urn:ValueText>mail</urn:ValueText>
                            </urn:AttributeMap>
                            <urn:AttributeMap Name="lastname" Type="Authentication Policy Contract">
                                <urn:ValueText>sn</urn:ValueText>
                            </urn:AttributeMap>
                            <urn:AttributeMap Name="cip_upn" Type="Authentication Policy Contract">
                                <urn:ValueText>userPrincipalName</urn:ValueText>
                            </urn:AttributeMap>
                            <urn:AttributeMap Name="cip_sid" Type="LDAP" AttributeSourceId="LDAP">
                                <urn:ValueText>objectSid</urn:ValueText>
                            </urn:AttributeMap>
                            <urn:AttributeMap Name="cip_forest" Type="Text">
                                <urn:ValueText>CORP</urn:ValueText>
                            </urn:AttributeMap>
                            <urn:AttributeMap Name="cip_oid" Type="LDAP" AttributeSourceId="LDAP">
                                <urn:ValueText>objectGUID</urn:ValueText>
                            </urn:AttributeMap>
                            <urn:AttributeMap Name="GGID" Type="Authentication Policy Contract">
                                <urn:ValueText>GlobalID</urn:ValueText>
                            </urn:AttributeMap>
                            <urn:AttributeMap Name="LOGIN" Type="Authentication Policy Contract">
                                <urn:ValueText>subject</urn:ValueText>
                            </urn:AttributeMap>
                            <urn:AttributeMap Name="memberOf" Type="Authentication Policy Contract">
                                <urn:ValueText>MemberOf</urn:ValueText>
                            </urn:AttributeMap>
                            <urn:AttributeMap Name="email" Type="Authentication Policy Contract">
                                <urn:ValueText>mail</urn:ValueText>
                            </urn:AttributeMap>
                            <urn:AttributeMap Name="username" Type="Authentication Policy Contract">
                                <urn:ValueText>displayName</urn:ValueText>
                            </urn:AttributeMap>
                            <urn:AttributeSource Id="LDAP" Description=" LDAP" Type="LDAP" DataSourceId="LDAP-91DA4250FB99BFEBCA97FDA28D98E697B5122AB0">
                                <urn:Parameter Name="filter" Value="sAMAccountName=${subject}"/>
                                <urn:Parameter Name="search_base" Value="DC=corp,DC=capgemini,DC=com"/>
                                <urn:Parameter Name="search_attributes" Value="Subject DN,cpDisabled,objectGUID,objectSid"/>
                                <urn:Parameter Name="search_scope" Value="SUBTREE_SCOPE"/>
                                <urn:Parameter Name="memberof_nested_group" Value="false"/>
                                <urn:BinaryAttributeEncoding Name="objectGUID" Encoding="BASE64"/>
                                <urn:BinaryAttributeEncoding Name="objectSid" Encoding="BASE64"/>
                            </urn:AttributeSource>
                            <urn:TokenAuthorizationIssuanceCriteria>
                                <urn:TokenAuthorizationIssuanceCriterion AttrName="cpDisabled" AttrSourceId="LDAP" AttrSourceType="LDAP" ComparisonValue="true" ErrorResult="Access denied" Condition="not-equal-case-insensitive">
                                    <urn:ExprText/>
                                </urn:TokenAuthorizationIssuanceCriterion>
                            </urn:TokenAuthorizationIssuanceCriteria>
                        </urn:DefaultAttributeMapping>
                    </urn:C2cContractToAssertionMapping>
                    <urn:NameIdentifierMappingType IncludeAdditionalAttributes="false" IncludeAdditionalTransientAttributes="false"/>
                </urn:SP>
            </urn:RoleExtension>
        </md:Extensions>
        <md:NameIDFormat>urn:oasis:names:tc:SAML:1.1:nameid-format:unspecified</md:NameIDFormat>
        <md:AssertionConsumerService index="0" Location="https://saml.cloud.com/saml/acs" Binding="urn:oasis:names:tc:SAML:2.0:bindings:HTTP-POST" isDefault="true"/>
        <md:AttributeConsumingService index="0">
            <md:ServiceName xml:lang="en">AttributeContract</md:ServiceName>
            <md:RequestedAttribute Name="firstname" NameFormat="urn:oasis:names:tc:SAML:2.0:attrname-format:basic"/>
            <md:RequestedAttribute Name="cp-domain" NameFormat="urn:oasis:names:tc:SAML:2.0:attrname-format:basic"/>
            <md:RequestedAttribute Name="cip_email" NameFormat="urn:oasis:names:tc:SAML:2.0:attrname-format:basic"/>
            <md:RequestedAttribute Name="lastname" NameFormat="urn:oasis:names:tc:SAML:2.0:attrname-format:basic"/>
            <md:RequestedAttribute Name="cip_upn" NameFormat="urn:oasis:names:tc:SAML:2.0:attrname-format:basic"/>
            <md:RequestedAttribute Name="cip_sid" NameFormat="urn:oasis:names:tc:SAML:2.0:attrname-format:unspecified"/>
            <md:RequestedAttribute Name="cip_oid" NameFormat="urn:oasis:names:tc:SAML:2.0:attrname-format:unspecified"/>
            <md:RequestedAttribute Name="cip_forest" NameFormat="urn:oasis:names:tc:SAML:2.0:attrname-format:basic"/>
            <md:RequestedAttribute Name="LOGIN" NameFormat="urn:oasis:names:tc:SAML:2.0:attrname-format:basic"/>
            <md:RequestedAttribute Name="GGID" NameFormat="urn:oasis:names:tc:SAML:2.0:attrname-format:basic"/>
            <md:RequestedAttribute Name="memberOf" NameFormat="urn:oasis:names:tc:SAML:2.0:attrname-format:basic"/>
            <md:RequestedAttribute Name="email" NameFormat="urn:oasis:names:tc:SAML:2.0:attrname-format:basic"/>
            <md:RequestedAttribute Name="username" NameFormat="urn:oasis:names:tc:SAML:2.0:attrname-format:basic"/>
        </md:AttributeConsumingService>
    </md:SPSSODescriptor>
    <md:RoleDescriptor protocolSupportEnumeration="urn:oasis:names:tc:SAML:2.0:protocol" xsi:type="urn:PFAvailableCertsRoleDescriptorType" xmlns:xsi="http://www.w3.org/2001/XMLSchema-instance"/>
    <md:ContactPerson contactType="administrative"/>
</md:EntityDescriptor>