<?xml version="1.0" encoding="UTF-8"?>
<urn:PluginConfiguration isInheritExtendedContractAttributes="false" name="ActiveDirectoryPCV" xmlns:urn="urn:sourceid.org:saml2:adapter:conf">
    <urn:Fields>
        <urn:Field name="LDAP Datastore">LDAP-91DA4250FB99BFEBCA97FDA28D98E697B5122AB0</urn:Field>
        <urn:Field name="Search Base">dc=corp,dc=capgemini,dc=com</urn:Field>
        <urn:Field name="Search Filter">(&amp;(sAMAccountName=${username})(|(employeeType=employee)(employeeType=subContractor)(employeeType=Customer)(employeeType=Employee Other)(employeeType=Trainee)(employeeType=TEST)(employeeType=TEMP)(employeeType=Subcontractor Other)(employeeType=Service)(employeeType=Partner)))</urn:Field>
        <urn:Field name="Scope of Search">Subtree</urn:Field>
        <urn:Field name="Case-Sensitive Matching">true</urn:Field>
        <urn:Field name="Display Name Attribute">displayName</urn:Field>
        <urn:Field name="Mail Attribute">mail</urn:Field>
        <urn:Field name="SMS Attribute">mobile</urn:Field>
        <urn:Field name="PingID Username Attribute">sAMAccountName</urn:Field>
        <urn:Field name="Mail Search Filter"/>
        <urn:Field name="Username Attribute">sAMAccountName</urn:Field>
        <urn:Field name="Trim Username Spaces For Search">true</urn:Field>
        <urn:Field name="Mail Verified Attribute"/>
        <urn:Field name="Enable PingDirectory Detailed Password Policy Requirement Messaging">true</urn:Field>
    </urn:Fields>
    <urn:AdvancedFields>
        <urn:Field name="Display Name Attribute">displayName</urn:Field>
        <urn:Field name="Mail Attribute">mail</urn:Field>
        <urn:Field name="SMS Attribute">mobile</urn:Field>
        <urn:Field name="PingID Username Attribute">sAMAccountName</urn:Field>
        <urn:Field name="Mail Search Filter"/>
        <urn:Field name="Username Attribute">sAMAccountName</urn:Field>
        <urn:Field name="Trim Username Spaces For Search">true</urn:Field>
        <urn:Field name="Mail Verified Attribute"/>
        <urn:Field name="Enable PingDirectory Detailed Password Policy Requirement Messaging">true</urn:Field>
    </urn:AdvancedFields>
    <urn:Tables>
        <urn:Table name="Authentication Error Overrides"/>
    </urn:Tables>
    <urn:ExtendedContractAttributes>
        <urn:AttributeName>globalID</urn:AttributeName>
        <urn:AttributeName>mobile</urn:AttributeName>
        <urn:AttributeName>sn</urn:AttributeName>
        <urn:AttributeName>memberOf</urn:AttributeName>
        <urn:AttributeName>userPrincipalName</urn:AttributeName>
    </urn:ExtendedContractAttributes>
</urn:PluginConfiguration>