<?xml version="1.0" encoding="UTF-8"?>
<urn:PluginConfiguration isInheritExtendedContractAttributes="false" name="Aricent PCV" xmlns:urn="urn:sourceid.org:saml2:adapter:conf">
    <urn:Fields>
        <urn:Field name="LDAP Datastore">LDAP-6A9279F9702CB3696B96C31EA3145E265DFF9A84</urn:Field>
        <urn:Field name="Search Base">ou=AricentUsers,dc=capgemini,dc=com</urn:Field>
        <urn:Field name="Search Filter">mail=${username}</urn:Field>
        <urn:Field name="Scope of Search">Subtree</urn:Field>
        <urn:Field name="Case-Sensitive Matching">true</urn:Field>
        <urn:Field name="Display Name Attribute">displayName</urn:Field>
        <urn:Field name="Mail Attribute">mail</urn:Field>
        <urn:Field name="SMS Attribute"/>
        <urn:Field name="PingID Username Attribute"/>
        <urn:Field name="Mail Search Filter"/>
        <urn:Field name="Username Attribute"/>
        <urn:Field name="Trim Username Spaces For Search">true</urn:Field>
        <urn:Field name="Mail Verified Attribute"/>
        <urn:Field name="Enable PingDirectory Detailed Password Policy Requirement Messaging">true</urn:Field>
    </urn:Fields>
    <urn:AdvancedFields>
        <urn:Field name="Display Name Attribute">displayName</urn:Field>
        <urn:Field name="Mail Attribute">mail</urn:Field>
        <urn:Field name="SMS Attribute"/>
        <urn:Field name="PingID Username Attribute"/>
        <urn:Field name="Mail Search Filter"/>
        <urn:Field name="Username Attribute"/>
        <urn:Field name="Trim Username Spaces For Search">true</urn:Field>
        <urn:Field name="Mail Verified Attribute"/>
        <urn:Field name="Enable PingDirectory Detailed Password Policy Requirement Messaging">true</urn:Field>
    </urn:AdvancedFields>
    <urn:Tables>
        <urn:Table name="Authentication Error Overrides"/>
    </urn:Tables>
    <urn:ExtendedContractAttributes/>
</urn:PluginConfiguration>