<?xml version="1.0" encoding="UTF-8"?>
<urn:PluginConfiguration isInheritExtendedContractAttributes="false" name="Common Area Phone" xmlns:urn="urn:sourceid.org:saml2:adapter:conf">
    <urn:Fields>
        <urn:Field name="LDAP Datastore">LDAP-91DA4250FB99BFEBCA97FDA28D98E697B5122AB0</urn:Field>
        <urn:Field name="Search Base">OU=Teams CAP Phones,OU=LYNC,OU=Global Applications,DC=corp,DC=capgemini,DC=com</urn:Field>
        <urn:Field name="Search Filter">sAMAccountName=${username}</urn:Field>
        <urn:Field name="Scope of Search">Subtree</urn:Field>
        <urn:Field name="Case-Sensitive Matching">true</urn:Field>
        <urn:Field name="Display Name Attribute">displayName</urn:Field>
        <urn:Field name="Mail Attribute">mail</urn:Field>
        <urn:Field name="SMS Attribute"/>
        <urn:Field name="PingID Username Attribute"/>
        <urn:Field name="Mail Search Filter"/>
        <urn:Field name="Username Attribute"/>
        <urn:Field name="Trim Username Spaces For Search">true</urn:Field>
        <urn:Field name="Mail Verified Attribute"/>
        <urn:Field name="Enable PingDirectory Detailed Password Policy Requirement Messaging">true</urn:Field>
    </urn:Fields>
    <urn:AdvancedFields>
        <urn:Field name="Display Name Attribute">displayName</urn:Field>
        <urn:Field name="Mail Attribute">mail</urn:Field>
        <urn:Field name="SMS Attribute"/>
        <urn:Field name="PingID Username Attribute"/>
        <urn:Field name="Mail Search Filter"/>
        <urn:Field name="Username Attribute"/>
        <urn:Field name="Trim Username Spaces For Search">true</urn:Field>
        <urn:Field name="Mail Verified Attribute"/>
        <urn:Field name="Enable PingDirectory Detailed Password Policy Requirement Messaging">true</urn:Field>
    </urn:AdvancedFields>
    <urn:Tables>
        <urn:Table name="Authentication Error Overrides"/>
    </urn:Tables>
    <urn:ExtendedContractAttributes>
        <urn:AttributeName>userPrincipalName</urn:AttributeName>
    </urn:ExtendedContractAttributes>
</urn:PluginConfiguration>