<?xml version="1.0" encoding="UTF-8"?>
<urn:PluginConfiguration isInheritExtendedContractAttributes="false" name="mobilePass" xmlns:urn="urn:sourceid.org:saml2:adapter:conf">
    <urn:Fields>
        <urn:Field name="NAS Identifier">PingFederate</urn:Field>
        <urn:Field name="Timeout">30000</urn:Field>
        <urn:Field name="Retry Count">3</urn:Field>
        <urn:Field name="Allow Challenge Retries after Access-Reject">false</urn:Field>
    </urn:Fields>
    <urn:AdvancedFields>
        <urn:Field name="NAS Identifier">PingFederate</urn:Field>
        <urn:Field name="Timeout">30000</urn:Field>
        <urn:Field name="Retry Count">3</urn:Field>
        <urn:Field name="Allow Challenge Retries after Access-Reject">false</urn:Field>
    </urn:AdvancedFields>
    <urn:Tables>
        <urn:Table name="RADIUS Servers">
            <urn:Row defaultRow="false">
                <urn:Field name="Hostname">10.31.1.166</urn:Field>
                <urn:Field name="Authentication Port">1645</urn:Field>
                <urn:Field name="Authentication Protocol">PAP</urn:Field>
                <urn:Field name="Shared Secret">eyJhbGciOiJkaXIiLCJlbmMiOiJBMTI4Q0JDLUhTMjU2Iiwia2lkIjoiOVk5eHhnd2pqRiIsInZlcnNpb24iOiIxMC4yLjEuMSJ9..yupfW8fzeDMvzZ92CyLpJA.0CLG_3VA0mqlV6J-DhspOw.KxFYz2Ym1PNOcSidZZgJUQ</urn:Field>
            </urn:Row>
            <urn:Row defaultRow="false">
                <urn:Field name="Hostname">10.48.132.6</urn:Field>
                <urn:Field name="Authentication Port">1645</urn:Field>
                <urn:Field name="Authentication Protocol">PAP</urn:Field>
                <urn:Field name="Shared Secret">eyJhbGciOiJkaXIiLCJlbmMiOiJBMTI4Q0JDLUhTMjU2Iiwia2lkIjoiOVk5eHhnd2pqRiIsInZlcnNpb24iOiIxMC4yLjEuMSJ9..CzHvl7rnu8AMyCZzItgNSg.G8uV7ku3p7PlR4ml9ND3Wg.gVq_9LATeMlK3vgVaKfqIQ</urn:Field>
            </urn:Row>
            <urn:Row defaultRow="false">
                <urn:Field name="Hostname">10.47.1.213</urn:Field>
                <urn:Field name="Authentication Port">1645</urn:Field>
                <urn:Field name="Authentication Protocol">PAP</urn:Field>
                <urn:Field name="Shared Secret">eyJhbGciOiJkaXIiLCJlbmMiOiJBMTI4Q0JDLUhTMjU2Iiwia2lkIjoiOVk5eHhnd2pqRiIsInZlcnNpb24iOiIxMC4yLjEuMSJ9..XbX29ZjfjzsXgFlKVZI8Qg.UEpo69HnBfWxxtDLFMbG1Q.gsF4I_jaUgxIkMQgVBmEQQ</urn:Field>
            </urn:Row>
        </urn:Table>
    </urn:Tables>
    <urn:ExtendedContractAttributes/>
</urn:PluginConfiguration>