<?xml version="1.0" encoding="UTF-8"?>
<urn:PluginConfiguration isInheritExtendedContractAttributes="false" name="PingOne Simple PCV 1" xmlns:urn="urn:sourceid.org:saml2:adapter:conf">
    <urn:Fields/>
    <urn:AdvancedFields/>
    <urn:Tables>
        <urn:Table name="Users">
            <urn:Row defaultRow="false">
                <urn:Field name="Username">joe</urn:Field>
                <urn:Field name="Password">OPw6WrqGRyabKKHWYhSnC7cjhtvGrZJ7oNJtYiO3V-U.VmqhhnIx.2</urn:Field>
                <urn:Field name="Confirm Password">OPw6WrqGRyabKKHWYhSnC7cjhtvGrZJ7oNJtYiO3V-U.VmqhhnIx.2</urn:Field>
            </urn:Row>
            <urn:Row defaultRow="false">
                <urn:Field name="Username">sarah</urn:Field>
                <urn:Field name="Password">jojQ_uQmWshpEYoglR3pSqhotQEcDuEwN8DgZfIdUkA.PEfuhtC2.2</urn:Field>
                <urn:Field name="Confirm Password">jojQ_uQmWshpEYoglR3pSqhotQEcDuEwN8DgZfIdUkA.PEfuhtC2.2</urn:Field>
            </urn:Row>
        </urn:Table>
    </urn:Tables>
</urn:PluginConfiguration>