<?xml version="1.0" encoding="UTF-8"?>
<urn:PluginConfiguration isInheritExtendedContractAttributes="false" name="PingDirectoryUsers" xmlns:urn="urn:sourceid.org:saml2:adapter:conf">
    <urn:Fields>
        <urn:Field name="LDAP Datastore">LDAP-6A9279F9702CB3696B96C31EA3145E265DFF9A84</urn:Field>
        <urn:Field name="Search Base">ou=CorpUsers,dc=capgemini,dc=com</urn:Field>
        <urn:Field name="Search Filter">(&amp;(objectClass=cpPerson)(cpSAMAccountName=${username}))</urn:Field>
        <urn:Field name="PingID Username Attribute">cpSAMAccountName</urn:Field>
    </urn:Fields>
    <urn:AdvancedFields>
        <urn:Field name="PingID Username Attribute">cpSAMAccountName</urn:Field>
    </urn:AdvancedFields>
    <urn:Tables/>
    <urn:ExtendedContractAttributes>
        <urn:AttributeName>cpBucode</urn:AttributeName>
        <urn:AttributeName>cpUpn</urn:AttributeName>
        <urn:AttributeName>cpGlobalID</urn:AttributeName>
        <urn:AttributeName>manager</urn:AttributeName>
        <urn:AttributeName>displayName</urn:AttributeName>
        <urn:AttributeName>cpSAMAccountName</urn:AttributeName>
        <urn:AttributeName>co</urn:AttributeName>
        <urn:AttributeName>cpGrade</urn:AttributeName>
        <urn:AttributeName>employeeNumber</urn:AttributeName>
        <urn:AttributeName>cpMobile</urn:AttributeName>
        <urn:AttributeName>employeeType</urn:AttributeName>
        <urn:AttributeName>cpObjectGUID</urn:AttributeName>
        <urn:AttributeName>cpPrimaryGroupId</urn:AttributeName>
        <urn:AttributeName>cpObjectSid</urn:AttributeName>
        <urn:AttributeName>isMemberOf</urn:AttributeName>
        <urn:AttributeName>sn</urn:AttributeName>
        <urn:AttributeName>cpBusinessUnit</urn:AttributeName>
    </urn:ExtendedContractAttributes>
</urn:PluginConfiguration>