<?xml version="1.0" encoding="UTF-8"?>
<urn:PluginConfiguration isInheritExtendedContractAttributes="false" name="PingOne Simple PCV" xmlns:urn="urn:sourceid.org:saml2:adapter:conf">
    <urn:Fields/>
    <urn:AdvancedFields/>
    <urn:Tables>
        <urn:Table name="Users">
            <urn:Row defaultRow="false">
                <urn:Field name="Username">joe</urn:Field>
                <urn:Field name="Password">V2KZdHtj5EyVRcx-ko_I9L793d1mheiI-TvnRbyJiz8.Kj9aX9hC.2</urn:Field>
                <urn:Field name="Confirm Password">V2KZdHtj5EyVRcx-ko_I9L793d1mheiI-TvnRbyJiz8.Kj9aX9hC.2</urn:Field>
                <urn:Field name="Relax Password Requirements"/>
            </urn:Row>
            <urn:Row defaultRow="false">
                <urn:Field name="Username">sarah</urn:Field>
                <urn:Field name="Password">R-S4GYu6nDMs1A_PnJN6AkQQ8VT2A_YQXrjwYXhtIG0.hLr_KhA-.2</urn:Field>
                <urn:Field name="Confirm Password">R-S4GYu6nDMs1A_PnJN6AkQQ8VT2A_YQXrjwYXhtIG0.hLr_KhA-.2</urn:Field>
                <urn:Field name="Relax Password Requirements"/>
            </urn:Row>
            <urn:Row defaultRow="false">
                <urn:Field name="Username">mark</urn:Field>
                <urn:Field name="Password">lhA7ErTZE6sKLVjkQO5o6847u2Ab-VGFVgbLpyzb6zY.lt3n70sL.2</urn:Field>
                <urn:Field name="Confirm Password">OTH47UCUeYF4QUbiHjbFlQuLVxoGKdUKF8DQbCf1nhk.Bdkl_GuB.2</urn:Field>
                <urn:Field name="Relax Password Requirements">false</urn:Field>
            </urn:Row>
            <urn:Row defaultRow="false">
                <urn:Field name="Username">rob</urn:Field>
                <urn:Field name="Password">kzWxiRhmcUxpMbJff9pI3f5gQ5FHtjkPigIYgBFCC64.-dnHCkYV.2</urn:Field>
                <urn:Field name="Confirm Password">bVpUA7nW71Jl4SDnxTOyO8Zj6fnbswbVUyvUK04jkgs.v0VrxyxK.2</urn:Field>
                <urn:Field name="Relax Password Requirements">false</urn:Field>
            </urn:Row>
        </urn:Table>
    </urn:Tables>
</urn:PluginConfiguration>