<saasProvisioner version="1.0" enableSaasProvisionerGUI="true" internalDataSourceId="JDBC-2B2F4C0D3163E5F0F2F4110961BBB117E1A6E2C8" syncInterval="120" encryptDBSaasIdentities="true" xmlns="http://pingidentity.com/2008/06/saas-provisioner">
  <saasProvisionerEntity>
    <entityId>https://samlsp.private.zscaler.com/auth/metadata/288261165698514961</entityId>
    <target id="ZPA">
      <parameter name="BASE_URL" value="https://scim3.private.zscaler.com/scim/1/288261165698514961/v2"/>
      <parameter name="BEARER_TOKEN" value="OBF:JWE:eyJhbGciOiJkaXIiLCJlbmMiOiJBMTI4Q0JDLUhTMjU2Iiwia2lkIjoiOVk5eHhnd2pqRiIsInZlcnNpb24iOiIxMS4zLjEwLjAifQ..xQNGoIuTkvSlujbUyjbBUA._tCt4RyNfz1uitqXe0qoHN5tiVnQjELf9tKAC4YUm8B8sbP5fQuOhQL6T7mh6KiQFu4eaLJzck2zfD7kO3ku0TssrRZqbYbe8F5hXIbxLpHdPNhmRAh3D5O0DR9RfdWB.eKfwOpedjfLq3r6mS6bHKA"/>
      <parameter name="Provisioning Options" value=""/>
      <parameter name="CREATE_USERS_PROV_OPT" value="true"/>
      <parameter name="UPDATE_USERS_PROV_OPT" value="true"/>
      <parameter name="REMOVE_USERS_PROV_OPT" value="true"/>
      <parameter name="REMOVE_ACTION" value="Disable"/>
    </target>
    <channel id="4" name="SCIM_ZPA_UD_V1_29072024" active="true">
      <maxThreads>1</maxThreads>
      <timeout>1200</timeout>
      <source dataSourceId="LDAP-1397C5682D2C24DCC18DD85F2F94631CF3B1F66A">
        <ldapGuidFormatter guidAttributeName="entryUUID" guidIsBinary="false"/>
        <usersBaseDN>ou=ZPA,ou=Services,dc=capgemini,dc=com</usersBaseDN>
        <filter>(objectClass=cpAccount)</filter>
        <memberOfGroupAttributeName>isMemberOf</memberOfGroupAttributeName>
        <groupFilterForGroups>(objectClass=groupOfNames)</groupFilterForGroups>
        <groupMemberAttributeName>member</groupMemberAttributeName>
        <changedUsersAlgorithm>Timestamp No Negation</changedUsersAlgorithm>
        <timestampAttributeName>modifyTimestamp</timestampAttributeName>
        <userObjectClass>cpAccount</userObjectClass>
        <groupObjectClass>top</groupObjectClass>
        <directoryIdentityAttributesMapper statusReader="Flag">
          <attributeName>nsaccountlock</attributeName>
          <default>true</default>
          <comparisonValue>true</comparisonValue>
          <comparisonValueStatus>false</comparisonValueStatus>
        </directoryIdentityAttributesMapper>
        <userNestedSearch>false</userNestedSearch>
        <groupNestedSearch>false</groupNestedSearch>
      </source>
      <saasUsernameFieldCode>userName</saasUsernameFieldCode>
      <identityMappingField fieldName="userName">
        <fieldInfo code="userName" label="Username">
          <required>true</required>
          <unique>true</unique>
          <attributeGroup>false</attributeGroup>
        </fieldInfo>
        <fieldConfig>
          <attributes>cpUpn</attributes>
        </fieldConfig>
      </identityMappingField>
      <identityMappingField fieldName="displayName">
        <fieldInfo code="displayName" label="Display Name">
          <required>true</required>
          <attributeGroup>false</attributeGroup>
        </fieldInfo>
        <fieldConfig>
          <attributes>cpIdDisplayName</attributes>
        </fieldConfig>
      </identityMappingField>
      <identityMappingField fieldName="costCenter">
        <fieldInfo code="costCenter" label="Cost Center">
          <attributeGroup>false</attributeGroup>
        </fieldInfo>
        <fieldConfig/>
      </identityMappingField>
      <identityMappingField fieldName="department">
        <fieldInfo code="department" label="Department">
          <attributeGroup>false</attributeGroup>
        </fieldInfo>
        <fieldConfig>
          <attributes>cpIdDepartment</attributes>
        </fieldConfig>
      </identityMappingField>
      <identityMappingField fieldName="division">
        <fieldInfo code="division" label="Division">
          <attributeGroup>false</attributeGroup>
        </fieldInfo>
        <fieldConfig/>
      </identityMappingField>
      <identityMappingField fieldName="email">
        <fieldInfo code="email" label="Email">
          <attributeGroup>false</attributeGroup>
        </fieldInfo>
        <fieldConfig>
          <attributes>cpUpn</attributes>
        </fieldConfig>
      </identityMappingField>
      <identityMappingField fieldName="externalID">
        <fieldInfo code="externalID" label="External ID">
          <attributeGroup>false</attributeGroup>
        </fieldInfo>
        <fieldConfig/>
      </identityMappingField>
      <identityMappingField fieldName="firstName">
        <fieldInfo code="firstName" label="First Name">
          <attributeGroup>false</attributeGroup>
        </fieldInfo>
        <fieldConfig>
          <attributes>cpIdGivenName</attributes>
        </fieldConfig>
      </identityMappingField>
      <identityMappingField fieldName="formattedName">
        <fieldInfo code="formattedName" label="Formatted Name">
          <attributeGroup>false</attributeGroup>
        </fieldInfo>
        <fieldConfig/>
      </identityMappingField>
      <identityMappingField fieldName="lastName">
        <fieldInfo code="lastName" label="Last Name">
          <attributeGroup>false</attributeGroup>
        </fieldInfo>
        <fieldConfig>
          <attributes>cpIdSn</attributes>
        </fieldConfig>
      </identityMappingField>
      <identityMappingField fieldName="nickName">
        <fieldInfo code="nickName" label="Nickname">
          <attributeGroup>false</attributeGroup>
        </fieldInfo>
        <fieldConfig/>
      </identityMappingField>
      <identityMappingField fieldName="organization">
        <fieldInfo code="organization" label="Organization">
          <attributeGroup>false</attributeGroup>
        </fieldInfo>
        <fieldConfig/>
      </identityMappingField>
      <identityMappingField fieldName="userType">
        <fieldInfo code="userType" label="User Type">
          <attributeGroup>false</attributeGroup>
        </fieldInfo>
        <fieldConfig>
          <attributes>cpAccountType</attributes>
        </fieldConfig>
      </identityMappingField>
    </channel>
    <Scim/>
  </saasProvisionerEntity>
  <saasProvisionerEntity>
    <entityId>zscaler.net</entityId>
    <target id="ZIA">
      <parameter name="BASE_URL" value="https://scim.zscaler.net/81242599/450197/scim"/>
      <parameter name="BEARER_TOKEN" value="OBF:JWE:eyJhbGciOiJkaXIiLCJlbmMiOiJBMTI4Q0JDLUhTMjU2Iiwia2lkIjoiOVk5eHhnd2pqRiIsInZlcnNpb24iOiIxMS4zLjEwLjAifQ..9cS_pGQ6lMFT3C-GaxLtRw.IT1ZU_-RZ0VEGs94XzmRdNLFA6qArv4x_Kwx-6LyLgsObxjyUUOlpue4_uYgxbKvCFpS9cb0a3DOfAdMh9h1lvS0umuuu1AvG7ITghNeOKA.pyJOu9vmoJ_qQKGRA-NwCA"/>
      <parameter name="Provisioning Options" value=""/>
      <parameter name="CREATE_USERS_PROV_OPT" value="true"/>
      <parameter name="UPDATE_USERS_PROV_OPT" value="true"/>
      <parameter name="REMOVE_USERS_PROV_OPT" value="true"/>
    </target>
    <channel id="3" name="SCIM_zscaler_12042024" active="true">
      <maxThreads>16</maxThreads>
      <timeout>75</timeout>
      <source dataSourceId="LDAP-1397C5682D2C24DCC18DD85F2F94631CF3B1F66A">
        <ldapGuidFormatter guidAttributeName="entryUUID" guidIsBinary="false"/>
        <usersBaseDN>ou=ZIA,ou=Services,dc=capgemini,dc=com</usersBaseDN>
        <filter>(objectClass=cpAccount)</filter>
        <memberOfGroupAttributeName>isMemberOf</memberOfGroupAttributeName>
        <groupFilterForGroups>(objectClass=groupOfNames)</groupFilterForGroups>
        <groupMemberAttributeName>member</groupMemberAttributeName>
        <changedUsersAlgorithm>Timestamp No Negation</changedUsersAlgorithm>
        <timestampAttributeName>modifyTimestamp</timestampAttributeName>
        <userObjectClass>cpAccount</userObjectClass>
        <groupObjectClass>top</groupObjectClass>
        <directoryIdentityAttributesMapper statusReader="Flag">
          <attributeName>nsaccountlock</attributeName>
          <default>true</default>
          <comparisonValue>true</comparisonValue>
          <comparisonValueStatus>false</comparisonValueStatus>
        </directoryIdentityAttributesMapper>
        <userNestedSearch>false</userNestedSearch>
        <groupNestedSearch>false</groupNestedSearch>
      </source>
      <saasUsernameFieldCode>userName</saasUsernameFieldCode>
      <identityMappingField fieldName="userName">
        <fieldInfo code="userName" label="Username">
          <required>true</required>
          <unique>true</unique>
          <attributeGroup>false</attributeGroup>
        </fieldInfo>
        <fieldConfig>
          <attributes>cpUpn</attributes>
        </fieldConfig>
      </identityMappingField>
      <identityMappingField fieldName="displayName">
        <fieldInfo code="displayName" label="Display Name">
          <required>true</required>
          <attributeGroup>false</attributeGroup>
        </fieldInfo>
        <fieldConfig>
          <attributes>cpIdDisplayName</attributes>
        </fieldConfig>
      </identityMappingField>
      <identityMappingField fieldName="department">
        <fieldInfo code="department" label="Department">
          <attributeGroup>false</attributeGroup>
        </fieldInfo>
        <fieldConfig>
          <attributes>co</attributes>
        </fieldConfig>
      </identityMappingField>
      <identityMappingField fieldName="email">
        <fieldInfo code="email" label="Email">
          <attributeGroup>false</attributeGroup>
        </fieldInfo>
        <fieldConfig>
          <attributes>cpUpn</attributes>
        </fieldConfig>
      </identityMappingField>
      <identityMappingField fieldName="externalID">
        <fieldInfo code="externalID" label="External ID">
          <attributeGroup>false</attributeGroup>
        </fieldInfo>
        <fieldConfig/>
      </identityMappingField>
      <identityMappingField fieldName="firstName">
        <fieldInfo code="firstName" label="First Name">
          <attributeGroup>false</attributeGroup>
        </fieldInfo>
        <fieldConfig>
          <attributes>cpIdGivenName</attributes>
        </fieldConfig>
      </identityMappingField>
      <identityMappingField fieldName="lastName">
        <fieldInfo code="lastName" label="Last Name">
          <attributeGroup>false</attributeGroup>
        </fieldInfo>
        <fieldConfig>
          <attributes>cpIdSn</attributes>
        </fieldConfig>
      </identityMappingField>
    </channel>
    <Scim/>
  </saasProvisionerEntity>
</saasProvisioner>