<?xml version="1.0" encoding="UTF-8"?>
<urn:PluginConfiguration isInheritExtendedContractAttributes="false" name="mailtrap" xmlns:urn="urn:sourceid.org:saml2:adapter:conf">
    <urn:Fields>
        <urn:Field name="From Address">noreply@pingidentity.com</urn:Field>
        <urn:Field name="Email Server">smtp.mailtrap.io</urn:Field>
        <urn:Field name="SMTP Port">25</urn:Field>
        <urn:Field name="Encryption Method">NONE</urn:Field>
        <urn:Field name="SMTPS Port">465</urn:Field>
        <urn:Field name="Verify Hostname">true</urn:Field>
        <urn:Field name="UTF-8 Message Header Support">false</urn:Field>
        <urn:Field name="Username">1c9ebbb9e41a46</urn:Field>
        <urn:Field name="Password">eyJhbGciOiJkaXIiLCJlbmMiOiJBMTI4Q0JDLUhTMjU2Iiwia2lkIjoiOVk5eHhnd2pqRiIsInZlcnNpb24iOiIxMC4yLjEuMSJ9..2KhFe1TeGr9etKyw2jm7Cw.ogXuna2NP3g7V33wFxQc0A.7mjQfAPTlojs_vjb71jJyg</urn:Field>
        <urn:Field name="Test Address">robert.greenman@gmail.com</urn:Field>
        <urn:Field name="Connection Timeout">30</urn:Field>
        <urn:Field name="Retry Attempt">2</urn:Field>
        <urn:Field name="Retry Delay">2</urn:Field>
        <urn:Field name="Enable SMTP Debugging Messages">false</urn:Field>
    </urn:Fields>
    <urn:AdvancedFields>
        <urn:Field name="com.pingidentity.plugin.instanceid">mailtrap</urn:Field>
        <urn:Field name="Connection Timeout">30</urn:Field>
        <urn:Field name="Retry Attempt">2</urn:Field>
        <urn:Field name="Retry Delay">2</urn:Field>
        <urn:Field name="Enable SMTP Debugging Messages">false</urn:Field>
    </urn:AdvancedFields>
    <urn:Tables/>
</urn:PluginConfiguration>