<?xml version="1.0" encoding="UTF-8"?>
<urn:PluginConfiguration isInheritExtendedContractAttributes="false" name="SMS" xmlns:urn="urn:sourceid.org:saml2:adapter:conf">
    <urn:Fields>
        <urn:Field name="Account SID">ACeca6da84fdc88846d3d48bb0a1b235e6</urn:Field>
        <urn:Field name="Auth Token">eyJhbGciOiJkaXIiLCJlbmMiOiJBMTI4Q0JDLUhTMjU2Iiwia2lkIjoiOVk5eHhnd2pqRiIsInZlcnNpb24iOiIxMC4xLjQuMCJ9.._A1SdzYsNBVCop_ZDqfECA.baW3HTyfF0GWDNtNPplb337V7_mwGtwHNOxwTbebxMYsJ-tb5i6AQmFO_JAhMadV.CF_aE4hD19RVCgMnFW0Lpg</urn:Field>
        <urn:Field name="From Number">+16196584513</urn:Field>
        <urn:Field name="Delivery Method">SMS</urn:Field>
        <urn:Field name="Block VoIP Numbers">false</urn:Field>
        <urn:Field name="Blocked Numbers">+1800,+1888,+1877,+1866,+1855,+1844,+1833</urn:Field>
        <urn:Field name="Test Phone">+919867284569</urn:Field>
        <urn:Field name="Messages File">twilio-programmable-api-publisher-messages</urn:Field>
        <urn:Field name="Voice Option">Woman</urn:Field>
        <urn:Field name="Other Voice Option"/>
        <urn:Field name="API Request Timeout">5000</urn:Field>
        <urn:Field name="Connection Timeout">5000</urn:Field>
        <urn:Field name="Proxy Settings">System Defaults</urn:Field>
        <urn:Field name="Custom Proxy Host"/>
        <urn:Field name="Custom Proxy Port"/>
    </urn:Fields>
    <urn:AdvancedFields>
        <urn:Field name="Messages File">twilio-programmable-api-publisher-messages</urn:Field>
        <urn:Field name="Voice Option">Woman</urn:Field>
        <urn:Field name="Other Voice Option"/>
        <urn:Field name="API Request Timeout">5000</urn:Field>
        <urn:Field name="Connection Timeout">5000</urn:Field>
        <urn:Field name="Proxy Settings">System Defaults</urn:Field>
        <urn:Field name="Custom Proxy Host"/>
        <urn:Field name="Custom Proxy Port"/>
    </urn:AdvancedFields>
    <urn:Tables/>
</urn:PluginConfiguration>