<?xml version="1.0" encoding="UTF-8"?>
<urn:PluginConfiguration isInheritExtendedContractAttributes="false" name="SMS Verify" xmlns:urn="urn:sourceid.org:saml2:adapter:conf">
    <urn:Fields>
        <urn:Field name="Account SID">ACeca6da84fdc88846d3d48bb0a1b235e6</urn:Field>
        <urn:Field name="Auth Token">eyJhbGciOiJkaXIiLCJlbmMiOiJBMTI4Q0JDLUhTMjU2Iiwia2lkIjoiOVk5eHhnd2pqRiIsInZlcnNpb24iOiIxMC4yLjQuMyJ9..tsLNIuLDuhiSpdytkDZI2w.nPitWvkK3vdErA4UAUxt02ncsz_3FvDjw25EgOH8hna1BV52ARzccJ-8czfnwLOX.5XXvuJvIT5HFADQZBu-ZFQ</urn:Field>
        <urn:Field name="Service Id">VA2e21ecbd891f4def258be1656ffedf90</urn:Field>
        <urn:Field name="Delivery Method">SMS</urn:Field>
        <urn:Field name="Block VoIP Numbers">false</urn:Field>
        <urn:Field name="Blocked Numbers">+1800,+1888,+1877,+1866,+1855,+1844,+1833</urn:Field>
        <urn:Field name="Test Mail"/>
        <urn:Field name="Test Phone">+919867284569</urn:Field>
        <urn:Field name="API Request Timeout">5000</urn:Field>
        <urn:Field name="Connection Timeout">5000</urn:Field>
        <urn:Field name="Proxy Settings">System Defaults</urn:Field>
        <urn:Field name="Custom Proxy Host"/>
        <urn:Field name="Custom Proxy Port"/>
    </urn:Fields>
    <urn:AdvancedFields>
        <urn:Field name="API Request Timeout">5000</urn:Field>
        <urn:Field name="Connection Timeout">5000</urn:Field>
        <urn:Field name="Proxy Settings">System Defaults</urn:Field>
        <urn:Field name="Custom Proxy Host"/>
        <urn:Field name="Custom Proxy Port"/>
    </urn:AdvancedFields>
    <urn:Tables/>
</urn:PluginConfiguration>