<?xml version="1.0" encoding="UTF-8"?>
<c2c:c2cContract id="2saM58A93PCa2c6M" name="Capgemini Policy Contract" xmlns:c2c="http://pingidentity.com/2014/10/c2cContracts">
    <c2c:extendedAttributes>
        <c2c:attr name="EntityLevel1"/>
        <c2c:attr name="EntityLevel2"/>
        <c2c:attr name="Company"/>
        <c2c:attr name="EntityLevel3"/>
        <c2c:attr name="telephoneNumber"/>
        <c2c:attr name="EntityLevel4"/>
        <c2c:attr name="mail"/>
        <c2c:attr name="displayName"/>
        <c2c:attr name="title"/>
        <c2c:attr name="Manager"/>
        <c2c:attr name="BUCode"/>
        <c2c:attr name="GlobalID"/>
        <c2c:attr name="Department"/>
        <c2c:attr name="emailAddress"/>
        <c2c:attr name="MemberOf"/>
        <c2c:attr name="sn"/>
        <c2c:attr name="userPrincipalName"/>
        <c2c:attr name="deviceType"/>
        <c2c:attr name="physicalDeliveryOfficeName"/>
        <c2c:attr name="FirstName"/>
        <c2c:attr name="mobile"/>
        <c2c:attr name="EmployeeNumber"/>
        <c2c:attr name="Grade"/>
        <c2c:attr name="ExternalMail"/>
        <c2c:attr name="EmployeeType"/>
        <c2c:attr name="BusinessUnit"/>
        <c2c:attr name="Region"/>
        <c2c:attr name="Country"/>
        <c2c:attr name="location"/>
    </c2c:extendedAttributes>
</c2c:c2cContract>