<?xml version="1.0" encoding="UTF-8"?>
<loc:localIdentity profileId="o53V00PPtnnmmGQW" profileName="LIP" contractId="7jDEcLMTxY363Rbr" profileEnabled="false" registrationEnabled="false" xmlns:loc="http://pingidentity.com/2017/07/localIdentity">
    <loc:auth-sources>
        <loc:auth-source id="Ajz4yK1eZua22e6t" name="pingID">
            <loc:update-policy attributeStorageEnabled="false" retainAttributes="false" updateAttributes="false" updateInterval="0.0"/>
        </loc:auth-source>
        <loc:auth-source id="j6YvgGS303Mfx2XV" name="mobilePASS">
            <loc:update-policy attributeStorageEnabled="false" retainAttributes="false" updateAttributes="false" updateInterval="0.0"/>
        </loc:auth-source>
        <loc:auth-source id="TAAbecnhVRYBuFbe" name="emailOTP">
            <loc:update-policy attributeStorageEnabled="false" retainAttributes="false" updateAttributes="false" updateInterval="0.0"/>
        </loc:auth-source>
    </loc:auth-sources>
</loc:localIdentity>