<?xml version="1.0" encoding="UTF-8"?>
<md:EntityDescriptor entityID="https://e-3dcollab-temp.capgemini.com:443/" urn:name="https://e-3dcollab-temp.capgemini.com:443/" ID="ENKJNf9qX6vhr4Uua47zp4pfHK." urn:LogLevel="STANDARD" urn:isActive="false" urn:applicationName="https://e-3dcollab-temp.capgemini.com" urn:applicationIcon="https://e-3dcollab-temp.capgemini.com" xmlns:md="urn:oasis:names:tc:SAML:2.0:metadata" xmlns:urn="urn:sourceid.org:saml2:metadata-extension:v2">
    <md:Extensions>
        <urn:EntityExtension PFVersion="11.3.8.0" LicenseGroup="">
            <urn:DigitialSignatureAliases SigningKeyAlias="q1fzuwf6k3fiyk7y8cv5bhux8" includeX509inXmlSig="true" includeRawKeyInXmlSig="false" SigningAlgorithm="http://www.w3.org/2001/04/xmldsig-more#rsa-sha256"/>
            <urn:Encryption>
                <urn:EncryptionPolicy EncryptionAlgorithm="http://www.w3.org/2001/04/xmlenc#aes128-cbc" KeyTransportAlgorithm="http://www.w3.org/2001/04/xmlenc#rsa-oaep-mgf1p" EncryptAssertion="false" EncryptSubjectNameID="false" SLOEncryptSubjectNameID="false"/>
                <urn:DecryptionPolicy AssertionEncrypted="false" SubjectNameIDEncrypted="false" AttributeEncrypted="false" SLOSubjectNameIDEncrypted="false"/>
            </urn:Encryption>
            <urn:ConnectionTemplateProperties/>
            <urn:MetadataUrlId xsi:nil="true" xmlns:xsi="http://www.w3.org/2001/XMLSchema-instance"/>
            <urn:enableAutoMetadataUpdate>false</urn:enableAutoMetadataUpdate>
            <urn:alwaysSignArtifactResponse>false</urn:alwaysSignArtifactResponse>
            <urn:AdditionalAllowedEntitiesConfiguration>
                <urn:AllowAdditionalEntities>false</urn:AllowAdditionalEntities>
                <urn:AllowAllEntities>false</urn:AllowAllEntities>
                <urn:AdditionalAllowedEntities/>
            </urn:AdditionalAllowedEntitiesConfiguration>
            <urn:ExtendedProperties name="auth_level" value="Collab Apps"/>
        </urn:EntityExtension>
    </md:Extensions>
    <md:SPSSODescriptor protocolSupportEnumeration="WSFED" AuthnRequestsSigned="false" WantAssertionsSigned="false" SignResponseAsRequired="true">
        <md:Extensions>
            <urn:RoleExtension ArtifactTimeoutSeconds="60" LastModified="2025-03-05T18:53:20.291Z">
                <urn:IncomingBindings Artifact="true" POST="true" Redirect="true" SOAP="true"/>
                <urn:EnabledProfiles IDPInitiatedSSO="true" IDPInitiatedSLO="true" SPInitiatedSSO="true" SPInitiatedSLO="true"/>
                <urn:SP AssertionValidityAfterMinutes="60" AssertionValidityBeforeMinutes="60" ConnectionTargetType="Standard" EnableCDCDuringSSO="false">
                    <urn:C2cContractToAssertionMapping AbortIfNotFoundInAnyDataSources="false" RestrictVirtualServerIds="false" C2cContractId="2saM58A93PCa2c6M" C2cContractName="Capgemini Policy Contract">
                        <urn:DefaultAttributeMapping>
                            <urn:AttributeMap Name="upn" Type="LDAP" AttributeSourceId="LDAP">
                                <urn:ValueText>userPrincipalName</urn:ValueText>
                            </urn:AttributeMap>
                            <urn:AttributeMap Name="role" Type="LDAP" AttributeSourceId="LDAP">
                                <urn:ValueText>memberOf</urn:ValueText>
                            </urn:AttributeMap>
                            <urn:AttributeMap Name="emailaddress" Type="Authentication Policy Contract">
                                <urn:ValueText>mail</urn:ValueText>
                            </urn:AttributeMap>
                            <urn:AttributeMap Name="SAML_SUBJECT" Type="Text">
                                <urn:ValueText>urn:oasis:names:tc:SAML:1.1:nameid-format:unspecified</urn:ValueText>
                            </urn:AttributeMap>
                            <urn:AttributeMap Name="primarygroupid" Type="LDAP" AttributeSourceId="LDAP">
                                <urn:ValueText>primaryGroupID</urn:ValueText>
                            </urn:AttributeMap>
                            <urn:AttributeMap Name="windowsaccountname" Type="Authentication Policy Contract">
                                <urn:ValueText>subject</urn:ValueText>
                            </urn:AttributeMap>
                            <urn:AttributeSource Id="LDAP" Description="LDAP" Type="LDAP" DataSourceId="LDAP-91DA4250FB99BFEBCA97FDA28D98E697B5122AB0">
                                <urn:Parameter Name="filter" Value="sAMAccountName=${subject}"/>
                                <urn:Parameter Name="search_base" Value="dc=corp,dc=capgemini,dc=com"/>
                                <urn:Parameter Name="search_attributes" Value="Subject DN,memberOf,primaryGroupID,userPrincipalName"/>
                                <urn:Parameter Name="search_scope" Value="SUBTREE_SCOPE"/>
                                <urn:Parameter Name="memberof_nested_group" Value="false"/>
                            </urn:AttributeSource>
                            <urn:TokenAuthorizationIssuanceCriteria/>
                        </urn:DefaultAttributeMapping>
                    </urn:C2cContractToAssertionMapping>
                    <urn:NameIdentifierMappingType IncludeAdditionalAttributes="false" IncludeAdditionalTransientAttributes="false"/>
                    <urn:WsFedSettings>
                        <urn:TokenType>SAML11</urn:TokenType>
                        <urn:WsTrustVersion>1.2</urn:WsTrustVersion>
                    </urn:WsFedSettings>
                </urn:SP>
                <urn:RedirectValidationWhitelist>
                    <urn:UrlWhitelistEntry RequireHttps="true" AllowQueryAndFragment="true" Path="" DomainPattern="e-3dcollab-temp.capgemini.com"/>
                </urn:RedirectValidationWhitelist>
            </urn:RoleExtension>
        </md:Extensions>
        <md:SingleLogoutService Binding="wsfed:prp:http:get" Location="https://e-3dcollab-temp.capgemini.com:443/_trust/"/>
        <md:NameIDFormat>http://schemas.xmlsoap.org/claims/UPN</md:NameIDFormat>
        <md:AssertionConsumerService index="1" Location="https://e-3dcollab-temp.capgemini.com:443/_trust/" Binding="wsfed:prp:http:post" isDefault="true"/>
        <md:AttributeConsumingService index="0">
            <md:ServiceName xml:lang="en">AttributeContract</md:ServiceName>
            <md:RequestedAttribute Name="upn" NameFormat="http://schemas.xmlsoap.org/ws/2005/05/identity/claims"/>
            <md:RequestedAttribute Name="emailaddress" NameFormat="http://schemas.xmlsoap.org/ws/2005/05/identity/claims"/>
            <md:RequestedAttribute Name="role" NameFormat="http://schemas.microsoft.com/ws/2008/06/identity/claims"/>
            <md:RequestedAttribute Name="primarygroupid" NameFormat="http://schemas.xmlsoap.org/claims"/>
            <md:RequestedAttribute Name="windowsaccountname" NameFormat="http://schemas.microsoft.com/ws/2008/06/identity/claims"/>
        </md:AttributeConsumingService>
    </md:SPSSODescriptor>
    <md:RoleDescriptor protocolSupportEnumeration="urn:oasis:names:tc:SAML:2.0:protocol" xsi:type="urn:PFAvailableCertsRoleDescriptorType" xmlns:xsi="http://www.w3.org/2001/XMLSchema-instance"/>
    <md:ContactPerson contactType="administrative">
        <md:GivenName>SCTASK9836462_ITAAS</md:GivenName>
        <md:SurName>Request</md:SurName>
        <md:EmailAddress>harsha-balkrishna.shelke@capgemini.com</md:EmailAddress>
    </md:ContactPerson>
</md:EntityDescriptor>