<?xml version="1.0" encoding="UTF-8"?>
<md:EntityDescriptor entityID="https://mefpd-fse-pl.pl.s2-eu.capgemini.com/" urn:name="https://mefpd-fse-pl.pl.s2-eu.capgemini.com/" ID="qA6-bzKNX.9wRptyS097-ElpC9v" urn:baseUrl="https://mefpd-fse-pl.pl.s2-eu.capgemini.com" urn:LogLevel="STANDARD" urn:isActive="true" urn:applicationName="Stack Indus APP" urn:applicationIcon="https://mefpd-fse-pl.pl.s2-eu.capgemini.com/" xmlns:md="urn:oasis:names:tc:SAML:2.0:metadata" xmlns:urn="urn:sourceid.org:saml2:metadata-extension:v2">
    <md:Extensions>
        <urn:EntityExtension PFVersion="11.3.10.0" LicenseGroup="">
            <urn:DigitialSignatureAliases SigningKeyAlias="gyd2rbxfw9suj3gi4g0r7td06" includeX509inXmlSig="false" includeRawKeyInXmlSig="false" SigningAlgorithm="http://www.w3.org/2001/04/xmldsig-more#rsa-sha256"/>
            <urn:Encryption>
                <urn:EncryptionPolicy EncryptionAlgorithm="http://www.w3.org/2001/04/xmlenc#aes128-cbc" KeyTransportAlgorithm="http://www.w3.org/2001/04/xmlenc#rsa-oaep-mgf1p" EncryptAssertion="false" EncryptSubjectNameID="false" SLOEncryptSubjectNameID="false"/>
                <urn:DecryptionPolicy AssertionEncrypted="false" SubjectNameIDEncrypted="false" AttributeEncrypted="false" SLOSubjectNameIDEncrypted="false"/>
            </urn:Encryption>
            <urn:MetadataUrlId xsi:nil="true" xmlns:xsi="http://www.w3.org/2001/XMLSchema-instance"/>
            <urn:enableAutoMetadataUpdate>false</urn:enableAutoMetadataUpdate>
            <urn:alwaysSignArtifactResponse>false</urn:alwaysSignArtifactResponse>
            <urn:AdditionalAllowedEntitiesConfiguration>
                <urn:AllowAdditionalEntities>false</urn:AllowAdditionalEntities>
                <urn:AllowAllEntities>false</urn:AllowAllEntities>
                <urn:AdditionalAllowedEntities/>
            </urn:AdditionalAllowedEntitiesConfiguration>
            <urn:ExtendedProperties name="auth_level" value="Low Category Apps"/>
        </urn:EntityExtension>
    </md:Extensions>
    <md:SPSSODescriptor protocolSupportEnumeration="urn:oasis:names:tc:SAML:2.0:protocol" AuthnRequestsSigned="false" WantAssertionsSigned="false" SignResponseAsRequired="true">
        <md:Extensions>
            <urn:RoleExtension ArtifactTimeoutSeconds="60" LastModified="2025-08-28T14:53:55.189Z" creationTime="2025-08-28T14:53:55.189Z">
                <urn:IncomingBindings Artifact="false" POST="true" Redirect="true" SOAP="false"/>
                <urn:EnabledProfiles IDPInitiatedSSO="true" IDPInitiatedSLO="false" SPInitiatedSSO="true" SPInitiatedSLO="false"/>
                <urn:SP AssertionValidityAfterMinutes="5" AssertionValidityBeforeMinutes="5" ConnectionTargetType="Standard" EnableCDCDuringSSO="false">
                    <urn:C2cContractToAssertionMapping AbortIfNotFoundInAnyDataSources="false" RestrictVirtualServerIds="false" C2cContractId="2saM58A93PCa2c6M" C2cContractName="Capgemini Policy Contract">
                        <urn:DefaultAttributeMapping>
                            <urn:AttributeMap Name="firstname" Type="Authentication Policy Contract">
                                <urn:ValueText>FirstName</urn:ValueText>
                            </urn:AttributeMap>
                            <urn:AttributeMap Name="GGID" Type="Authentication Policy Contract">
                                <urn:ValueText>GlobalID</urn:ValueText>
                            </urn:AttributeMap>
                            <urn:AttributeMap Name="login" Type="Authentication Policy Contract">
                                <urn:ValueText>subject</urn:ValueText>
                            </urn:AttributeMap>
                            <urn:AttributeMap Name="SAML_SUBJECT" Type="Authentication Policy Contract">
                                <urn:ValueText>GlobalID</urn:ValueText>
                            </urn:AttributeMap>
                            <urn:AttributeMap Name="email" Type="Authentication Policy Contract">
                                <urn:ValueText>mail</urn:ValueText>
                            </urn:AttributeMap>
                            <urn:AttributeMap Name="lastname" Type="Authentication Policy Contract">
                                <urn:ValueText>sn</urn:ValueText>
                            </urn:AttributeMap>
                            <urn:AttributeMap Name="username" Type="Authentication Policy Contract">
                                <urn:ValueText>subject</urn:ValueText>
                            </urn:AttributeMap>
                            <urn:TokenAuthorizationIssuanceCriteria/>
                        </urn:DefaultAttributeMapping>
                    </urn:C2cContractToAssertionMapping>
                    <urn:NameIdentifierMappingType IncludeAdditionalAttributes="false" IncludeAdditionalTransientAttributes="false"/>
                </urn:SP>
            </urn:RoleExtension>
        </md:Extensions>
        <md:NameIDFormat>urn:oasis:names:tc:SAML:1.1:nameid-format:unspecified</md:NameIDFormat>
        <md:AssertionConsumerService index="0" Location="https://mefpd-fse-pl.pl.s2-eu.capgemini.com/mellon/postResponse" Binding="urn:oasis:names:tc:SAML:2.0:bindings:HTTP-POST" isDefault="true"/>
        <md:AttributeConsumingService index="0">
            <md:ServiceName xml:lang="en">AttributeContract</md:ServiceName>
            <md:RequestedAttribute Name="firstname" NameFormat="urn:oasis:names:tc:SAML:2.0:attrname-format:basic"/>
            <md:RequestedAttribute Name="GGID" NameFormat="urn:oasis:names:tc:SAML:2.0:attrname-format:unspecified"/>
            <md:RequestedAttribute Name="login" NameFormat="urn:oasis:names:tc:SAML:2.0:attrname-format:basic"/>
            <md:RequestedAttribute Name="email" NameFormat="urn:oasis:names:tc:SAML:2.0:attrname-format:basic"/>
            <md:RequestedAttribute Name="lastname" NameFormat="urn:oasis:names:tc:SAML:2.0:attrname-format:basic"/>
            <md:RequestedAttribute Name="username" NameFormat="urn:oasis:names:tc:SAML:2.0:attrname-format:basic"/>
        </md:AttributeConsumingService>
    </md:SPSSODescriptor>
    <md:RoleDescriptor protocolSupportEnumeration="urn:oasis:names:tc:SAML:2.0:protocol" xsi:type="urn:PFAvailableCertsRoleDescriptorType" xmlns:xsi="http://www.w3.org/2001/XMLSchema-instance"/>
    <md:ContactPerson contactType="administrative">
        <md:Company>Non ITAAS Request</md:Company>
        <md:GivenName>mahesh.anil-panasare@capgemini.com</md:GivenName>
        <md:EmailAddress>mahesh.anil-panasare@capgemini.com</md:EmailAddress>
        <md:TelephoneNumber>Application Functionality - dynamic env.</md:TelephoneNumber>
    </md:ContactPerson>
</md:EntityDescriptor>