<?xml version="1.0" encoding="UTF-8"?>
<md:EntityDescriptor entityID="https://auth.gac-technology.com/realms/capgemini-easterneurope" urn:name="GAC EasterEurope" ID="GxXu3aX.vHX.K58wR67IMrqLVk3" urn:baseUrl="https://auth.gac-technology.com/realms/capgemini-easterneurope" urn:LogLevel="STANDARD" urn:isActive="true" urn:applicationName="GAC EasterEurope" xmlns:md="urn:oasis:names:tc:SAML:2.0:metadata" xmlns:urn="urn:sourceid.org:saml2:metadata-extension:v2">
    <md:Extensions>
        <urn:EntityExtension PFVersion="11.3.10.0" LicenseGroup="">
            <urn:DigitialSignatureAliases SigningKeyAlias="gyd2rbxfw9suj3gi4g0r7td06" includeX509inXmlSig="false" includeRawKeyInXmlSig="false" SigningAlgorithm="http://www.w3.org/2001/04/xmldsig-more#rsa-sha256"/>
            <urn:Encryption>
                <urn:EncryptionPolicy EncryptionAlgorithm="http://www.w3.org/2001/04/xmlenc#aes128-cbc" KeyTransportAlgorithm="http://www.w3.org/2001/04/xmlenc#rsa-oaep-mgf1p" EncryptAssertion="false" EncryptSubjectNameID="false" SLOEncryptSubjectNameID="false"/>
                <urn:DecryptionPolicy AssertionEncrypted="false" SubjectNameIDEncrypted="false" AttributeEncrypted="false" SLOSubjectNameIDEncrypted="false"/>
            </urn:Encryption>
            <urn:ConnectionTemplateProperties/>
            <urn:MetadataUrlId xsi:nil="true" xmlns:xsi="http://www.w3.org/2001/XMLSchema-instance"/>
            <urn:enableAutoMetadataUpdate>false</urn:enableAutoMetadataUpdate>
            <urn:alwaysSignArtifactResponse>false</urn:alwaysSignArtifactResponse>
            <urn:AdditionalAllowedEntitiesConfiguration>
                <urn:AllowAdditionalEntities>false</urn:AllowAdditionalEntities>
                <urn:AllowAllEntities>false</urn:AllowAllEntities>
                <urn:AdditionalAllowedEntities/>
            </urn:AdditionalAllowedEntitiesConfiguration>
            <urn:ExtendedProperties name="auth_level" value="Low Category Apps"/>
        </urn:EntityExtension>
    </md:Extensions>
    <md:SPSSODescriptor protocolSupportEnumeration="urn:oasis:names:tc:SAML:2.0:protocol" AuthnRequestsSigned="false" WantAssertionsSigned="false" SignResponseAsRequired="true">
        <md:Extensions>
            <urn:RoleExtension ArtifactTimeoutSeconds="60" LastModified="2025-09-24T04:05:17.708Z" creationTime="2025-09-24T04:02:50.526Z">
                <urn:IncomingBindings Artifact="false" POST="true" Redirect="true" SOAP="false"/>
                <urn:EnabledProfiles IDPInitiatedSSO="true" IDPInitiatedSLO="false" SPInitiatedSSO="true" SPInitiatedSLO="false"/>
                <urn:SP AssertionValidityAfterMinutes="5" AssertionValidityBeforeMinutes="5" ConnectionTargetType="Standard" EnableCDCDuringSSO="false">
                    <urn:C2cContractToAssertionMapping AbortIfNotFoundInAnyDataSources="false" RestrictVirtualServerIds="false" C2cContractId="2saM58A93PCa2c6M" C2cContractName="Capgemini Policy Contract">
                        <urn:DefaultAttributeMapping>
                            <urn:AttributeMap Name="SAML_SUBJECT" Type="Authentication Policy Contract">
                                <urn:ValueText>userPrincipalName</urn:ValueText>
                            </urn:AttributeMap>
                            <urn:TokenAuthorizationIssuanceCriteria/>
                        </urn:DefaultAttributeMapping>
                    </urn:C2cContractToAssertionMapping>
                    <urn:NameIdentifierMappingType IncludeAdditionalAttributes="false" IncludeAdditionalTransientAttributes="false"/>
                </urn:SP>
            </urn:RoleExtension>
        </md:Extensions>
        <md:NameIDFormat>urn:oasis:names:tc:SAML:1.1:nameid-format:emailAddress</md:NameIDFormat>
        <md:AssertionConsumerService index="1" Location="https://auth.gac-technology.com/realms/capgemini-easterneurope/broker/saml/endpoint" Binding="urn:oasis:names:tc:SAML:2.0:bindings:HTTP-POST" isDefault="true"/>
    </md:SPSSODescriptor>
    <md:RoleDescriptor protocolSupportEnumeration="urn:oasis:names:tc:SAML:2.0:protocol" xsi:type="urn:PFAvailableCertsRoleDescriptorType" xmlns:xsi="http://www.w3.org/2001/XMLSchema-instance"/>
    <md:ContactPerson contactType="administrative">
        <md:Company>RITM10878044</md:Company>
        <md:GivenName>saleemunnisa.syed@capgemini.com</md:GivenName>
        <md:EmailAddress>saleemunnisa.syed@capgemini.com</md:EmailAddress>
    </md:ContactPerson>
</md:EntityDescriptor>