<?xml version="1.0" encoding="UTF-8" standalone="yes"?>
<authnSessionPolicies>
    <applicationPolicy idleTimeoutMins="480" maxTimeoutMins="960"/>
    <globalPolicy enableSessions="true" hashUniqueUserKeyAttribute="false" idleTimeoutDisplayUnit="MINUTES" idleTimeoutMins="480" maxTimeoutDisplayUnit="MINUTES" maxTimeoutMins="960" persistentSessions="false"/>
    <sourcePolicies>
        <policy authnContextSensitive="false" authnSourceId="CapgeminiHTMLform" authnSourceType="ADAPTER" enableSessions="true" id="gbRDBiB9KUTXKSEO3PBwF0ypq" idleTimeoutMins="60" maxTimeoutMins="480" persistent="false" timeoutDisplayUnit="MINUTES"/>
        <policy authnContextSensitive="false" authnSourceId="daidphtml" authnSourceType="ADAPTER" enableSessions="true" id="PfesCrcCCKfLtefxdo7nJz8Pa" idleTimeoutMins="-1" maxTimeoutMins="-1" persistent="false" timeoutDisplayUnit="MINUTES"/>
        <policy authnContextSensitive="false" authnSourceId="certadapter" authnSourceType="ADAPTER" enableSessions="false" id="3qBssz5So3baTqacrQIcExc3t" persistent="false" timeoutDisplayUnit="MINUTES"/>
        <policy authnContextSensitive="false" authnSourceId="OCSPCheckAdapter" authnSourceType="ADAPTER" enableSessions="false" id="fijUUl4hRvfDB1GXeqQWZ0X18" persistent="false" timeoutDisplayUnit="MINUTES"/>
        <policy authnContextSensitive="false" authnSourceId="corpKerberos" authnSourceType="ADAPTER" enableSessions="true" id="ZKIDboe3IetcFbgxnNqOPCVTV" persistent="false" timeoutDisplayUnit="MINUTES"/>
    </sourcePolicies>
</authnSessionPolicies>
