<?xml version="1.0" encoding="UTF-8"?>
<urn:OAuthConfig enableOAuth="true" authzCodeLength="30" authzCodeTimeout="120" restrictPlainPKCE="false" includeIssuerInAuthzResponse="false" rollRefreshTokens="false" refreshTokenRollingGracePeriod="0" rollingInterval="0" refreshTokenLength="42" atmIdForOAuthGrantManagement="" scopeForOAuthGrantManagement="" globalPersistentGrantExpirationTime="90" globalPersistentGrantExpirationTimeUnit="d" globalPersistentGrantIdleTimeout="30" globalPersistentGrantIdleTimeoutTimeUnit="d" tokenEndpointBaseUrl="" userAuthzUrl="" registeredAuthzPath="" pendingAuthzTimeout="600" bypassActivationCodeConfirmation="false" devicePollingInterval="5" activationCodeCheckMode="AFTER_AUTHENTICATION" clientSecretRetentionPeriod="0" authzConsentSetting="" externalConsentAdapterId="" returnedScopeAttributeName="" returnedAuthorizationDetailsAttributeName="" parTimeout="60" parRefLength="24" parStatus="ENABLED" allowUnidentifiedClientROCreds="false" allowUnidentifiedClientExtensionGrants="false" jwtSecuredAuthorizationResponseModeLifetime="600" dpopProofRequireNonce="false" dpopProofLifetimeSeconds="120" dpopProofEnforceReplayPrevention="false" xmlns:urn="urn:pingidentity.com:pf:oauth:conf">
    <urn:UserKeyToAccessTokenMapping contextId="authz_req|apc.2saM58A93PCa2c6M" tokenManagerId="pingaccess">
        <urn1:AttributeMap Name="sessionid" Type="Persistent Grant" xmlns:urn1="urn:sourceid.org:saml2:metadata-extension:v2">
            <urn1:ValueText>sessionid</urn1:ValueText>
        </urn1:AttributeMap>
        <urn1:AttributeMap Name="devicetype" Type="Authentication Policy Contract" xmlns:urn1="urn:sourceid.org:saml2:metadata-extension:v2">
            <urn1:ValueText>apc.deviceType</urn1:ValueText>
        </urn1:AttributeMap>
        <urn1:AttributeMap Name="username" Type="Authentication Policy Contract" xmlns:urn1="urn:sourceid.org:saml2:metadata-extension:v2">
            <urn1:ValueText>apc.subject</urn1:ValueText>
        </urn1:AttributeMap>
        <urn1:TokenAuthorizationIssuanceCriteria xmlns:urn1="urn:sourceid.org:saml2:metadata-extension:v2"/>
    </urn:UserKeyToAccessTokenMapping>
    <urn:UserKeyToAccessTokenMapping contextId="urn:ietf:params:oauth:grant-type:token-exchange|TokenExchangeV2" tokenManagerId="accesstokenexchangeV2">
        <urn1:AttributeMap Name="Username" Type="Processor Policy" xmlns:urn1="urn:sourceid.org:saml2:metadata-extension:v2">
            <urn1:ValueText>tepp.Username</urn1:ValueText>
        </urn1:AttributeMap>
        <urn1:AttributeMap Name="iss" Type="Processor Policy" xmlns:urn1="urn:sourceid.org:saml2:metadata-extension:v2">
            <urn1:ValueText>tepp.upn</urn1:ValueText>
        </urn1:AttributeMap>
        <urn1:TokenAuthorizationIssuanceCriteria xmlns:urn1="urn:sourceid.org:saml2:metadata-extension:v2"/>
    </urn:UserKeyToAccessTokenMapping>
    <urn:UserKeyToAccessTokenMapping contextId="urn:ietf:params:oauth:grant-type:token-exchange|TokenExchange" tokenManagerId="accesstokenexchange">
        <urn1:AttributeMap Name="Username" Type="Processor Policy" xmlns:urn1="urn:sourceid.org:saml2:metadata-extension:v2">
            <urn1:ValueText>tepp.Username</urn1:ValueText>
        </urn1:AttributeMap>
        <urn1:AttributeMap Name="iss" Type="Text" xmlns:urn1="urn:sourceid.org:saml2:metadata-extension:v2">
            <urn1:ValueText>pingfederate</urn1:ValueText>
        </urn1:AttributeMap>
        <urn1:TokenAuthorizationIssuanceCriteria xmlns:urn1="urn:sourceid.org:saml2:metadata-extension:v2"/>
    </urn:UserKeyToAccessTokenMapping>
    <urn:UserKeyToAccessTokenMapping contextId="authz_req|apc.7yv5WII8yuF6BPdB" tokenManagerId="paadminatm">
        <urn1:AttributeMap Name="title" Type="Authentication Policy Contract" xmlns:urn1="urn:sourceid.org:saml2:metadata-extension:v2">
            <urn1:ValueText>apc.title</urn1:ValueText>
        </urn1:AttributeMap>
        <urn1:AttributeMap Name="username" Type="Authentication Policy Contract" xmlns:urn1="urn:sourceid.org:saml2:metadata-extension:v2">
            <urn1:ValueText>apc.subject</urn1:ValueText>
        </urn1:AttributeMap>
        <urn1:TokenAuthorizationIssuanceCriteria xmlns:urn1="urn:sourceid.org:saml2:metadata-extension:v2"/>
    </urn:UserKeyToAccessTokenMapping>
    <urn:UserKeyToAccessTokenMapping contextId="default" tokenManagerId="dajwt">
        <urn1:AttributeMap Name="sub" Type="Persistent Grant" xmlns:urn1="urn:sourceid.org:saml2:metadata-extension:v2">
            <urn1:ValueText>USER_KEY</urn1:ValueText>
        </urn1:AttributeMap>
        <urn1:AttributeMap Name="Country" Type="No Mapping" xmlns:urn1="urn:sourceid.org:saml2:metadata-extension:v2">
            <urn1:ValueText>NO_MAPPING</urn1:ValueText>
        </urn1:AttributeMap>
        <urn1:AttributeMap Name="username" Type="Persistent Grant" xmlns:urn1="urn:sourceid.org:saml2:metadata-extension:v2">
            <urn1:ValueText>USER_KEY</urn1:ValueText>
        </urn1:AttributeMap>
        <urn1:TokenAuthorizationIssuanceCriteria xmlns:urn1="urn:sourceid.org:saml2:metadata-extension:v2"/>
    </urn:UserKeyToAccessTokenMapping>
    <urn:UserKeyToAccessTokenMapping contextId="default" tokenManagerId="accesstokenexecute">
        <urn1:AttributeMap Name="Username" Type="Persistent Grant" xmlns:urn1="urn:sourceid.org:saml2:metadata-extension:v2">
            <urn1:ValueText>USER_KEY</urn1:ValueText>
        </urn1:AttributeMap>
        <urn1:AttributeMap Name="iss" Type="No Mapping" xmlns:urn1="urn:sourceid.org:saml2:metadata-extension:v2">
            <urn1:ValueText>NO_MAPPING</urn1:ValueText>
        </urn1:AttributeMap>
        <urn1:TokenAuthorizationIssuanceCriteria xmlns:urn1="urn:sourceid.org:saml2:metadata-extension:v2"/>
    </urn:UserKeyToAccessTokenMapping>
    <urn:UserKeyToAccessTokenMapping contextId="authz_req|apc.2saM58A93PCa2c6M" tokenManagerId="dajwt2">
        <urn1:AttributeMap Name="sub" Type="Authentication Policy Contract" xmlns:urn1="urn:sourceid.org:saml2:metadata-extension:v2">
            <urn1:ValueText>apc.subject</urn1:ValueText>
        </urn1:AttributeMap>
        <urn1:AttributeMap Name="Country" Type="No Mapping" xmlns:urn1="urn:sourceid.org:saml2:metadata-extension:v2">
            <urn1:ValueText>NO_MAPPING</urn1:ValueText>
        </urn1:AttributeMap>
        <urn1:AttributeMap Name="username" Type="Authentication Policy Contract" xmlns:urn1="urn:sourceid.org:saml2:metadata-extension:v2">
            <urn1:ValueText>apc.subject</urn1:ValueText>
        </urn1:AttributeMap>
        <urn1:TokenAuthorizationIssuanceCriteria xmlns:urn1="urn:sourceid.org:saml2:metadata-extension:v2"/>
    </urn:UserKeyToAccessTokenMapping>
    <urn:UserKeyToAccessTokenMapping contextId="default" tokenManagerId="accesstoken">
        <urn1:AttributeMap Name="Username" Type="Persistent Grant" xmlns:urn1="urn:sourceid.org:saml2:metadata-extension:v2">
            <urn1:ValueText>USER_KEY</urn1:ValueText>
        </urn1:AttributeMap>
        <urn1:AttributeMap Name="iss" Type="Text" xmlns:urn1="urn:sourceid.org:saml2:metadata-extension:v2">
            <urn1:ValueText>pingfederate</urn1:ValueText>
        </urn1:AttributeMap>
        <urn1:TokenAuthorizationIssuanceCriteria xmlns:urn1="urn:sourceid.org:saml2:metadata-extension:v2"/>
    </urn:UserKeyToAccessTokenMapping>
    <urn:UserKeyToAccessTokenMapping contextId="authz_req|apc.2saM58A93PCa2c6M" tokenManagerId="admprod">
        <urn1:AttributeMap Name="firstname" Type="Authentication Policy Contract" xmlns:urn1="urn:sourceid.org:saml2:metadata-extension:v2">
            <urn1:ValueText>apc.FirstName</urn1:ValueText>
        </urn1:AttributeMap>
        <urn1:AttributeMap Name="iss" Type="Authentication Policy Contract" xmlns:urn1="urn:sourceid.org:saml2:metadata-extension:v2">
            <urn1:ValueText>apc.mail</urn1:ValueText>
        </urn1:AttributeMap>
        <urn1:AttributeMap Name="USERNAME" Type="Authentication Policy Contract" xmlns:urn1="urn:sourceid.org:saml2:metadata-extension:v2">
            <urn1:ValueText>apc.GlobalID</urn1:ValueText>
        </urn1:AttributeMap>
        <urn1:AttributeMap Name="lastname" Type="Authentication Policy Contract" xmlns:urn1="urn:sourceid.org:saml2:metadata-extension:v2">
            <urn1:ValueText>apc.sn</urn1:ValueText>
        </urn1:AttributeMap>
        <urn1:TokenAuthorizationIssuanceCriteria xmlns:urn1="urn:sourceid.org:saml2:metadata-extension:v2"/>
    </urn:UserKeyToAccessTokenMapping>
    <urn:UserKeyToAccessTokenMapping contextId="authz_req|apc.2saM58A93PCa2c6M" tokenManagerId="ReferenceAccessToken">
        <urn1:AttributeMap Name="sessionid" Type="No Mapping" xmlns:urn1="urn:sourceid.org:saml2:metadata-extension:v2">
            <urn1:ValueText>NO_MAPPING</urn1:ValueText>
        </urn1:AttributeMap>
        <urn1:AttributeMap Name="devicetype" Type="Text" xmlns:urn1="urn:sourceid.org:saml2:metadata-extension:v2">
            <urn1:ValueText>Service Account</urn1:ValueText>
        </urn1:AttributeMap>
        <urn1:AttributeMap Name="username" Type="Authentication Policy Contract" xmlns:urn1="urn:sourceid.org:saml2:metadata-extension:v2">
            <urn1:ValueText>apc.subject</urn1:ValueText>
        </urn1:AttributeMap>
        <urn1:TokenAuthorizationIssuanceCriteria xmlns:urn1="urn:sourceid.org:saml2:metadata-extension:v2"/>
    </urn:UserKeyToAccessTokenMapping>
    <urn:UserKeyToAccessTokenMapping contextId="authz_req|apc.2saM58A93PCa2c6M" tokenManagerId="dajwt">
        <urn1:AttributeMap Name="sub" Type="Authentication Policy Contract" xmlns:urn1="urn:sourceid.org:saml2:metadata-extension:v2">
            <urn1:ValueText>apc.subject</urn1:ValueText>
        </urn1:AttributeMap>
        <urn1:AttributeMap Name="Country" Type="No Mapping" xmlns:urn1="urn:sourceid.org:saml2:metadata-extension:v2">
            <urn1:ValueText>NO_MAPPING</urn1:ValueText>
        </urn1:AttributeMap>
        <urn1:AttributeMap Name="username" Type="Authentication Policy Contract" xmlns:urn1="urn:sourceid.org:saml2:metadata-extension:v2">
            <urn1:ValueText>apc.userPrincipalName</urn1:ValueText>
        </urn1:AttributeMap>
        <urn1:TokenAuthorizationIssuanceCriteria xmlns:urn1="urn:sourceid.org:saml2:metadata-extension:v2"/>
    </urn:UserKeyToAccessTokenMapping>
    <urn:AdapterToUserKeyMapping sourcePluginId="PAAdminAdapter">
        <urn1:AttributeMap Name="USER_NAME" Type="Adapter" xmlns:urn1="urn:sourceid.org:saml2:metadata-extension:v2">
            <urn1:ValueText>title</urn1:ValueText>
        </urn1:AttributeMap>
        <urn1:AttributeMap Name="sessionid" Type="No Mapping" xmlns:urn1="urn:sourceid.org:saml2:metadata-extension:v2">
            <urn1:ValueText>NO_MAPPING</urn1:ValueText>
        </urn1:AttributeMap>
        <urn1:AttributeMap Name="USER_KEY" Type="Adapter" xmlns:urn1="urn:sourceid.org:saml2:metadata-extension:v2">
            <urn1:ValueText>username</urn1:ValueText>
        </urn1:AttributeMap>
        <urn1:TokenAuthorizationIssuanceCriteria xmlns:urn1="urn:sourceid.org:saml2:metadata-extension:v2"/>
    </urn:AdapterToUserKeyMapping>
    <urn:AdapterToUserKeyMapping sourcePluginId="daidphtml">
        <urn1:AttributeMap Name="USER_NAME" Type="Adapter" xmlns:urn1="urn:sourceid.org:saml2:metadata-extension:v2">
            <urn1:ValueText>cn</urn1:ValueText>
        </urn1:AttributeMap>
        <urn1:AttributeMap Name="sessionid" Type="No Mapping" xmlns:urn1="urn:sourceid.org:saml2:metadata-extension:v2">
            <urn1:ValueText>NO_MAPPING</urn1:ValueText>
        </urn1:AttributeMap>
        <urn1:AttributeMap Name="USER_KEY" Type="Adapter" xmlns:urn1="urn:sourceid.org:saml2:metadata-extension:v2">
            <urn1:ValueText>entryUUID</urn1:ValueText>
        </urn1:AttributeMap>
        <urn1:TokenAuthorizationIssuanceCriteria xmlns:urn1="urn:sourceid.org:saml2:metadata-extension:v2"/>
    </urn:AdapterToUserKeyMapping>
    <urn:AdapterToUserKeyMapping sourcePluginId="MobilePassHTMLForm">
        <urn1:AttributeMap Name="USER_NAME" Type="Adapter" xmlns:urn1="urn:sourceid.org:saml2:metadata-extension:v2">
            <urn1:ValueText>username</urn1:ValueText>
        </urn1:AttributeMap>
        <urn1:AttributeMap Name="sessionid" Type="No Mapping" xmlns:urn1="urn:sourceid.org:saml2:metadata-extension:v2">
            <urn1:ValueText>NO_MAPPING</urn1:ValueText>
        </urn1:AttributeMap>
        <urn1:AttributeMap Name="USER_KEY" Type="Adapter" xmlns:urn1="urn:sourceid.org:saml2:metadata-extension:v2">
            <urn1:ValueText>username</urn1:ValueText>
        </urn1:AttributeMap>
        <urn1:TokenAuthorizationIssuanceCriteria xmlns:urn1="urn:sourceid.org:saml2:metadata-extension:v2"/>
    </urn:AdapterToUserKeyMapping>
    <urn:ApcToUserKeyMapping sourcePluginId="7yv5WII8yuF6BPdB">
        <urn1:AttributeMap Name="USER_NAME" Type="Authentication Policy Contract" xmlns:urn1="urn:sourceid.org:saml2:metadata-extension:v2">
            <urn1:ValueText>subject</urn1:ValueText>
        </urn1:AttributeMap>
        <urn1:AttributeMap Name="sessionid" Type="No Mapping" xmlns:urn1="urn:sourceid.org:saml2:metadata-extension:v2">
            <urn1:ValueText>NO_MAPPING</urn1:ValueText>
        </urn1:AttributeMap>
        <urn1:AttributeMap Name="USER_KEY" Type="Authentication Policy Contract" xmlns:urn1="urn:sourceid.org:saml2:metadata-extension:v2">
            <urn1:ValueText>subject</urn1:ValueText>
        </urn1:AttributeMap>
        <urn1:TokenAuthorizationIssuanceCriteria xmlns:urn1="urn:sourceid.org:saml2:metadata-extension:v2"/>
    </urn:ApcToUserKeyMapping>
    <urn:ApcToUserKeyMapping sourcePluginId="2saM58A93PCa2c6M">
        <urn1:AttributeMap Name="USER_NAME" Type="Authentication Policy Contract" xmlns:urn1="urn:sourceid.org:saml2:metadata-extension:v2">
            <urn1:ValueText>subject</urn1:ValueText>
        </urn1:AttributeMap>
        <urn1:AttributeMap Name="sessionid" Type="Expression" xmlns:urn1="urn:sourceid.org:saml2:metadata-extension:v2">
            <urn1:ValueText>@org.sourceid.saml20.state.StateMgmtFactory@getExtendedSriV2(#this.get("context.HttpRequest").getObjectValue(), null, null)</urn1:ValueText>
        </urn1:AttributeMap>
        <urn1:AttributeMap Name="USER_KEY" Type="Authentication Policy Contract" xmlns:urn1="urn:sourceid.org:saml2:metadata-extension:v2">
            <urn1:ValueText>subject</urn1:ValueText>
        </urn1:AttributeMap>
        <urn1:TokenAuthorizationIssuanceCriteria xmlns:urn1="urn:sourceid.org:saml2:metadata-extension:v2"/>
    </urn:ApcToUserKeyMapping>
    <urn:ApcToUserKeyMapping sourcePluginId="7jDEcLMTxY363Rbr">
        <urn1:AttributeMap Name="USER_NAME" Type="Authentication Policy Contract" xmlns:urn1="urn:sourceid.org:saml2:metadata-extension:v2">
            <urn1:ValueText>subject</urn1:ValueText>
        </urn1:AttributeMap>
        <urn1:AttributeMap Name="sessionid" Type="No Mapping" xmlns:urn1="urn:sourceid.org:saml2:metadata-extension:v2">
            <urn1:ValueText>NO_MAPPING</urn1:ValueText>
        </urn1:AttributeMap>
        <urn1:AttributeMap Name="USER_KEY" Type="Authentication Policy Contract" xmlns:urn1="urn:sourceid.org:saml2:metadata-extension:v2">
            <urn1:ValueText>subject</urn1:ValueText>
        </urn1:AttributeMap>
        <urn1:TokenAuthorizationIssuanceCriteria xmlns:urn1="urn:sourceid.org:saml2:metadata-extension:v2"/>
    </urn:ApcToUserKeyMapping>
    <urn:ClientCredentialsToAccessTokenMapping contextId="client_credentials" tokenManagerId="ilmdcprod">
        <urn1:AttributeMap Name="sub" Type="Context" xmlns:urn1="urn:sourceid.org:saml2:metadata-extension:v2">
            <urn1:ValueText>context.ClientId</urn1:ValueText>
        </urn1:AttributeMap>
        <urn1:AttributeMap Name="environment" Type="Text" xmlns:urn1="urn:sourceid.org:saml2:metadata-extension:v2">
            <urn1:ValueText>prod</urn1:ValueText>
        </urn1:AttributeMap>
        <urn1:AttributeMap Name="iss" Type="Text" xmlns:urn1="urn:sourceid.org:saml2:metadata-extension:v2">
            <urn1:ValueText>https://signin.capgemini.com</urn1:ValueText>
        </urn1:AttributeMap>
        <urn1:AttributeMap Name="USER_KEY" Type="No Mapping" xmlns:urn1="urn:sourceid.org:saml2:metadata-extension:v2">
            <urn1:ValueText>NO_MAPPING</urn1:ValueText>
        </urn1:AttributeMap>
        <urn1:AttributeMap Name="iat" Type="Expression" xmlns:urn1="urn:sourceid.org:saml2:metadata-extension:v2">
            <urn1:ValueText>#system.currentTimeMillis() / 1000</urn1:ValueText>
        </urn1:AttributeMap>
        <urn1:AttributeMap Name="target" Type="Text" xmlns:urn1="urn:sourceid.org:saml2:metadata-extension:v2">
            <urn1:ValueText>gcp</urn1:ValueText>
        </urn1:AttributeMap>
        <urn1:AttributeMap Name="username" Type="Context" xmlns:urn1="urn:sourceid.org:saml2:metadata-extension:v2">
            <urn1:ValueText>context.ClientIp</urn1:ValueText>
        </urn1:AttributeMap>
        <urn1:TokenAuthorizationIssuanceCriteria xmlns:urn1="urn:sourceid.org:saml2:metadata-extension:v2"/>
    </urn:ClientCredentialsToAccessTokenMapping>
    <urn:ClientCredentialsToAccessTokenMapping contextId="client_credentials" tokenManagerId="Zscaler">
        <urn1:AttributeMap Name="sub" Type="Context" xmlns:urn1="urn:sourceid.org:saml2:metadata-extension:v2">
            <urn1:ValueText>context.ClientId</urn1:ValueText>
        </urn1:AttributeMap>
        <urn1:AttributeMap Name="cid" Type="Context" xmlns:urn1="urn:sourceid.org:saml2:metadata-extension:v2">
            <urn1:ValueText>context.ClientId</urn1:ValueText>
        </urn1:AttributeMap>
        <urn1:TokenAuthorizationIssuanceCriteria xmlns:urn1="urn:sourceid.org:saml2:metadata-extension:v2"/>
    </urn:ClientCredentialsToAccessTokenMapping>
    <urn:ClientCredentialsToAccessTokenMapping contextId="client_credentials" tokenManagerId="pingaccess">
        <urn1:AttributeMap Name="sessionid" Type="No Mapping" xmlns:urn1="urn:sourceid.org:saml2:metadata-extension:v2">
            <urn1:ValueText>NO_MAPPING</urn1:ValueText>
        </urn1:AttributeMap>
        <urn1:AttributeMap Name="devicetype" Type="Text" xmlns:urn1="urn:sourceid.org:saml2:metadata-extension:v2">
            <urn1:ValueText>Service Account</urn1:ValueText>
        </urn1:AttributeMap>
        <urn1:AttributeMap Name="username" Type="Context" xmlns:urn1="urn:sourceid.org:saml2:metadata-extension:v2">
            <urn1:ValueText>context.ClientId</urn1:ValueText>
        </urn1:AttributeMap>
        <urn1:TokenAuthorizationIssuanceCriteria xmlns:urn1="urn:sourceid.org:saml2:metadata-extension:v2"/>
    </urn:ClientCredentialsToAccessTokenMapping>
    <urn:ReuseExistingPersistentGrantForGrant>implicit</urn:ReuseExistingPersistentGrantForGrant>
    <urn:persistentGrantAttributes AttributeName="sessionid"/>
    <urn:allowedOrigins>https://ssotest.capgemini.com/.well-known/openid-configuration</urn:allowedOrigins>
    <urn:allowedOrigins>http://localhost:4200</urn:allowedOrigins>
    <urn:allowedOrigins>https://pingdelegator.test-capgemini.eu1.ping.cloud</urn:allowedOrigins>
    <urn:allowedOrigins>https://pingdirectory.test-capgemini.eu1.ping.cloud</urn:allowedOrigins>
    <urn:allowedOrigins>https://pingdelegator.stage-capgemini.eu1.ping.cloud</urn:allowedOrigins>
    <urn:allowedOrigins>https://pingdirectory.stage-capgemini.eu1.ping.cloud</urn:allowedOrigins>
    <urn:allowedOrigins>https://pingdelegator.stage-capgemini.us1.ping.cloud</urn:allowedOrigins>
    <urn:allowedOrigins>https://pingdirectory.stage-capgemini.us1.ping.cloud</urn:allowedOrigins>
    <urn:allowedOrigins>https://pingdelegator.prod-capgemini.eu1.ping.cloud</urn:allowedOrigins>
    <urn:allowedOrigins>https://pingdirectory.prod-capgemini.eu1.ping.cloud</urn:allowedOrigins>
    <urn:allowedOrigins>https://pingdelegator.prod-capgemini.us1.ping.cloud</urn:allowedOrigins>
    <urn:allowedOrigins>https://pingdirectory.prod-capgemini.us1.ping.cloud</urn:allowedOrigins>
    <urn:allowedOrigins>https://invent-fondce.corp.capgemini.com</urn:allowedOrigins>
    <urn:allowedOrigins>https://smartoffice.capgemini.com</urn:allowedOrigins>
    <urn:allowedOrigins>https://smartofficecresuat.westeurope.cloudapp.azure.com</urn:allowedOrigins>
    <urn:allowedOrigins>https://bgv.capgemini.com</urn:allowedOrigins>
    <urn:allowedOrigins>https://smartofficecresreborn.westeurope.cloudapp.azure.com</urn:allowedOrigins>
    <urn:allowedOrigins>https://agiletoolbox.capgemini.com</urn:allowedOrigins>
    <urn:allowedOrigins>https://www.smartrecruit-portal.com</urn:allowedOrigins>
    <urn:allowedOrigins>https://designsystem-storybook.capgemini.com</urn:allowedOrigins>
    <urn:allowedOrigins>https://p2w.capgemini.com</urn:allowedOrigins>
    <urn:allowedOrigins>https://rapport.capgemini.com</urn:allowedOrigins>
    <urn:allowedOrigins>https://smaas-sbs.capgemini.com</urn:allowedOrigins>
    <urn:allowedOrigins>https://peprh.fr.capgemini.com</urn:allowedOrigins>
    <urn:allowedOrigins>https://gss.capgemini.com/</urn:allowedOrigins>
    <urn:allowedOrigins>https://capgemini.mytuleap.com</urn:allowedOrigins>
    <urn:allowedOrigins>https://i-sow.capgemini.com</urn:allowedOrigins>
    <urn:allowedOrigins>https://timecard-eg.capgemini.com</urn:allowedOrigins>
    <urn:allowedOrigins>https://st-qa.lohika.com</urn:allowedOrigins>
    <urn:allowedOrigins>https://salestool.lohika.com</urn:allowedOrigins>
    <urn:allowedOrigins>https://localhost:3000</urn:allowedOrigins>
    <urn:allowedOrigins>https://peprh.fr.capgemini.com/</urn:allowedOrigins>
    <urn:allowedOrigins>https://admin-smartoffice.capgemini.com</urn:allowedOrigins>
    <urn:allowedOrigins>https://web-uat-smartoffice.capgemini.com</urn:allowedOrigins>
    <urn:allowedOrigins>https://e-cres-api.capgemini.com</urn:allowedOrigins>
    <urn:allowedOrigins>https://web-smartoffice.capgemini.com/</urn:allowedOrigins>
    <urn:allowedOrigins>https://web-smartoffice.capgemini.com</urn:allowedOrigins>
    <urn:allowedOrigins>https://pingdelegator.prod-capgemini.sg1.ping.cloud</urn:allowedOrigins>
    <urn:allowedOrigins>https://pingdirectory.prod-capgemini.sg1.ping.cloud</urn:allowedOrigins>
    <urn:allowedOrigins>https://automation-dashboard.corp.capgemini.com</urn:allowedOrigins>
    <urn:allowedOrigins>https://ng-preprod.capgemini.com</urn:allowedOrigins>
    <urn:allowedOrigins>https://ng-preprod-services.capgemini.com</urn:allowedOrigins>
    <urn:allowedOrigins>https://dealxceleratorapi.capgemini.com</urn:allowedOrigins>
    <urn:allowedOrigins>https://dealxcelerator.capgemini.com</urn:allowedOrigins>
    <urn:allowedOrigins>https://rapport2test.capgemini.com</urn:allowedOrigins>
    <urn:allowedOrigins>https://rcawizard.capgemini.com</urn:allowedOrigins>
    <urn:allowedOrigins>https://startupcatalyst.capgemini.com</urn:allowedOrigins>
    <urn:allowedOrigins>https://crmg.virtualsmartdeploy.com/smartdeployuicrmg/</urn:allowedOrigins>
    <urn:allowedOrigins>https://crmg.virtualsmartdeploy.com</urn:allowedOrigins>
    <urn:allowedOrigins>https://sms.capgemini.com</urn:allowedOrigins>
    <urn:allowedOrigins>https://i4u-pp.s2-eu.capgemini.com/</urn:allowedOrigins>
    <urn:allowedOrigins>https://pics.capgemini.com</urn:allowedOrigins>
    <urn:allowedOrigins>https://clm.capgemini.com</urn:allowedOrigins>
    <urn:allowedOrigins>https://clmapi.capgemini.com</urn:allowedOrigins>
    <urn:allowedOrigins>https://gitil.capgemini.com</urn:allowedOrigins>
    <urn:allowedOrigins>https://gari.capgemini.com</urn:allowedOrigins>
    <urn:allowedOrigins>https://gitilapi.capgemini.com</urn:allowedOrigins>
    <urn:allowedOrigins>https://contractx.capgemini.com</urn:allowedOrigins>
    <urn:allowedOrigins>https://onework.capgemini.com</urn:allowedOrigins>
    <urn:allowedOrigins>https://contractxapi.capgemini.com</urn:allowedOrigins>
</urn:OAuthConfig>