<?xml version="1.0" encoding="UTF-8"?>
<urn:OpenIdConnectProviderPolicy enabled="true" defaultPolicyGroupId="OIDC policy" trackUserSessionsForLogout="false" xmlns:urn="urn:pingidentity.com:pf:openid:connect:idp:policy">
    <urn:ProviderPolicyGroup policyId="OIDC policy" idTokenLife="60" includeSriInIdToken="true" includeUserInfoInIdToken="true" includeSHashInIdToken="false" includeX5tInIdToken="false" idTokenTypHeaderValue="" returnIdTokenOnRefreshGrant="false" reissueIdTokenHybridFlows="false" policyName="OIDCpolicy" accessTokenManagerId="pingaccess">
        <urn:UserInfoMapping>
            <urn1:AttributeMap Name="sub" Type="Token" xmlns:urn1="urn:sourceid.org:saml2:metadata-extension:v2">
                <urn1:ValueText>username</urn1:ValueText>
            </urn1:AttributeMap>
            <urn1:AttributeMap Name="preferred_username" Type="Token" xmlns:urn1="urn:sourceid.org:saml2:metadata-extension:v2">
                <urn1:ValueText>username</urn1:ValueText>
            </urn1:AttributeMap>
            <urn1:AttributeMap Name="sessionid" Type="Token" xmlns:urn1="urn:sourceid.org:saml2:metadata-extension:v2">
                <urn1:ValueText>sessionid</urn1:ValueText>
            </urn1:AttributeMap>
            <urn1:AttributeMap Name="employeeNumber" Type="LDAP" AttributeSourceId="PingDirectory" xmlns:urn1="urn:sourceid.org:saml2:metadata-extension:v2">
                <urn1:ValueText>employeeNumber</urn1:ValueText>
            </urn1:AttributeMap>
            <urn1:AttributeMap Name="https://outlook.office.com/EWS.AccessAsUser.All" Type="Text" xmlns:urn1="urn:sourceid.org:saml2:metadata-extension:v2">
                <urn1:ValueText>https://outlook.office.com/EWS.AccessAsUser.All</urn1:ValueText>
            </urn1:AttributeMap>
            <urn1:AttributeMap Name="UPN" Type="LDAP" AttributeSourceId="PingDirectory" xmlns:urn1="urn:sourceid.org:saml2:metadata-extension:v2">
                <urn1:ValueText>cpUpn</urn1:ValueText>
            </urn1:AttributeMap>
            <urn1:AttributeMap Name="updated_at" Type="LDAP" AttributeSourceId="PingDirectory" xmlns:urn1="urn:sourceid.org:saml2:metadata-extension:v2">
                <urn1:ValueText>cpAccountExpires</urn1:ValueText>
            </urn1:AttributeMap>
            <urn1:AttributeMap Name="DisplayName" Type="LDAP" AttributeSourceId="PingDirectory" xmlns:urn1="urn:sourceid.org:saml2:metadata-extension:v2">
                <urn1:ValueText>displayName</urn1:ValueText>
            </urn1:AttributeMap>
            <urn1:AttributeMap Name="GGID" Type="LDAP" AttributeSourceId="PingDirectory" xmlns:urn1="urn:sourceid.org:saml2:metadata-extension:v2">
                <urn1:ValueText>cpGlobalID</urn1:ValueText>
            </urn1:AttributeMap>
            <urn1:AttributeMap Name="LOGIN" Type="Token" xmlns:urn1="urn:sourceid.org:saml2:metadata-extension:v2">
                <urn1:ValueText>username</urn1:ValueText>
            </urn1:AttributeMap>
            <urn1:AttributeMap Name="sn" Type="LDAP" AttributeSourceId="PingDirectory" xmlns:urn1="urn:sourceid.org:saml2:metadata-extension:v2">
                <urn1:ValueText>sn</urn1:ValueText>
            </urn1:AttributeMap>
            <urn1:AttributeMap Name="write" Type="Text" xmlns:urn1="urn:sourceid.org:saml2:metadata-extension:v2">
                <urn1:ValueText>write</urn1:ValueText>
            </urn1:AttributeMap>
            <urn1:AttributeMap Name="email" Type="LDAP" AttributeSourceId="PingDirectory" xmlns:urn1="urn:sourceid.org:saml2:metadata-extension:v2">
                <urn1:ValueText>mail</urn1:ValueText>
            </urn1:AttributeMap>
            <urn1:AttributeMap Name="group" Type="LDAP" AttributeSourceId="PingDirectory" xmlns:urn1="urn:sourceid.org:saml2:metadata-extension:v2">
                <urn1:ValueText>isMemberOf</urn1:ValueText>
            </urn1:AttributeMap>
            <urn1:AttributeMap Name="UserName" Type="Token" xmlns:urn1="urn:sourceid.org:saml2:metadata-extension:v2">
                <urn1:ValueText>username</urn1:ValueText>
            </urn1:AttributeMap>
            <urn1:AttributeMap Name="address" Type="Text" xmlns:urn1="urn:sourceid.org:saml2:metadata-extension:v2">
                <urn1:ValueText>address</urn1:ValueText>
            </urn1:AttributeMap>
            <urn1:AttributeMap Name="FirstName" Type="LDAP" AttributeSourceId="PingDirectory" xmlns:urn1="urn:sourceid.org:saml2:metadata-extension:v2">
                <urn1:ValueText>givenName</urn1:ValueText>
            </urn1:AttributeMap>
            <urn1:AttributeMap Name="openid" Type="Text" xmlns:urn1="urn:sourceid.org:saml2:metadata-extension:v2">
                <urn1:ValueText>openid</urn1:ValueText>
            </urn1:AttributeMap>
            <urn1:AttributeMap Name="profile" Type="Text" xmlns:urn1="urn:sourceid.org:saml2:metadata-extension:v2">
                <urn1:ValueText>profile</urn1:ValueText>
            </urn1:AttributeMap>
            <urn1:AttributeMap Name="given_name" Type="LDAP" AttributeSourceId="PingDirectory" xmlns:urn1="urn:sourceid.org:saml2:metadata-extension:v2">
                <urn1:ValueText>givenName</urn1:ValueText>
            </urn1:AttributeMap>
            <urn1:AttributeMap Name="picture" Type="LDAP" AttributeSourceId="PingDirectory" xmlns:urn1="urn:sourceid.org:saml2:metadata-extension:v2">
                <urn1:ValueText>photo</urn1:ValueText>
            </urn1:AttributeMap>
            <urn1:AttributeMap Name="EmployeeType" Type="LDAP" AttributeSourceId="PingDirectory" xmlns:urn1="urn:sourceid.org:saml2:metadata-extension:v2">
                <urn1:ValueText>employeeType</urn1:ValueText>
            </urn1:AttributeMap>
            <urn1:AttributeMap Name="phone" Type="LDAP" AttributeSourceId="PingDirectory" xmlns:urn1="urn:sourceid.org:saml2:metadata-extension:v2">
                <urn1:ValueText>cpTelephoneNumber</urn1:ValueText>
            </urn1:AttributeMap>
            <urn1:AttributeMap Name="AUTH" Type="Text" xmlns:urn1="urn:sourceid.org:saml2:metadata-extension:v2">
                <urn1:ValueText>PingAccess</urn1:ValueText>
            </urn1:AttributeMap>
            <urn1:AttributeMap Name="name" Type="LDAP" AttributeSourceId="PingDirectory" xmlns:urn1="urn:sourceid.org:saml2:metadata-extension:v2">
                <urn1:ValueText>displayName</urn1:ValueText>
            </urn1:AttributeMap>
            <urn1:AttributeMap Name="Country" Type="LDAP" AttributeSourceId="PingDirectory" xmlns:urn1="urn:sourceid.org:saml2:metadata-extension:v2">
                <urn1:ValueText>co</urn1:ValueText>
            </urn1:AttributeMap>
            <urn1:AttributeMap Name="phone_number" Type="LDAP" AttributeSourceId="PingDirectory" xmlns:urn1="urn:sourceid.org:saml2:metadata-extension:v2">
                <urn1:ValueText>cpTelephoneNumber</urn1:ValueText>
            </urn1:AttributeMap>
            <urn1:AttributeMap Name="LastName" Type="LDAP" AttributeSourceId="PingDirectory" xmlns:urn1="urn:sourceid.org:saml2:metadata-extension:v2">
                <urn1:ValueText>sn</urn1:ValueText>
            </urn1:AttributeMap>
            <urn1:AttributeSource Id="PingDirectory" Description="PingDirectory" Type="LDAP" DataSourceId="LDAP-6A9279F9702CB3696B96C31EA3145E265DFF9A84" xmlns:urn1="urn:sourceid.org:saml2:metadata-extension:v2">
                <urn1:Parameter Name="filter" Value="(&amp;(objectClass=cpPerson)(cpSAMAccountName=${username}))"/>
                <urn1:Parameter Name="search_base" Value="ou=corpusers,dc=capgemini,dc=com"/>
                <urn1:Parameter Name="search_attributes" Value="Subject DN,co,cpAccountExpires,cpGlobalID,cpTelephoneNumber,cpUpn,displayName,employeeNumber,employeeType,givenName,isMemberOf,mail,photo,sn"/>
                <urn1:Parameter Name="search_scope" Value="SUBTREE_SCOPE"/>
                <urn1:Parameter Name="memberof_nested_group" Value="false"/>
            </urn1:AttributeSource>
            <urn1:TokenAuthorizationIssuanceCriteria xmlns:urn1="urn:sourceid.org:saml2:metadata-extension:v2"/>
        </urn:UserInfoMapping>
        <urn:scopeAttributesMap>
            <urn:item>
                <urn:key>https://outlook.office.com/EWS.AccessAsUser.All</urn:key>
                <urn:value>email sn</urn:value>
            </urn:item>
            <urn:item>
                <urn:key>group_scope</urn:key>
                <urn:value>group</urn:value>
            </urn:item>
            <urn:item>
                <urn:key>openid</urn:key>
                <urn:value>email FirstName given_name LastName LOGIN name sessionid sn UPN UserName</urn:value>
            </urn:item>
            <urn:item>
                <urn:key>CIAP</urn:key>
                <urn:value>DisplayName email given_name name openid phone_number picture preferred_username sn updated_at</urn:value>
            </urn:item>
            <urn:item>
                <urn:key>write</urn:key>
                <urn:value>Country DisplayName email given_name name sn write</urn:value>
            </urn:item>
        </urn:scopeAttributesMap>
        <urn:attributeContractInclusionMap/>
        <urn:ExtendedAttributesAdditionalProperties/>
    </urn:ProviderPolicyGroup>
    <urn:ProviderPolicyGroup policyId="dapolicy" idTokenLife="5" includeSriInIdToken="false" includeUserInfoInIdToken="false" includeSHashInIdToken="false" includeX5tInIdToken="false" idTokenTypHeaderValue="" returnIdTokenOnRefreshGrant="false" reissueIdTokenHybridFlows="false" policyName="dapolicy" accessTokenManagerId="dajwt">
        <urn:UserInfoMapping>
            <urn1:AttributeMap Name="sub" Type="Token" xmlns:urn1="urn:sourceid.org:saml2:metadata-extension:v2">
                <urn1:ValueText>sub</urn1:ValueText>
            </urn1:AttributeMap>
            <urn1:TokenAuthorizationIssuanceCriteria xmlns:urn1="urn:sourceid.org:saml2:metadata-extension:v2"/>
        </urn:UserInfoMapping>
        <urn:scopeAttributesMap/>
        <urn:attributeContractInclusionMap/>
        <urn:ExtendedAttributesAdditionalProperties/>
    </urn:ProviderPolicyGroup>
    <urn:ProviderPolicyGroup policyId="PA Admin OIDC Policy" idTokenLife="5" includeSriInIdToken="false" includeUserInfoInIdToken="false" includeSHashInIdToken="false" includeX5tInIdToken="false" idTokenTypHeaderValue="" returnIdTokenOnRefreshGrant="false" reissueIdTokenHybridFlows="false" policyName="PAAdminOIDCPolicy" accessTokenManagerId="paadminatm">
        <urn:UserInfoMapping>
            <urn1:AttributeMap Name="sub" Type="Token" xmlns:urn1="urn:sourceid.org:saml2:metadata-extension:v2">
                <urn1:ValueText>username</urn1:ValueText>
            </urn1:AttributeMap>
            <urn1:AttributeMap Name="title" Type="Token" xmlns:urn1="urn:sourceid.org:saml2:metadata-extension:v2">
                <urn1:ValueText>title</urn1:ValueText>
            </urn1:AttributeMap>
            <urn1:TokenAuthorizationIssuanceCriteria xmlns:urn1="urn:sourceid.org:saml2:metadata-extension:v2"/>
        </urn:UserInfoMapping>
        <urn:scopeAttributesMap>
            <urn:item>
                <urn:key>openid</urn:key>
                <urn:value>title</urn:value>
            </urn:item>
        </urn:scopeAttributesMap>
        <urn:attributeContractInclusionMap>
            <urn:item>
                <urn:key>title</urn:key>
                <urn:value includeInIdToken="true" includeInUserInfo="true"/>
            </urn:item>
        </urn:attributeContractInclusionMap>
        <urn:ExtendedAttributesAdditionalProperties/>
    </urn:ProviderPolicyGroup>
    <urn:ProviderPolicyGroup policyId="FR OIDC POLICY" idTokenLife="60" includeSriInIdToken="true" includeUserInfoInIdToken="true" includeSHashInIdToken="false" includeX5tInIdToken="false" idTokenTypHeaderValue="" returnIdTokenOnRefreshGrant="false" reissueIdTokenHybridFlows="false" policyName="FROIDCpolicy" accessTokenManagerId="pingaccess">
        <urn:UserInfoMapping>
            <urn1:AttributeMap Name="EntityLevel1" Type="LDAP" AttributeSourceId="PingDirectory" xmlns:urn1="urn:sourceid.org:saml2:metadata-extension:v2">
                <urn1:ValueText>cpEntityLevel1</urn1:ValueText>
            </urn1:AttributeMap>
            <urn1:AttributeMap Name="sub" Type="Token" xmlns:urn1="urn:sourceid.org:saml2:metadata-extension:v2">
                <urn1:ValueText>username</urn1:ValueText>
            </urn1:AttributeMap>
            <urn1:AttributeMap Name="zoneinfo" Type="No Mapping" xmlns:urn1="urn:sourceid.org:saml2:metadata-extension:v2">
                <urn1:ValueText>NO_MAPPING</urn1:ValueText>
            </urn1:AttributeMap>
            <urn1:AttributeMap Name="address.locality" Type="No Mapping" xmlns:urn1="urn:sourceid.org:saml2:metadata-extension:v2">
                <urn1:ValueText>NO_MAPPING</urn1:ValueText>
            </urn1:AttributeMap>
            <urn1:AttributeMap Name="birthdate" Type="No Mapping" xmlns:urn1="urn:sourceid.org:saml2:metadata-extension:v2">
                <urn1:ValueText>NO_MAPPING</urn1:ValueText>
            </urn1:AttributeMap>
            <urn1:AttributeMap Name="gender" Type="No Mapping" xmlns:urn1="urn:sourceid.org:saml2:metadata-extension:v2">
                <urn1:ValueText>NO_MAPPING</urn1:ValueText>
            </urn1:AttributeMap>
            <urn1:AttributeMap Name="displayName" Type="LDAP" AttributeSourceId="PingDirectory" xmlns:urn1="urn:sourceid.org:saml2:metadata-extension:v2">
                <urn1:ValueText>displayName</urn1:ValueText>
            </urn1:AttributeMap>
            <urn1:AttributeMap Name="preferred_username" Type="No Mapping" xmlns:urn1="urn:sourceid.org:saml2:metadata-extension:v2">
                <urn1:ValueText>NO_MAPPING</urn1:ValueText>
            </urn1:AttributeMap>
            <urn1:AttributeMap Name="locale" Type="No Mapping" xmlns:urn1="urn:sourceid.org:saml2:metadata-extension:v2">
                <urn1:ValueText>NO_MAPPING</urn1:ValueText>
            </urn1:AttributeMap>
            <urn1:AttributeMap Name="address.country" Type="No Mapping" xmlns:urn1="urn:sourceid.org:saml2:metadata-extension:v2">
                <urn1:ValueText>NO_MAPPING</urn1:ValueText>
            </urn1:AttributeMap>
            <urn1:AttributeMap Name="updated_at" Type="No Mapping" xmlns:urn1="urn:sourceid.org:saml2:metadata-extension:v2">
                <urn1:ValueText>NO_MAPPING</urn1:ValueText>
            </urn1:AttributeMap>
            <urn1:AttributeMap Name="address.postal_code" Type="No Mapping" xmlns:urn1="urn:sourceid.org:saml2:metadata-extension:v2">
                <urn1:ValueText>NO_MAPPING</urn1:ValueText>
            </urn1:AttributeMap>
            <urn1:AttributeMap Name="address.region" Type="No Mapping" xmlns:urn1="urn:sourceid.org:saml2:metadata-extension:v2">
                <urn1:ValueText>NO_MAPPING</urn1:ValueText>
            </urn1:AttributeMap>
            <urn1:AttributeMap Name="nickname" Type="No Mapping" xmlns:urn1="urn:sourceid.org:saml2:metadata-extension:v2">
                <urn1:ValueText>NO_MAPPING</urn1:ValueText>
            </urn1:AttributeMap>
            <urn1:AttributeMap Name="sn" Type="LDAP" AttributeSourceId="PingDirectory" xmlns:urn1="urn:sourceid.org:saml2:metadata-extension:v2">
                <urn1:ValueText>sn</urn1:ValueText>
            </urn1:AttributeMap>
            <urn1:AttributeMap Name="email" Type="LDAP" AttributeSourceId="PingDirectory" xmlns:urn1="urn:sourceid.org:saml2:metadata-extension:v2">
                <urn1:ValueText>emailAddress</urn1:ValueText>
            </urn1:AttributeMap>
            <urn1:AttributeMap Name="group" Type="LDAP" AttributeSourceId="PingDirectory" xmlns:urn1="urn:sourceid.org:saml2:metadata-extension:v2">
                <urn1:ValueText>member</urn1:ValueText>
            </urn1:AttributeMap>
            <urn1:AttributeMap Name="website" Type="No Mapping" xmlns:urn1="urn:sourceid.org:saml2:metadata-extension:v2">
                <urn1:ValueText>NO_MAPPING</urn1:ValueText>
            </urn1:AttributeMap>
            <urn1:AttributeMap Name="email_verified" Type="No Mapping" xmlns:urn1="urn:sourceid.org:saml2:metadata-extension:v2">
                <urn1:ValueText>NO_MAPPING</urn1:ValueText>
            </urn1:AttributeMap>
            <urn1:AttributeMap Name="profile" Type="No Mapping" xmlns:urn1="urn:sourceid.org:saml2:metadata-extension:v2">
                <urn1:ValueText>NO_MAPPING</urn1:ValueText>
            </urn1:AttributeMap>
            <urn1:AttributeMap Name="phone_number_verified" Type="No Mapping" xmlns:urn1="urn:sourceid.org:saml2:metadata-extension:v2">
                <urn1:ValueText>NO_MAPPING</urn1:ValueText>
            </urn1:AttributeMap>
            <urn1:AttributeMap Name="given_name" Type="LDAP" AttributeSourceId="PingDirectory" xmlns:urn1="urn:sourceid.org:saml2:metadata-extension:v2">
                <urn1:ValueText>givenName</urn1:ValueText>
            </urn1:AttributeMap>
            <urn1:AttributeMap Name="middle_name" Type="No Mapping" xmlns:urn1="urn:sourceid.org:saml2:metadata-extension:v2">
                <urn1:ValueText>NO_MAPPING</urn1:ValueText>
            </urn1:AttributeMap>
            <urn1:AttributeMap Name="picture" Type="No Mapping" xmlns:urn1="urn:sourceid.org:saml2:metadata-extension:v2">
                <urn1:ValueText>NO_MAPPING</urn1:ValueText>
            </urn1:AttributeMap>
            <urn1:AttributeMap Name="name" Type="No Mapping" xmlns:urn1="urn:sourceid.org:saml2:metadata-extension:v2">
                <urn1:ValueText>NO_MAPPING</urn1:ValueText>
            </urn1:AttributeMap>
            <urn1:AttributeMap Name="Country" Type="LDAP" AttributeSourceId="PingDirectory" xmlns:urn1="urn:sourceid.org:saml2:metadata-extension:v2">
                <urn1:ValueText>co</urn1:ValueText>
            </urn1:AttributeMap>
            <urn1:AttributeMap Name="phone_number" Type="No Mapping" xmlns:urn1="urn:sourceid.org:saml2:metadata-extension:v2">
                <urn1:ValueText>NO_MAPPING</urn1:ValueText>
            </urn1:AttributeMap>
            <urn1:AttributeMap Name="address.formatted" Type="No Mapping" xmlns:urn1="urn:sourceid.org:saml2:metadata-extension:v2">
                <urn1:ValueText>NO_MAPPING</urn1:ValueText>
            </urn1:AttributeMap>
            <urn1:AttributeMap Name="family_name" Type="No Mapping" xmlns:urn1="urn:sourceid.org:saml2:metadata-extension:v2">
                <urn1:ValueText>NO_MAPPING</urn1:ValueText>
            </urn1:AttributeMap>
            <urn1:AttributeMap Name="address.street_address" Type="No Mapping" xmlns:urn1="urn:sourceid.org:saml2:metadata-extension:v2">
                <urn1:ValueText>NO_MAPPING</urn1:ValueText>
            </urn1:AttributeMap>
            <urn1:AttributeSource Id="PingDirectory" Description="PingDirectory" Type="LDAP" DataSourceId="LDAP-6A9279F9702CB3696B96C31EA3145E265DFF9A84" xmlns:urn1="urn:sourceid.org:saml2:metadata-extension:v2">
                <urn1:Parameter Name="filter" Value="(&amp;(objectClass=cpPerson)(cpSAMAccountName=${username}))"/>
                <urn1:Parameter Name="search_base" Value=""/>
                <urn1:Parameter Name="search_scope" Value="SUBTREE_SCOPE"/>
                <urn1:Parameter Name="memberof_nested_group" Value="false"/>
            </urn1:AttributeSource>
            <urn1:TokenAuthorizationIssuanceCriteria xmlns:urn1="urn:sourceid.org:saml2:metadata-extension:v2">
                <urn1:TokenAuthorizationIssuanceCriterion AttrName="co" AttrSourceId="PingDirectory" AttrSourceType="LDAP" ComparisonValue="FRANCE" ErrorResult="Access Denied" Condition="equals-case-insensitive">
                    <urn1:ExprText/>
                </urn1:TokenAuthorizationIssuanceCriterion>
                <urn1:TokenAuthorizationIssuanceCriterion AttrName="cpEntityLevel1" AttrSourceId="PingDirectory" AttrSourceType="LDAP" ComparisonValue="Capgemini Consulting" ErrorResult="Access Denied" Condition="equals-case-insensitive">
                    <urn1:ExprText/>
                </urn1:TokenAuthorizationIssuanceCriterion>
            </urn1:TokenAuthorizationIssuanceCriteria>
        </urn:UserInfoMapping>
        <urn:scopeAttributesMap/>
        <urn:attributeContractInclusionMap/>
        <urn:ExtendedAttributesAdditionalProperties/>
    </urn:ProviderPolicyGroup>
    <urn:ProviderPolicyGroup policyId="gasubprod" idTokenLife="5" includeSriInIdToken="true" includeUserInfoInIdToken="false" includeSHashInIdToken="false" includeX5tInIdToken="false" idTokenTypHeaderValue="" returnIdTokenOnRefreshGrant="false" reissueIdTokenHybridFlows="false" policyName="gasubprod" accessTokenManagerId="dajwt">
        <urn:UserInfoMapping>
            <urn1:AttributeMap Name="sub" Type="LDAP" AttributeSourceId="LDAP" xmlns:urn1="urn:sourceid.org:saml2:metadata-extension:v2">
                <urn1:ValueText>Subject DN</urn1:ValueText>
            </urn1:AttributeMap>
            <urn1:AttributeMap Name="zoneinfo" Type="No Mapping" xmlns:urn1="urn:sourceid.org:saml2:metadata-extension:v2">
                <urn1:ValueText>NO_MAPPING</urn1:ValueText>
            </urn1:AttributeMap>
            <urn1:AttributeMap Name="address.locality" Type="No Mapping" xmlns:urn1="urn:sourceid.org:saml2:metadata-extension:v2">
                <urn1:ValueText>NO_MAPPING</urn1:ValueText>
            </urn1:AttributeMap>
            <urn1:AttributeMap Name="birthdate" Type="No Mapping" xmlns:urn1="urn:sourceid.org:saml2:metadata-extension:v2">
                <urn1:ValueText>NO_MAPPING</urn1:ValueText>
            </urn1:AttributeMap>
            <urn1:AttributeMap Name="gender" Type="No Mapping" xmlns:urn1="urn:sourceid.org:saml2:metadata-extension:v2">
                <urn1:ValueText>NO_MAPPING</urn1:ValueText>
            </urn1:AttributeMap>
            <urn1:AttributeMap Name="http://schemas.xmlsoap.org/ws/2005/05/identity/claims/upn" Type="LDAP" AttributeSourceId="LDAP" xmlns:urn1="urn:sourceid.org:saml2:metadata-extension:v2">
                <urn1:ValueText>sAMAccountName</urn1:ValueText>
            </urn1:AttributeMap>
            <urn1:AttributeMap Name="preferred_username" Type="No Mapping" xmlns:urn1="urn:sourceid.org:saml2:metadata-extension:v2">
                <urn1:ValueText>NO_MAPPING</urn1:ValueText>
            </urn1:AttributeMap>
            <urn1:AttributeMap Name="locale" Type="No Mapping" xmlns:urn1="urn:sourceid.org:saml2:metadata-extension:v2">
                <urn1:ValueText>NO_MAPPING</urn1:ValueText>
            </urn1:AttributeMap>
            <urn1:AttributeMap Name="address.country" Type="No Mapping" xmlns:urn1="urn:sourceid.org:saml2:metadata-extension:v2">
                <urn1:ValueText>NO_MAPPING</urn1:ValueText>
            </urn1:AttributeMap>
            <urn1:AttributeMap Name="updated_at" Type="No Mapping" xmlns:urn1="urn:sourceid.org:saml2:metadata-extension:v2">
                <urn1:ValueText>NO_MAPPING</urn1:ValueText>
            </urn1:AttributeMap>
            <urn1:AttributeMap Name="address.postal_code" Type="No Mapping" xmlns:urn1="urn:sourceid.org:saml2:metadata-extension:v2">
                <urn1:ValueText>NO_MAPPING</urn1:ValueText>
            </urn1:AttributeMap>
            <urn1:AttributeMap Name="address.region" Type="No Mapping" xmlns:urn1="urn:sourceid.org:saml2:metadata-extension:v2">
                <urn1:ValueText>NO_MAPPING</urn1:ValueText>
            </urn1:AttributeMap>
            <urn1:AttributeMap Name="nickname" Type="No Mapping" xmlns:urn1="urn:sourceid.org:saml2:metadata-extension:v2">
                <urn1:ValueText>NO_MAPPING</urn1:ValueText>
            </urn1:AttributeMap>
            <urn1:AttributeMap Name="email" Type="LDAP" AttributeSourceId="LDAP" xmlns:urn1="urn:sourceid.org:saml2:metadata-extension:v2">
                <urn1:ValueText>mail</urn1:ValueText>
            </urn1:AttributeMap>
            <urn1:AttributeMap Name="website" Type="No Mapping" xmlns:urn1="urn:sourceid.org:saml2:metadata-extension:v2">
                <urn1:ValueText>NO_MAPPING</urn1:ValueText>
            </urn1:AttributeMap>
            <urn1:AttributeMap Name="email_verified" Type="No Mapping" xmlns:urn1="urn:sourceid.org:saml2:metadata-extension:v2">
                <urn1:ValueText>NO_MAPPING</urn1:ValueText>
            </urn1:AttributeMap>
            <urn1:AttributeMap Name="profile" Type="LDAP" AttributeSourceId="LDAP" xmlns:urn1="urn:sourceid.org:saml2:metadata-extension:v2">
                <urn1:ValueText>Subject DN</urn1:ValueText>
            </urn1:AttributeMap>
            <urn1:AttributeMap Name="phone_number_verified" Type="No Mapping" xmlns:urn1="urn:sourceid.org:saml2:metadata-extension:v2">
                <urn1:ValueText>NO_MAPPING</urn1:ValueText>
            </urn1:AttributeMap>
            <urn1:AttributeMap Name="given_name" Type="LDAP" AttributeSourceId="LDAP" xmlns:urn1="urn:sourceid.org:saml2:metadata-extension:v2">
                <urn1:ValueText>givenName</urn1:ValueText>
            </urn1:AttributeMap>
            <urn1:AttributeMap Name="middle_name" Type="No Mapping" xmlns:urn1="urn:sourceid.org:saml2:metadata-extension:v2">
                <urn1:ValueText>NO_MAPPING</urn1:ValueText>
            </urn1:AttributeMap>
            <urn1:AttributeMap Name="picture" Type="No Mapping" xmlns:urn1="urn:sourceid.org:saml2:metadata-extension:v2">
                <urn1:ValueText>NO_MAPPING</urn1:ValueText>
            </urn1:AttributeMap>
            <urn1:AttributeMap Name="name" Type="No Mapping" xmlns:urn1="urn:sourceid.org:saml2:metadata-extension:v2">
                <urn1:ValueText>NO_MAPPING</urn1:ValueText>
            </urn1:AttributeMap>
            <urn1:AttributeMap Name="Country" Type="Token" xmlns:urn1="urn:sourceid.org:saml2:metadata-extension:v2">
                <urn1:ValueText>Country</urn1:ValueText>
            </urn1:AttributeMap>
            <urn1:AttributeMap Name="phone_number" Type="No Mapping" xmlns:urn1="urn:sourceid.org:saml2:metadata-extension:v2">
                <urn1:ValueText>NO_MAPPING</urn1:ValueText>
            </urn1:AttributeMap>
            <urn1:AttributeMap Name="address.formatted" Type="No Mapping" xmlns:urn1="urn:sourceid.org:saml2:metadata-extension:v2">
                <urn1:ValueText>NO_MAPPING</urn1:ValueText>
            </urn1:AttributeMap>
            <urn1:AttributeMap Name="family_name" Type="No Mapping" xmlns:urn1="urn:sourceid.org:saml2:metadata-extension:v2">
                <urn1:ValueText>NO_MAPPING</urn1:ValueText>
            </urn1:AttributeMap>
            <urn1:AttributeMap Name="address.street_address" Type="No Mapping" xmlns:urn1="urn:sourceid.org:saml2:metadata-extension:v2">
                <urn1:ValueText>NO_MAPPING</urn1:ValueText>
            </urn1:AttributeMap>
            <urn1:AttributeSource Id="LDAP" Description="LDAP" Type="LDAP" DataSourceId="LDAP-91DA4250FB99BFEBCA97FDA28D98E697B5122AB0" xmlns:urn1="urn:sourceid.org:saml2:metadata-extension:v2">
                <urn1:Parameter Name="filter" Value="sAMAccountName=${username}"/>
                <urn1:Parameter Name="search_base" Value="dc=corp,dc=capgemini,dc=com"/>
                <urn1:Parameter Name="search_attributes" Value="Subject DN,accountExpires,displayName,employeeNumber,employeeType,givenName,mail,memberOf,primaryGroupID,sAMAccountName,sn,userPrincipalName"/>
                <urn1:Parameter Name="search_scope" Value="SUBTREE_SCOPE"/>
                <urn1:Parameter Name="memberof_nested_group" Value="false"/>
            </urn1:AttributeSource>
            <urn1:TokenAuthorizationIssuanceCriteria xmlns:urn1="urn:sourceid.org:saml2:metadata-extension:v2"/>
        </urn:UserInfoMapping>
        <urn:scopeAttributesMap>
            <urn:item>
                <urn:key>openid</urn:key>
                <urn:value>given_name http://schemas.xmlsoap.org/ws/2005/05/identity/claims/upn</urn:value>
            </urn:item>
            <urn:item>
                <urn:key>sharepoint</urn:key>
                <urn:value>given_name http://schemas.xmlsoap.org/ws/2005/05/identity/claims/upn</urn:value>
            </urn:item>
        </urn:scopeAttributesMap>
        <urn:attributeContractInclusionMap>
            <urn:item>
                <urn:key>http://schemas.xmlsoap.org/ws/2005/05/identity/claims/upn</urn:key>
                <urn:value includeInIdToken="false" includeInUserInfo="true"/>
            </urn:item>
        </urn:attributeContractInclusionMap>
        <urn:ExtendedAttributesAdditionalProperties/>
    </urn:ProviderPolicyGroup>
    <urn:ProviderPolicyGroup policyId="LMS" idTokenLife="60" includeSriInIdToken="true" includeUserInfoInIdToken="true" includeSHashInIdToken="false" includeX5tInIdToken="false" idTokenTypHeaderValue="" returnIdTokenOnRefreshGrant="false" reissueIdTokenHybridFlows="false" policyName="LMS" accessTokenManagerId="pingaccess">
        <urn:UserInfoMapping>
            <urn1:AttributeMap Name="sub" Type="Token" xmlns:urn1="urn:sourceid.org:saml2:metadata-extension:v2">
                <urn1:ValueText>username</urn1:ValueText>
            </urn1:AttributeMap>
            <urn1:AttributeMap Name="zoneinfo" Type="No Mapping" xmlns:urn1="urn:sourceid.org:saml2:metadata-extension:v2">
                <urn1:ValueText>NO_MAPPING</urn1:ValueText>
            </urn1:AttributeMap>
            <urn1:AttributeMap Name="sessionid" Type="Token" xmlns:urn1="urn:sourceid.org:saml2:metadata-extension:v2">
                <urn1:ValueText>sessionid</urn1:ValueText>
            </urn1:AttributeMap>
            <urn1:AttributeMap Name="employeeNumber" Type="LDAP" AttributeSourceId="PingDirectory" xmlns:urn1="urn:sourceid.org:saml2:metadata-extension:v2">
                <urn1:ValueText>employeeNumber</urn1:ValueText>
            </urn1:AttributeMap>
            <urn1:AttributeMap Name="https://outlook.office.com/EWS.AccessAsUser.All" Type="Text" xmlns:urn1="urn:sourceid.org:saml2:metadata-extension:v2">
                <urn1:ValueText>address</urn1:ValueText>
            </urn1:AttributeMap>
            <urn1:AttributeMap Name="UPN" Type="LDAP" AttributeSourceId="PingDirectory" xmlns:urn1="urn:sourceid.org:saml2:metadata-extension:v2">
                <urn1:ValueText>cpUpn</urn1:ValueText>
            </urn1:AttributeMap>
            <urn1:AttributeMap Name="updated_at" Type="LDAP" AttributeSourceId="PingDirectory" xmlns:urn1="urn:sourceid.org:saml2:metadata-extension:v2">
                <urn1:ValueText>cpAccountExpires</urn1:ValueText>
            </urn1:AttributeMap>
            <urn1:AttributeMap Name="DisplayName" Type="LDAP" AttributeSourceId="PingDirectory" xmlns:urn1="urn:sourceid.org:saml2:metadata-extension:v2">
                <urn1:ValueText>displayName</urn1:ValueText>
            </urn1:AttributeMap>
            <urn1:AttributeMap Name="GGID" Type="LDAP" AttributeSourceId="PingDirectory" xmlns:urn1="urn:sourceid.org:saml2:metadata-extension:v2">
                <urn1:ValueText>cpGlobalID</urn1:ValueText>
            </urn1:AttributeMap>
            <urn1:AttributeMap Name="LOGIN" Type="Token" xmlns:urn1="urn:sourceid.org:saml2:metadata-extension:v2">
                <urn1:ValueText>username</urn1:ValueText>
            </urn1:AttributeMap>
            <urn1:AttributeMap Name="sn" Type="LDAP" AttributeSourceId="PingDirectory" xmlns:urn1="urn:sourceid.org:saml2:metadata-extension:v2">
                <urn1:ValueText>sn</urn1:ValueText>
            </urn1:AttributeMap>
            <urn1:AttributeMap Name="prefered_username" Type="Token" xmlns:urn1="urn:sourceid.org:saml2:metadata-extension:v2">
                <urn1:ValueText>username</urn1:ValueText>
            </urn1:AttributeMap>
            <urn1:AttributeMap Name="write" Type="Text" xmlns:urn1="urn:sourceid.org:saml2:metadata-extension:v2">
                <urn1:ValueText>write</urn1:ValueText>
            </urn1:AttributeMap>
            <urn1:AttributeMap Name="email" Type="LDAP" AttributeSourceId="PingDirectory" xmlns:urn1="urn:sourceid.org:saml2:metadata-extension:v2">
                <urn1:ValueText>mail</urn1:ValueText>
            </urn1:AttributeMap>
            <urn1:AttributeMap Name="group" Type="No Mapping" xmlns:urn1="urn:sourceid.org:saml2:metadata-extension:v2">
                <urn1:ValueText>NO_MAPPING</urn1:ValueText>
            </urn1:AttributeMap>
            <urn1:AttributeMap Name="website" Type="No Mapping" xmlns:urn1="urn:sourceid.org:saml2:metadata-extension:v2">
                <urn1:ValueText>NO_MAPPING</urn1:ValueText>
            </urn1:AttributeMap>
            <urn1:AttributeMap Name="UserName" Type="Token" xmlns:urn1="urn:sourceid.org:saml2:metadata-extension:v2">
                <urn1:ValueText>username</urn1:ValueText>
            </urn1:AttributeMap>
            <urn1:AttributeMap Name="FirstName" Type="LDAP" AttributeSourceId="PingDirectory" xmlns:urn1="urn:sourceid.org:saml2:metadata-extension:v2">
                <urn1:ValueText>givenName</urn1:ValueText>
            </urn1:AttributeMap>
            <urn1:AttributeMap Name="openid" Type="Text" xmlns:urn1="urn:sourceid.org:saml2:metadata-extension:v2">
                <urn1:ValueText>openid</urn1:ValueText>
            </urn1:AttributeMap>
            <urn1:AttributeMap Name="profile" Type="Text" xmlns:urn1="urn:sourceid.org:saml2:metadata-extension:v2">
                <urn1:ValueText>profile</urn1:ValueText>
            </urn1:AttributeMap>
            <urn1:AttributeMap Name="given_name" Type="LDAP" AttributeSourceId="PingDirectory" xmlns:urn1="urn:sourceid.org:saml2:metadata-extension:v2">
                <urn1:ValueText>givenName</urn1:ValueText>
            </urn1:AttributeMap>
            <urn1:AttributeMap Name="middle_name" Type="No Mapping" xmlns:urn1="urn:sourceid.org:saml2:metadata-extension:v2">
                <urn1:ValueText>NO_MAPPING</urn1:ValueText>
            </urn1:AttributeMap>
            <urn1:AttributeMap Name="picture" Type="LDAP" AttributeSourceId="PingDirectory" xmlns:urn1="urn:sourceid.org:saml2:metadata-extension:v2">
                <urn1:ValueText>photo</urn1:ValueText>
            </urn1:AttributeMap>
            <urn1:AttributeMap Name="EmployeeType" Type="LDAP" AttributeSourceId="PingDirectory" xmlns:urn1="urn:sourceid.org:saml2:metadata-extension:v2">
                <urn1:ValueText>employeeType</urn1:ValueText>
            </urn1:AttributeMap>
            <urn1:AttributeMap Name="phone" Type="LDAP" AttributeSourceId="PingDirectory" xmlns:urn1="urn:sourceid.org:saml2:metadata-extension:v2">
                <urn1:ValueText>cpTelephoneNumber</urn1:ValueText>
            </urn1:AttributeMap>
            <urn1:AttributeMap Name="AUTH" Type="Text" xmlns:urn1="urn:sourceid.org:saml2:metadata-extension:v2">
                <urn1:ValueText>pingAccess</urn1:ValueText>
            </urn1:AttributeMap>
            <urn1:AttributeMap Name="name" Type="LDAP" AttributeSourceId="PingDirectory" xmlns:urn1="urn:sourceid.org:saml2:metadata-extension:v2">
                <urn1:ValueText>displayName</urn1:ValueText>
            </urn1:AttributeMap>
            <urn1:AttributeMap Name="Country" Type="LDAP" AttributeSourceId="PingDirectory" xmlns:urn1="urn:sourceid.org:saml2:metadata-extension:v2">
                <urn1:ValueText>co</urn1:ValueText>
            </urn1:AttributeMap>
            <urn1:AttributeMap Name="phone_number" Type="LDAP" AttributeSourceId="PingDirectory" xmlns:urn1="urn:sourceid.org:saml2:metadata-extension:v2">
                <urn1:ValueText>cpTelephoneNumber</urn1:ValueText>
            </urn1:AttributeMap>
            <urn1:AttributeMap Name="LastName" Type="LDAP" AttributeSourceId="PingDirectory" xmlns:urn1="urn:sourceid.org:saml2:metadata-extension:v2">
                <urn1:ValueText>sn</urn1:ValueText>
            </urn1:AttributeMap>
            <urn1:AttributeSource Id="PingDirectory" Description="PingDirectory" Type="LDAP" DataSourceId="LDAP-6A9279F9702CB3696B96C31EA3145E265DFF9A84" xmlns:urn1="urn:sourceid.org:saml2:metadata-extension:v2">
                <urn1:Parameter Name="filter" Value="(&amp;(objectClass=cpPerson)(cpSAMAccountName=${username}))"/>
                <urn1:Parameter Name="search_base" Value="ou=CorpUsers,dc=capgemini,dc=com"/>
                <urn1:Parameter Name="search_attributes" Value="Subject DN,co,cpAccountExpires,cpGlobalID,cpTelephoneNumber,cpUpn,displayName,employeeNumber,employeeType,givenName,isMemberOf,mail,photo,sn"/>
                <urn1:Parameter Name="search_scope" Value="SUBTREE_SCOPE"/>
                <urn1:Parameter Name="memberof_nested_group" Value="false"/>
            </urn1:AttributeSource>
            <urn1:TokenAuthorizationIssuanceCriteria xmlns:urn1="urn:sourceid.org:saml2:metadata-extension:v2"/>
        </urn:UserInfoMapping>
        <urn:scopeAttributesMap>
            <urn:item>
                <urn:key>https://outlook.office.com/EWS.AccessAsUser.All</urn:key>
                <urn:value>email sn</urn:value>
            </urn:item>
            <urn:item>
                <urn:key>openid</urn:key>
                <urn:value>email FirstName given_name LastName LOGIN name sessionid sn UPN UserName</urn:value>
            </urn:item>
            <urn:item>
                <urn:key>CIAP</urn:key>
                <urn:value>DisplayName email given_name name openid phone_number prefered_username sn updated_at</urn:value>
            </urn:item>
            <urn:item>
                <urn:key>write</urn:key>
                <urn:value>Country DisplayName email given_name group name sn write</urn:value>
            </urn:item>
        </urn:scopeAttributesMap>
        <urn:attributeContractInclusionMap/>
        <urn:ExtendedAttributesAdditionalProperties/>
    </urn:ProviderPolicyGroup>
    <urn:ProviderPolicyGroup policyId="ReferenceTokenPolicy" idTokenLife="60" includeSriInIdToken="true" includeUserInfoInIdToken="true" includeSHashInIdToken="false" includeX5tInIdToken="false" idTokenTypHeaderValue="" returnIdTokenOnRefreshGrant="false" reissueIdTokenHybridFlows="false" policyName="ReferenceTokenPolicy" accessTokenManagerId="ReferenceAccessToken">
        <urn:UserInfoMapping>
            <urn1:AttributeMap Name="sub" Type="Token" xmlns:urn1="urn:sourceid.org:saml2:metadata-extension:v2">
                <urn1:ValueText>username</urn1:ValueText>
            </urn1:AttributeMap>
            <urn1:AttributeMap Name="preferred_username" Type="Token" xmlns:urn1="urn:sourceid.org:saml2:metadata-extension:v2">
                <urn1:ValueText>username</urn1:ValueText>
            </urn1:AttributeMap>
            <urn1:AttributeMap Name="sessionid" Type="Token" xmlns:urn1="urn:sourceid.org:saml2:metadata-extension:v2">
                <urn1:ValueText>sessionid</urn1:ValueText>
            </urn1:AttributeMap>
            <urn1:AttributeMap Name="Manager" Type="LDAP" AttributeSourceId="PingDirectory" xmlns:urn1="urn:sourceid.org:saml2:metadata-extension:v2">
                <urn1:ValueText>manager</urn1:ValueText>
            </urn1:AttributeMap>
            <urn1:AttributeMap Name="devicetype" Type="Text" xmlns:urn1="urn:sourceid.org:saml2:metadata-extension:v2">
                <urn1:ValueText>Not Managed</urn1:ValueText>
            </urn1:AttributeMap>
            <urn1:AttributeMap Name="https://outlook.office.com/EWS.AccessAsUser.All" Type="Text" xmlns:urn1="urn:sourceid.org:saml2:metadata-extension:v2">
                <urn1:ValueText>https://outlook.office.com/EWS.AccessAsUser.All</urn1:ValueText>
            </urn1:AttributeMap>
            <urn1:AttributeMap Name="UPN" Type="LDAP" AttributeSourceId="PingDirectory" xmlns:urn1="urn:sourceid.org:saml2:metadata-extension:v2">
                <urn1:ValueText>cpUpn</urn1:ValueText>
            </urn1:AttributeMap>
            <urn1:AttributeMap Name="updated_at" Type="LDAP" AttributeSourceId="PingDirectory" xmlns:urn1="urn:sourceid.org:saml2:metadata-extension:v2">
                <urn1:ValueText>cpAccountExpires</urn1:ValueText>
            </urn1:AttributeMap>
            <urn1:AttributeMap Name="DisplayName" Type="LDAP" AttributeSourceId="PingDirectory" xmlns:urn1="urn:sourceid.org:saml2:metadata-extension:v2">
                <urn1:ValueText>displayName</urn1:ValueText>
            </urn1:AttributeMap>
            <urn1:AttributeMap Name="GGID" Type="LDAP" AttributeSourceId="PingDirectory" xmlns:urn1="urn:sourceid.org:saml2:metadata-extension:v2">
                <urn1:ValueText>cpGlobalID</urn1:ValueText>
            </urn1:AttributeMap>
            <urn1:AttributeMap Name="LOGIN" Type="Token" xmlns:urn1="urn:sourceid.org:saml2:metadata-extension:v2">
                <urn1:ValueText>username</urn1:ValueText>
            </urn1:AttributeMap>
            <urn1:AttributeMap Name="sn" Type="LDAP" AttributeSourceId="PingDirectory" xmlns:urn1="urn:sourceid.org:saml2:metadata-extension:v2">
                <urn1:ValueText>sn</urn1:ValueText>
            </urn1:AttributeMap>
            <urn1:AttributeMap Name="write" Type="Text" xmlns:urn1="urn:sourceid.org:saml2:metadata-extension:v2">
                <urn1:ValueText>write</urn1:ValueText>
            </urn1:AttributeMap>
            <urn1:AttributeMap Name="email" Type="LDAP" AttributeSourceId="PingDirectory" xmlns:urn1="urn:sourceid.org:saml2:metadata-extension:v2">
                <urn1:ValueText>mail</urn1:ValueText>
            </urn1:AttributeMap>
            <urn1:AttributeMap Name="group" Type="LDAP" AttributeSourceId="PingDirectory" xmlns:urn1="urn:sourceid.org:saml2:metadata-extension:v2">
                <urn1:ValueText>isMemberOf</urn1:ValueText>
            </urn1:AttributeMap>
            <urn1:AttributeMap Name="UserName" Type="Token" xmlns:urn1="urn:sourceid.org:saml2:metadata-extension:v2">
                <urn1:ValueText>username</urn1:ValueText>
            </urn1:AttributeMap>
            <urn1:AttributeMap Name="openid" Type="Text" xmlns:urn1="urn:sourceid.org:saml2:metadata-extension:v2">
                <urn1:ValueText>openid</urn1:ValueText>
            </urn1:AttributeMap>
            <urn1:AttributeMap Name="profile" Type="Text" xmlns:urn1="urn:sourceid.org:saml2:metadata-extension:v2">
                <urn1:ValueText>profile</urn1:ValueText>
            </urn1:AttributeMap>
            <urn1:AttributeMap Name="EmployeeNumber" Type="LDAP" AttributeSourceId="PingDirectory" xmlns:urn1="urn:sourceid.org:saml2:metadata-extension:v2">
                <urn1:ValueText>employeeNumber</urn1:ValueText>
            </urn1:AttributeMap>
            <urn1:AttributeMap Name="Grade" Type="LDAP" AttributeSourceId="PingDirectory" xmlns:urn1="urn:sourceid.org:saml2:metadata-extension:v2">
                <urn1:ValueText>cpGrade</urn1:ValueText>
            </urn1:AttributeMap>
            <urn1:AttributeMap Name="given_name" Type="LDAP" AttributeSourceId="PingDirectory" xmlns:urn1="urn:sourceid.org:saml2:metadata-extension:v2">
                <urn1:ValueText>givenName</urn1:ValueText>
            </urn1:AttributeMap>
            <urn1:AttributeMap Name="EmployeeType" Type="LDAP" AttributeSourceId="PingDirectory" xmlns:urn1="urn:sourceid.org:saml2:metadata-extension:v2">
                <urn1:ValueText>employeeType</urn1:ValueText>
            </urn1:AttributeMap>
            <urn1:AttributeMap Name="SID" Type="LDAP" AttributeSourceId="PingDirectory" xmlns:urn1="urn:sourceid.org:saml2:metadata-extension:v2">
                <urn1:ValueText>cpObjectSid</urn1:ValueText>
            </urn1:AttributeMap>
            <urn1:AttributeMap Name="JobRole" Type="LDAP" AttributeSourceId="PingDirectory" xmlns:urn1="urn:sourceid.org:saml2:metadata-extension:v2">
                <urn1:ValueText>cpGlobalID</urn1:ValueText>
            </urn1:AttributeMap>
            <urn1:AttributeMap Name="phone" Type="LDAP" AttributeSourceId="PingDirectory" xmlns:urn1="urn:sourceid.org:saml2:metadata-extension:v2">
                <urn1:ValueText>cpTelephoneNumber</urn1:ValueText>
            </urn1:AttributeMap>
            <urn1:AttributeMap Name="AUTH" Type="Text" xmlns:urn1="urn:sourceid.org:saml2:metadata-extension:v2">
                <urn1:ValueText>PingAccess</urn1:ValueText>
            </urn1:AttributeMap>
            <urn1:AttributeMap Name="primaryGroupID" Type="LDAP" AttributeSourceId="PingDirectory" xmlns:urn1="urn:sourceid.org:saml2:metadata-extension:v2">
                <urn1:ValueText>cpPrimaryGroupId</urn1:ValueText>
            </urn1:AttributeMap>
            <urn1:AttributeMap Name="name" Type="LDAP" AttributeSourceId="PingDirectory" xmlns:urn1="urn:sourceid.org:saml2:metadata-extension:v2">
                <urn1:ValueText>displayName</urn1:ValueText>
            </urn1:AttributeMap>
            <urn1:AttributeMap Name="Country" Type="LDAP" AttributeSourceId="PingDirectory" xmlns:urn1="urn:sourceid.org:saml2:metadata-extension:v2">
                <urn1:ValueText>co</urn1:ValueText>
            </urn1:AttributeMap>
            <urn1:AttributeMap Name="phone_number" Type="LDAP" AttributeSourceId="PingDirectory" xmlns:urn1="urn:sourceid.org:saml2:metadata-extension:v2">
                <urn1:ValueText>cpTelephoneNumber</urn1:ValueText>
            </urn1:AttributeMap>
            <urn1:AttributeMap Name="OfficeName" Type="LDAP" AttributeSourceId="PingDirectory" xmlns:urn1="urn:sourceid.org:saml2:metadata-extension:v2">
                <urn1:ValueText>physicalDeliveryOfficeName</urn1:ValueText>
            </urn1:AttributeMap>
            <urn1:AttributeSource Id="PingDirectory" Description="PingDirectory" Type="LDAP" DataSourceId="LDAP-6A9279F9702CB3696B96C31EA3145E265DFF9A84" xmlns:urn1="urn:sourceid.org:saml2:metadata-extension:v2">
                <urn1:Parameter Name="filter" Value="(&amp;(objectClass=cpPerson)(cpSAMAccountName=${username}))"/>
                <urn1:Parameter Name="search_base" Value="ou=corpusers,dc=capgemini,dc=com"/>
                <urn1:Parameter Name="search_attributes" Value="Subject DN,co,cpAccountExpires,cpGlobalID,cpGrade,cpObjectSid,cpPrimaryGroupId,cpTelephoneNumber,cpUpn,displayName,employeeNumber,employeeType,givenName,isMemberOf,mail,manager,physicalDeliveryOfficeName,sn"/>
                <urn1:Parameter Name="search_scope" Value="SUBTREE_SCOPE"/>
                <urn1:Parameter Name="memberof_nested_group" Value="false"/>
            </urn1:AttributeSource>
            <urn1:TokenAuthorizationIssuanceCriteria xmlns:urn1="urn:sourceid.org:saml2:metadata-extension:v2"/>
        </urn:UserInfoMapping>
        <urn:scopeAttributesMap>
            <urn:item>
                <urn:key>https://outlook.office.com/EWS.AccessAsUser.All</urn:key>
                <urn:value>email sn</urn:value>
            </urn:item>
            <urn:item>
                <urn:key>group_scope</urn:key>
                <urn:value>group</urn:value>
            </urn:item>
            <urn:item>
                <urn:key>openid</urn:key>
                <urn:value>Country devicetype email given_name LOGIN sessionid SID sn UPN UserName</urn:value>
            </urn:item>
            <urn:item>
                <urn:key>ping</urn:key>
                <urn:value>Country DisplayName email EmployeeNumber EmployeeType GGID given_name Grade group JobRole LOGIN Manager OfficeName sn</urn:value>
            </urn:item>
            <urn:item>
                <urn:key>CIAP</urn:key>
                <urn:value>DisplayName email given_name group name openid phone_number preferred_username sn updated_at</urn:value>
            </urn:item>
            <urn:item>
                <urn:key>sharepoint</urn:key>
                <urn:value>DisplayName group LOGIN primaryGroupID UPN</urn:value>
            </urn:item>
            <urn:item>
                <urn:key>write</urn:key>
                <urn:value>Country group primaryGroupID write</urn:value>
            </urn:item>
        </urn:scopeAttributesMap>
        <urn:attributeContractInclusionMap/>
        <urn:ExtendedAttributesAdditionalProperties/>
    </urn:ProviderPolicyGroup>
    <urn:ProviderPolicyGroup policyId="Google_GENAIOIDC_POLICY" idTokenLife="120" includeSriInIdToken="true" includeUserInfoInIdToken="true" includeSHashInIdToken="false" includeX5tInIdToken="false" idTokenTypHeaderValue="" returnIdTokenOnRefreshGrant="false" reissueIdTokenHybridFlows="false" policyName="Google_GENAIOIDC_POLICY" accessTokenManagerId="accesstoken">
        <urn:UserInfoMapping>
            <urn1:AttributeMap Name="EntityLevel1" Type="LDAP" AttributeSourceId="PingDirectory" xmlns:urn1="urn:sourceid.org:saml2:metadata-extension:v2">
                <urn1:ValueText>cpEntityLevel1</urn1:ValueText>
            </urn1:AttributeMap>
            <urn1:AttributeMap Name="Locale" Type="No Mapping" xmlns:urn1="urn:sourceid.org:saml2:metadata-extension:v2">
                <urn1:ValueText>NO_MAPPING</urn1:ValueText>
            </urn1:AttributeMap>
            <urn1:AttributeMap Name="sub" Type="Token" xmlns:urn1="urn:sourceid.org:saml2:metadata-extension:v2">
                <urn1:ValueText>Username</urn1:ValueText>
            </urn1:AttributeMap>
            <urn1:AttributeMap Name="zoneinfo" Type="No Mapping" xmlns:urn1="urn:sourceid.org:saml2:metadata-extension:v2">
                <urn1:ValueText>NO_MAPPING</urn1:ValueText>
            </urn1:AttributeMap>
            <urn1:AttributeMap Name="address.locality" Type="No Mapping" xmlns:urn1="urn:sourceid.org:saml2:metadata-extension:v2">
                <urn1:ValueText>NO_MAPPING</urn1:ValueText>
            </urn1:AttributeMap>
            <urn1:AttributeMap Name="birthdate" Type="No Mapping" xmlns:urn1="urn:sourceid.org:saml2:metadata-extension:v2">
                <urn1:ValueText>NO_MAPPING</urn1:ValueText>
            </urn1:AttributeMap>
            <urn1:AttributeMap Name="gender" Type="No Mapping" xmlns:urn1="urn:sourceid.org:saml2:metadata-extension:v2">
                <urn1:ValueText>NO_MAPPING</urn1:ValueText>
            </urn1:AttributeMap>
            <urn1:AttributeMap Name="subcode" Type="LDAP" AttributeSourceId="PingDirectory" xmlns:urn1="urn:sourceid.org:saml2:metadata-extension:v2">
                <urn1:ValueText>cpSbucode</urn1:ValueText>
            </urn1:AttributeMap>
            <urn1:AttributeMap Name="preferred_username" Type="No Mapping" xmlns:urn1="urn:sourceid.org:saml2:metadata-extension:v2">
                <urn1:ValueText>NO_MAPPING</urn1:ValueText>
            </urn1:AttributeMap>
            <urn1:AttributeMap Name="address.country" Type="LDAP" AttributeSourceId="PingDirectory" xmlns:urn1="urn:sourceid.org:saml2:metadata-extension:v2">
                <urn1:ValueText>co</urn1:ValueText>
            </urn1:AttributeMap>
            <urn1:AttributeMap Name="updated_at" Type="No Mapping" xmlns:urn1="urn:sourceid.org:saml2:metadata-extension:v2">
                <urn1:ValueText>NO_MAPPING</urn1:ValueText>
            </urn1:AttributeMap>
            <urn1:AttributeMap Name="address.postal_code" Type="No Mapping" xmlns:urn1="urn:sourceid.org:saml2:metadata-extension:v2">
                <urn1:ValueText>NO_MAPPING</urn1:ValueText>
            </urn1:AttributeMap>
            <urn1:AttributeMap Name="address.region" Type="No Mapping" xmlns:urn1="urn:sourceid.org:saml2:metadata-extension:v2">
                <urn1:ValueText>NO_MAPPING</urn1:ValueText>
            </urn1:AttributeMap>
            <urn1:AttributeMap Name="DisplayName" Type="LDAP" AttributeSourceId="PingDirectory" xmlns:urn1="urn:sourceid.org:saml2:metadata-extension:v2">
                <urn1:ValueText>displayName</urn1:ValueText>
            </urn1:AttributeMap>
            <urn1:AttributeMap Name="nickname" Type="No Mapping" xmlns:urn1="urn:sourceid.org:saml2:metadata-extension:v2">
                <urn1:ValueText>NO_MAPPING</urn1:ValueText>
            </urn1:AttributeMap>
            <urn1:AttributeMap Name="sn" Type="No Mapping" xmlns:urn1="urn:sourceid.org:saml2:metadata-extension:v2">
                <urn1:ValueText>NO_MAPPING</urn1:ValueText>
            </urn1:AttributeMap>
            <urn1:AttributeMap Name="email" Type="LDAP" AttributeSourceId="PingDirectory" xmlns:urn1="urn:sourceid.org:saml2:metadata-extension:v2">
                <urn1:ValueText>mail</urn1:ValueText>
            </urn1:AttributeMap>
            <urn1:AttributeMap Name="group" Type="LDAP" AttributeSourceId="PingDirectory" xmlns:urn1="urn:sourceid.org:saml2:metadata-extension:v2">
                <urn1:ValueText>isMemberOf</urn1:ValueText>
            </urn1:AttributeMap>
            <urn1:AttributeMap Name="website" Type="No Mapping" xmlns:urn1="urn:sourceid.org:saml2:metadata-extension:v2">
                <urn1:ValueText>NO_MAPPING</urn1:ValueText>
            </urn1:AttributeMap>
            <urn1:AttributeMap Name="email_verified" Type="No Mapping" xmlns:urn1="urn:sourceid.org:saml2:metadata-extension:v2">
                <urn1:ValueText>NO_MAPPING</urn1:ValueText>
            </urn1:AttributeMap>
            <urn1:AttributeMap Name="profile" Type="No Mapping" xmlns:urn1="urn:sourceid.org:saml2:metadata-extension:v2">
                <urn1:ValueText>NO_MAPPING</urn1:ValueText>
            </urn1:AttributeMap>
            <urn1:AttributeMap Name="phone_number_verified" Type="No Mapping" xmlns:urn1="urn:sourceid.org:saml2:metadata-extension:v2">
                <urn1:ValueText>NO_MAPPING</urn1:ValueText>
            </urn1:AttributeMap>
            <urn1:AttributeMap Name="Login" Type="Token" xmlns:urn1="urn:sourceid.org:saml2:metadata-extension:v2">
                <urn1:ValueText>Username</urn1:ValueText>
            </urn1:AttributeMap>
            <urn1:AttributeMap Name="given_name" Type="LDAP" AttributeSourceId="PingDirectory" xmlns:urn1="urn:sourceid.org:saml2:metadata-extension:v2">
                <urn1:ValueText>givenName</urn1:ValueText>
            </urn1:AttributeMap>
            <urn1:AttributeMap Name="middle_name" Type="No Mapping" xmlns:urn1="urn:sourceid.org:saml2:metadata-extension:v2">
                <urn1:ValueText>NO_MAPPING</urn1:ValueText>
            </urn1:AttributeMap>
            <urn1:AttributeMap Name="picture" Type="No Mapping" xmlns:urn1="urn:sourceid.org:saml2:metadata-extension:v2">
                <urn1:ValueText>NO_MAPPING</urn1:ValueText>
            </urn1:AttributeMap>
            <urn1:AttributeMap Name="name" Type="No Mapping" xmlns:urn1="urn:sourceid.org:saml2:metadata-extension:v2">
                <urn1:ValueText>NO_MAPPING</urn1:ValueText>
            </urn1:AttributeMap>
            <urn1:AttributeMap Name="Country" Type="LDAP" AttributeSourceId="PingDirectory" xmlns:urn1="urn:sourceid.org:saml2:metadata-extension:v2">
                <urn1:ValueText>co</urn1:ValueText>
            </urn1:AttributeMap>
            <urn1:AttributeMap Name="phone_number" Type="No Mapping" xmlns:urn1="urn:sourceid.org:saml2:metadata-extension:v2">
                <urn1:ValueText>NO_MAPPING</urn1:ValueText>
            </urn1:AttributeMap>
            <urn1:AttributeMap Name="address.formatted" Type="No Mapping" xmlns:urn1="urn:sourceid.org:saml2:metadata-extension:v2">
                <urn1:ValueText>NO_MAPPING</urn1:ValueText>
            </urn1:AttributeMap>
            <urn1:AttributeMap Name="family_name" Type="No Mapping" xmlns:urn1="urn:sourceid.org:saml2:metadata-extension:v2">
                <urn1:ValueText>NO_MAPPING</urn1:ValueText>
            </urn1:AttributeMap>
            <urn1:AttributeMap Name="address.street_address" Type="No Mapping" xmlns:urn1="urn:sourceid.org:saml2:metadata-extension:v2">
                <urn1:ValueText>NO_MAPPING</urn1:ValueText>
            </urn1:AttributeMap>
            <urn1:AttributeSource Id="PingDirectory" Description="PingDirectory" Type="LDAP" DataSourceId="LDAP-6A9279F9702CB3696B96C31EA3145E265DFF9A84" xmlns:urn1="urn:sourceid.org:saml2:metadata-extension:v2">
                <urn1:Parameter Name="filter" Value="(&amp;(objectClass=cpPerson)(cpSAMAccountName=${Username}))"/>
                <urn1:Parameter Name="search_base" Value="ou=corpusers,dc=capgemini,dc=com"/>
                <urn1:Parameter Name="search_attributes" Value="co,cpEntityLevel1,cpSbucode,displayName,emailAddress,givenName,isMemberOf,mail,member,sn,Subject DN"/>
                <urn1:Parameter Name="search_scope" Value="SUBTREE_SCOPE"/>
                <urn1:Parameter Name="memberof_nested_group" Value="false"/>
            </urn1:AttributeSource>
            <urn1:TokenAuthorizationIssuanceCriteria xmlns:urn1="urn:sourceid.org:saml2:metadata-extension:v2"/>
        </urn:UserInfoMapping>
        <urn:scopeAttributesMap>
            <urn:item>
                <urn:key>openid</urn:key>
                <urn:value>Country DisplayName EntityLevel1 Login email given_name sn</urn:value>
            </urn:item>
            <urn:item>
                <urn:key>profile</urn:key>
                <urn:value>Locale birthdate email email_verified family_name gender given_name group middle_name name nickname picture preferred_username profile subcode updated_at website zoneinfo</urn:value>
            </urn:item>
            <urn:item>
                <urn:key>email</urn:key>
                <urn:value>email email_verified</urn:value>
            </urn:item>
        </urn:scopeAttributesMap>
        <urn:attributeContractInclusionMap/>
        <urn:ExtendedAttributesAdditionalProperties/>
    </urn:ProviderPolicyGroup>
</urn:OpenIdConnectProviderPolicy>