<?xml version="1.0" encoding="UTF-8"?>
<datasources>
    <local-tx-datasource maskAttributeValues="false">
        <description>pf-provisioning</description>
        <name>pf-provisioning</name>
        <jndi-name>JDBC-2B2F4C0D3163E5F0F2F4110961BBB117E1A6E2C8</jndi-name>
        <connection-url>jdbc:postgresql://pf-provisioning-primary.postgres-operator.svc:5432/pf-provisioning</connection-url>
        <driver-class>org.postgresql.Driver</driver-class>
        <user-name>pf-service</user-name>
        <password>eyJhbGciOiJkaXIiLCJlbmMiOiJBMTI4Q0JDLUhTMjU2Iiwia2lkIjoiOVk5eHhnd2pqRiIsInZlcnNpb24iOiIxMS4zLjEwLjAifQ..Qks5WEA_9xtbGqzpXT5__Q.HlawdrKpjKXjLP2NlsAJTcdpiKUG_oVINIOSOMfL5NA.LtbiXIu6uT18R6x0jh5wRg</password>
        <min-pool-size>10</min-pool-size>
        <max-pool-size>100</max-pool-size>
        <blocking-timeout-millis>5000</blocking-timeout-millis>
        <idle-timeout-minutes>5</idle-timeout-minutes>
        <check-valid-connection-sql>SELECT 1</check-valid-connection-sql>
        <ping-db-type>Custom</ping-db-type>
        <allow-multi-value-attributes>false</allow-multi-value-attributes>
        <connectionTagList>
            <tagEntry connection-url="jdbc:postgresql://pf-provisioning-primary.postgres-operator.svc:5432/pf-provisioning" tags=""/>
        </connectionTagList>
    </local-tx-datasource>
    <local-tx-datasource maskAttributeValues="false">
        <description>ProvisionerDS (sa)</description>
        <name>ProvisionerDS (sa)</name>
        <jndi-name>ProvisionerDS</jndi-name>
        <connection-url>jdbc:hsqldb:${pf.server.data.dir}${/}hypersonic${/}ProvisionerDefaultDB;hsqldb.lock_file=false</connection-url>
        <driver-class>org.hsqldb.jdbcDriver</driver-class>
        <user-name>sa</user-name>
        <password>eyJhbGciOiJkaXIiLCJlbmMiOiJBMTI4Q0JDLUhTMjU2Iiwia2lkIjoiOVk5eHhnd2pqRiIsInZlcnNpb24iOiIxMS4zLjEwLjAifQ..NYxWfmDFt2c0zD_Lf2tMcQ.LYIkqiS7YEsCx94GLt10fA.6aPsmWcicW_a97USG5Qmxg</password>
        <ping-db-type>Custom</ping-db-type>
        <allow-multi-value-attributes>false</allow-multi-value-attributes>
        <connectionTagList/>
    </local-tx-datasource>
</datasources>