<?xml version="1.0" encoding="UTF-8"?>
<ldap:ldap-sources xmlns:ldap="http://pingidentity.com/2004/09/ldap-ds">
    <ldap:ldap-source id="LDAP-91DA4250FB99BFEBCA97FDA28D98E697B5122AB0" maskAttributeValues="false" ldapType="ActiveDirectory" ldapTypeDesc="Active Directory" testOnBorrow="false" testOnReturn="false" createIfNecessary="false" retryFailedOperations="false" minIdle="10" maxActive="100" maxWait="10" timeBetweenEvictionRunsMillis="60000" readTimeoutMillis="3000" connTimeoutMillis="3000" verifyHost="false" dnsTtlMillis="60000" ldapDnsSrvPrefix="_ldap._tcp" ldapsDnsSrvPrefix="_ldaps._tcp">
        <ldap:host>10.247.124.11:636</ldap:host>
        <ldap:principal>CN=SVC-CORP-PINGPRD,OU=DDA - SuperDDA,OU=Accounts,OU=Resources,DC=corp,DC=capgemini,DC=com</ldap:principal>
        <ldap:use-ssl>true</ldap:use-ssl>
        <ldap:use-dns-srv-records>false</ldap:use-dns-srv-records>
        <ldap:ad-referral>false</ldap:ad-referral>
        <ldap:credentials>eyJhbGciOiJkaXIiLCJlbmMiOiJBMTI4Q0JDLUhTMjU2Iiwia2lkIjoiOVk5eHhnd2pqRiIsInZlcnNpb24iOiIxMS4zLjEwLjAifQ..mfFb6ohwU9iqztq0JNpWeA.5KNbBGuuN1FU1b1TzaSK0d0E8grRuLibNNz48ZArcA8.XL6cHqPJgPj1ZgO95x-5og</ldap:credentials>
        <ldap:authenticationMeth>simple</ldap:authenticationMeth>
        <ldap:description>Active Directory</ldap:description>
        <ldap:name>Active Directory</ldap:name>
        <ldap:binaryAttributes>
            <ldap:binaryAttribute>objectGUID</ldap:binaryAttribute>
            <ldap:binaryAttribute>objectSid</ldap:binaryAttribute>
        </ldap:binaryAttributes>
        <ldap:ldapHostTagList>
            <ldap:tagEntry host="10.247.124.11:636" tags=""/>
            <ldap:tagEntry host="10.36.66.37:636" tags=""/>
        </ldap:ldapHostTagList>
        <ldap:clientTlsCertAlias xsi:nil="true" xmlns:xsi="http://www.w3.org/2001/XMLSchema-instance"/>
    </ldap:ldap-source>
    <ldap:ldap-source id="LDAP-FA8D375DFAC589A222E13AA059319ABF9823B552" maskAttributeValues="false" ldapType="PingDirectory" ldapTypeDesc="PingDirectory" testOnBorrow="false" testOnReturn="false" createIfNecessary="true" retryFailedOperations="false" minIdle="10" maxActive="100" maxWait="-1" timeBetweenEvictionRunsMillis="60000" readTimeoutMillis="3000" connTimeoutMillis="3000" verifyHost="false" dnsTtlMillis="60000" ldapDnsSrvPrefix="_ldap._tcp" ldapsDnsSrvPrefix="_ldaps._tcp">
        <ldap:host>pingdirectory:1636</ldap:host>
        <ldap:principal>uid=pingfederate,ou=devopsaccount,o=platformconfig</ldap:principal>
        <ldap:use-ssl>true</ldap:use-ssl>
        <ldap:use-dns-srv-records>false</ldap:use-dns-srv-records>
        <ldap:ad-referral>false</ldap:ad-referral>
        <ldap:credentials>eyJhbGciOiJkaXIiLCJlbmMiOiJBMTI4Q0JDLUhTMjU2Iiwia2lkIjoiOVk5eHhnd2pqRiIsInZlcnNpb24iOiIxMS4zLjEwLjAifQ..zeMTPTKfekOvVHK79w-9Nw.G9vUA2KDZ7PmQ4_z7DZKJxhWonUKd_z6GHVfWtkvEwU.ZOcBUJy_AUQiLQJGSmj08A</ldap:credentials>
        <ldap:authenticationMeth>simple</ldap:authenticationMeth>
        <ldap:description>pingdirectory:1636</ldap:description>
        <ldap:name>pingdirectory-appintegrations</ldap:name>
        <ldap:binaryAttributes/>
        <ldap:ldapHostTagList>
            <ldap:tagEntry host="pingdirectory:1636" tags=""/>
        </ldap:ldapHostTagList>
        <ldap:clientTlsCertAlias xsi:nil="true" xmlns:xsi="http://www.w3.org/2001/XMLSchema-instance"/>
    </ldap:ldap-source>
    <ldap:ldap-source id="LDAP-1397C5682D2C24DCC18DD85F2F94631CF3B1F66A" maskAttributeValues="false" ldapType="PingDirectory" ldapTypeDesc="PingDirectory" testOnBorrow="false" testOnReturn="false" createIfNecessary="true" retryFailedOperations="false" minIdle="10" maxActive="100" maxWait="-1" timeBetweenEvictionRunsMillis="60000" readTimeoutMillis="120000" connTimeoutMillis="3000" verifyHost="true" dnsTtlMillis="60000" ldapDnsSrvPrefix="_ldap._tcp" ldapsDnsSrvPrefix="_ldaps._tcp">
        <ldap:host>pingdirectory:1389</ldap:host>
        <ldap:principal>uid=PFAdmin,ou=Admin,dc=capgemini,dc=com</ldap:principal>
        <ldap:use-ssl>false</ldap:use-ssl>
        <ldap:use-dns-srv-records>false</ldap:use-dns-srv-records>
        <ldap:ad-referral>false</ldap:ad-referral>
        <ldap:credentials>eyJhbGciOiJkaXIiLCJlbmMiOiJBMTI4Q0JDLUhTMjU2Iiwia2lkIjoiOVk5eHhnd2pqRiIsInZlcnNpb24iOiIxMS4zLjEwLjAifQ..49GePGVE1t67WYax4ZKA3Q.CXTOf7DARZOw8RTV-8dPBQ.pp8exN3FfFZtNZwklT4QWw</ldap:credentials>
        <ldap:authenticationMeth>simple</ldap:authenticationMeth>
        <ldap:description>zscaler-provision</ldap:description>
        <ldap:name>zscaler-provision</ldap:name>
        <ldap:binaryAttributes/>
        <ldap:ldapHostTagList>
            <ldap:tagEntry host="pingdirectory:1389" tags=""/>
        </ldap:ldapHostTagList>
        <ldap:clientTlsCertAlias xsi:nil="true" xmlns:xsi="http://www.w3.org/2001/XMLSchema-instance"/>
    </ldap:ldap-source>
    <ldap:ldap-source id="LDAP-1112F7A75F2D702C9BF4D542DEEDFDC332FAD029" maskAttributeValues="false" ldapType="ActiveDirectory" ldapTypeDesc="Active Directory" testOnBorrow="false" testOnReturn="false" createIfNecessary="true" retryFailedOperations="false" minIdle="10" maxActive="100" maxWait="-1" timeBetweenEvictionRunsMillis="60000" readTimeoutMillis="3000" connTimeoutMillis="3000" verifyHost="false" dnsTtlMillis="60000" ldapDnsSrvPrefix="_ldap._tcp" ldapsDnsSrvPrefix="_ldaps._tcp">
        <ldap:host>10.0.2.19:636</ldap:host>
        <ldap:principal>CN=SVC-IN-PINGSSO,OU=_ACCOUNT-SERVICES,DC=europe,DC=corp,DC=altran,DC=com</ldap:principal>
        <ldap:use-ssl>true</ldap:use-ssl>
        <ldap:use-dns-srv-records>false</ldap:use-dns-srv-records>
        <ldap:ad-referral>false</ldap:ad-referral>
        <ldap:credentials>eyJhbGciOiJkaXIiLCJlbmMiOiJBMTI4Q0JDLUhTMjU2Iiwia2lkIjoiOVk5eHhnd2pqRiIsInZlcnNpb24iOiIxMS4zLjEwLjAifQ..5-JNiSbHK-RbcBzSOP8NQg.HXiB75yj9JDreTMxUqG8yRFRucS23CifcY5Lzorwsvy-O_TGE-h4_xbo-P7s0uw5.tqX-k-fzjyPRhM0_tW7cSQ</ldap:credentials>
        <ldap:authenticationMeth>simple</ldap:authenticationMeth>
        <ldap:description>Altran</ldap:description>
        <ldap:name>Altran</ldap:name>
        <ldap:binaryAttributes/>
        <ldap:ldapHostTagList>
            <ldap:tagEntry host="10.0.2.19:636" tags=""/>
            <ldap:tagEntry host="10.0.2.35:636" tags=""/>
            <ldap:tagEntry host="10.0.2.20:636" tags=""/>
        </ldap:ldapHostTagList>
        <ldap:clientTlsCertAlias xsi:nil="true" xmlns:xsi="http://www.w3.org/2001/XMLSchema-instance"/>
    </ldap:ldap-source>
    <ldap:ldap-source id="LDAP-6A9279F9702CB3696B96C31EA3145E265DFF9A84" maskAttributeValues="false" ldapType="PingDirectory" ldapTypeDesc="PingDirectory" testOnBorrow="true" testOnReturn="false" createIfNecessary="true" retryFailedOperations="false" minIdle="10" maxActive="100" maxWait="-1" timeBetweenEvictionRunsMillis="60000" readTimeoutMillis="30000" connTimeoutMillis="3000" verifyHost="true" dnsTtlMillis="60000" ldapDnsSrvPrefix="_ldap._tcp" ldapsDnsSrvPrefix="_ldaps._tcp">
        <ldap:host>pingdirectory:1389</ldap:host>
        <ldap:principal>uid=pingfederate,ou=devopsaccount,o=platformconfig</ldap:principal>
        <ldap:use-ssl>false</ldap:use-ssl>
        <ldap:use-dns-srv-records>false</ldap:use-dns-srv-records>
        <ldap:ad-referral>false</ldap:ad-referral>
        <ldap:credentials>eyJhbGciOiJkaXIiLCJlbmMiOiJBMTI4Q0JDLUhTMjU2Iiwia2lkIjoiOVk5eHhnd2pqRiIsInZlcnNpb24iOiIxMS4zLjEwLjAifQ..HNfUaErbYzCPkAjRsLmSMw.PLshyb4RFoMvKNx914ep9ICwrGvj6K6U6KSKvcmbkAk.SZtX0M7uE7BYihMVgy1f_g</ldap:credentials>
        <ldap:authenticationMeth>simple</ldap:authenticationMeth>
        <ldap:description>PingDirectory-Users</ldap:description>
        <ldap:name>PingDirectory-Users</ldap:name>
        <ldap:binaryAttributes/>
        <ldap:ldapHostTagList>
            <ldap:tagEntry host="pingdirectory:1389" tags=""/>
        </ldap:ldapHostTagList>
        <ldap:clientTlsCertAlias xsi:nil="true" xmlns:xsi="http://www.w3.org/2001/XMLSchema-instance"/>
    </ldap:ldap-source>
    <ldap:ldap-source id="LDAP-0E1A3A7BD892CE9FB87F1BCF123DDA791EB6F503" maskAttributeValues="false" ldapType="ActiveDirectory" ldapTypeDesc="Active Directory" testOnBorrow="false" testOnReturn="false" createIfNecessary="true" retryFailedOperations="false" minIdle="10" maxActive="100" maxWait="-1" timeBetweenEvictionRunsMillis="60000" readTimeoutMillis="3000" connTimeoutMillis="3000" verifyHost="false" dnsTtlMillis="60000" ldapDnsSrvPrefix="_ldap._tcp" ldapsDnsSrvPrefix="_ldaps._tcp">
        <ldap:host>10.0.2.24:636</ldap:host>
        <ldap:principal>CN=SVC-IN-PingSSO,OU=Service Accounts,OU=Region,DC=AD,DC=Aricent,DC=com</ldap:principal>
        <ldap:use-ssl>true</ldap:use-ssl>
        <ldap:use-dns-srv-records>false</ldap:use-dns-srv-records>
        <ldap:ad-referral>false</ldap:ad-referral>
        <ldap:credentials>eyJhbGciOiJkaXIiLCJlbmMiOiJBMTI4Q0JDLUhTMjU2Iiwia2lkIjoiOVk5eHhnd2pqRiIsInZlcnNpb24iOiIxMS4zLjEwLjAifQ..FxdJE8PEVYLIcR3x8WoRBQ.SPw94EFojvjJ1tsmJN-NMIbHnNHQ57eFONzZP1ZLA_8.gltmLv6ecpGcmEpzsl3iNQ</ldap:credentials>
        <ldap:authenticationMeth>simple</ldap:authenticationMeth>
        <ldap:description>aricent.com</ldap:description>
        <ldap:name>aricent.com</ldap:name>
        <ldap:binaryAttributes/>
        <ldap:ldapHostTagList>
            <ldap:tagEntry host="10.0.2.24:636" tags=""/>
            <ldap:tagEntry host="10.200.0.31:636" tags=""/>
        </ldap:ldapHostTagList>
        <ldap:clientTlsCertAlias xsi:nil="true" xmlns:xsi="http://www.w3.org/2001/XMLSchema-instance"/>
    </ldap:ldap-source>
    <ldap:ldap-source id="LDAP-D1A199EA6AF96D80F08F04126F9F35341B4ABC51" maskAttributeValues="false" ldapType="ActiveDirectory" ldapTypeDesc="Active Directory" testOnBorrow="false" testOnReturn="false" createIfNecessary="true" retryFailedOperations="false" minIdle="10" maxActive="100" maxWait="-1" timeBetweenEvictionRunsMillis="60000" readTimeoutMillis="3000" connTimeoutMillis="3000" verifyHost="false" dnsTtlMillis="60000" ldapDnsSrvPrefix="_ldap._tcp" ldapsDnsSrvPrefix="_ldaps._tcp">
        <ldap:host>10.1.2.11:636</ldap:host>
        <ldap:principal>CN=SSOTesting,OU=Europe,DC=pproject,DC=altran,DC=com</ldap:principal>
        <ldap:use-ssl>true</ldap:use-ssl>
        <ldap:use-dns-srv-records>false</ldap:use-dns-srv-records>
        <ldap:ad-referral>false</ldap:ad-referral>
        <ldap:credentials>eyJhbGciOiJkaXIiLCJlbmMiOiJBMTI4Q0JDLUhTMjU2Iiwia2lkIjoiOVk5eHhnd2pqRiIsInZlcnNpb24iOiIxMS4zLjEwLjAifQ..EdTBjRh3FGSgB5WnuJ6aWA.uOA2FrapV8THCoDAgynyibGvId5fgRwMeuqVPGvQGUA.zNQCuKgDyWHhb-axUAN3_Q</ldap:credentials>
        <ldap:authenticationMeth>simple</ldap:authenticationMeth>
        <ldap:description>PP Project</ldap:description>
        <ldap:name>PP Project</ldap:name>
        <ldap:binaryAttributes>
            <ldap:binaryAttribute>objectGUID</ldap:binaryAttribute>
            <ldap:binaryAttribute>objectSid</ldap:binaryAttribute>
        </ldap:binaryAttributes>
        <ldap:ldapHostTagList>
            <ldap:tagEntry host="10.1.2.11:636" tags=""/>
            <ldap:tagEntry host="10.1.2.12:636" tags=""/>
        </ldap:ldapHostTagList>
        <ldap:clientTlsCertAlias xsi:nil="true" xmlns:xsi="http://www.w3.org/2001/XMLSchema-instance"/>
    </ldap:ldap-source>
</ldap:ldap-sources>