<?xml version="1.0" encoding="UTF-8"?>
<mu:metadataUrls xmlns:mu="http://pingidentity.com/2015/01/metadata-url">
    <mu:metadataUrlCertType>
        <mu:id>H48eol1hoM3tMG3Kjqxb3vmJk</mu:id>
        <mu:name>IAMShowCaseApp</mu:name>
        <mu:metadataUrl>https://sptest.iamshowcase.com/testsp_metadata.xml</mu:metadataUrl>
        <mu:certAlias xsi:nil="true" xmlns:xsi="http://www.w3.org/2001/XMLSchema-instance"/>
        <mu:validateSignature>true</mu:validateSignature>
    </mu:metadataUrlCertType>
    <mu:metadataUrlCertType>
        <mu:id>9GL6NRGlQu1ARBjJClMjIaNfq</mu:id>
        <mu:name>GitHub</mu:name>
        <mu:metadataUrl>https://github.capgemini.com/saml/metadata</mu:metadataUrl>
        <mu:validateSignature>false</mu:validateSignature>
    </mu:metadataUrlCertType>
    <mu:metadataUrlCertType>
        <mu:id>H0JInNPmCWUSkKsu7utCVfusv</mu:id>
        <mu:name>NEXT</mu:name>
        <mu:metadataUrl>https://betatest.degreed.com/saml/sp</mu:metadataUrl>
        <mu:certAlias>ndlmuoojuptg612qxjyu50fk4</mu:certAlias>
        <mu:validateSignature>true</mu:validateSignature>
    </mu:metadataUrlCertType>
    <mu:metadataUrlCertType>
        <mu:id>6l876Ru9obYBmZ67AYet4YUJV</mu:id>
        <mu:name>vmware</mu:name>
        <mu:metadataUrl>https://capgemini-uat0.vmwareidentity.eu/SAAS/API/1.0/GET/metadata/idp.xml</mu:metadataUrl>
        <mu:certAlias xsi:nil="true" xmlns:xsi="http://www.w3.org/2001/XMLSchema-instance"/>
        <mu:validateSignature>false</mu:validateSignature>
    </mu:metadataUrlCertType>
    <mu:metadataUrlCertType>
        <mu:id>vcBxfpXlB8ExuOcDgcFJOTjSh</mu:id>
        <mu:name>CyberArk</mu:name>
        <mu:metadataUrl>https://aba4472.id.cyberark.cloud/Federation/federationmetadata?FederationType=SAML%202.0</mu:metadataUrl>
        <mu:validateSignature>false</mu:validateSignature>
    </mu:metadataUrlCertType>
</mu:metadataUrls>