<?xml version="1.0" encoding="UTF-8"?>
<sk:systemKeys xmlns:sk="http://pingidentity.com/2018/01/system-keys">
    <sk:currentKey>
        <sk:key>eyJhbGciOiJkaXIiLCJlbmMiOiJBMTI4Q0JDLUhTMjU2Iiwia2lkIjoiOVk5eHhnd2pqRiIsInZlcnNpb24iOiIxMC4xLjIuMCIsInppcCI6IkRFRiJ9..tUmuvtcxVi1r8N2d3oM7ZA.uyxgNm22juQAaDPBeTpM956WyWyxLNF0L1oHJOcP4wow-R6lqjDdmD7cPf7aPOey.MEaKF8BtHZAfmRjZTNHWuA</sk:key>
        <sk:generatedTime>2021-02-16T16:50:32.896Z</sk:generatedTime>
    </sk:currentKey>
    <sk:previousKey xsi:nil="true" xmlns:xsi="http://www.w3.org/2001/XMLSchema-instance"/>
    <sk:pendingKey>
        <sk:key>eyJhbGciOiJkaXIiLCJlbmMiOiJBMTI4Q0JDLUhTMjU2Iiwia2lkIjoiOVk5eHhnd2pqRiIsInZlcnNpb24iOiIxMC4xLjIuMCIsInppcCI6IkRFRiJ9..E6APZYW5ZHNwztXuknip7Q.CPkiyA4EYTVXW3mCOjKbflETTgXFwvF4MhyLKjMb-V3FJmcWP2QUeQ2lHJDXe_jS.bV14y87zt4bjrmZsgnXR6g</sk:key>
        <sk:generatedTime>2021-02-16T16:50:32.897Z</sk:generatedTime>
    </sk:pendingKey>
</sk:systemKeys>