<?xml version="1.0" encoding="UTF-8"?>
<ker:KerberosRealmsSettings xmlns:ker="http://pingidentity.com/2012/01/kerberos-realms">
    <ker:KerberosRealms>
        <ker:KerberosRealm id="KERB-EE9849BC966A97B34281CE2830CA9A0CD742885B">
            <ker:kerberosRealmName>corp.capgemini.com</ker:kerberosRealmName>
            <ker:keyDistributionCenters>
                <ker:keyDistributionCenter>10.247.124.11</ker:keyDistributionCenter>
                <ker:keyDistributionCenter>10.36.66.37</ker:keyDistributionCenter>
            </ker:keyDistributionCenters>
            <ker:kerberosUsername>SVC-CORP-PINGPRD</ker:kerberosUsername>
            <ker:kerberosPassword>eyJhbGciOiJkaXIiLCJlbmMiOiJBMTI4Q0JDLUhTMjU2Iiwia2lkIjoiOVk5eHhnd2pqRiIsInZlcnNpb24iOiIxMC4yLjQuMyJ9..ueLdVRJsB8friC7I7O8nkg.Hpwk0wkfg4mu50-EoV5IgXXbae1ehNRdDfv0jL04KeY.aTi4X9vR5KUwuCF1Kv5w-Q</ker:kerberosPassword>
            <ker:suppressDomainNameConcatenation>true</ker:suppressDomainNameConcatenation>
        </ker:KerberosRealm>
    </ker:KerberosRealms>
    <ker:KdcTimeout>3000</ker:KdcTimeout>
    <ker:KdcRetries>3</ker:KdcRetries>
    <ker:ForceTcp>false</ker:ForceTcp>
    <ker:Debug>false</ker:Debug>
</ker:KerberosRealmsSettings>