<?xml version="1.0" encoding="UTF-8"?>
<urn:TokenExchangeProcessorPolicies defaultTokenExchangeProcessorPolicyId="TokenExchange" xmlns:urn="urn:pingidentity.com:pf:oauth:token:exchange">
    <urn:TokenExchangeProcessorPolicy id="TokenExchange" name="TokenExchange" actorTokenRequired="false">
        <urn:ExtendedAttributeContract>
            <urn1:ExtendedAttribute AttributeName="upn" MaskValue="false" xmlns:urn1="urn:sourceid.org:saml2:metadata-extension:v2"/>
            <urn1:ExtendedAttribute AttributeName="Username" MaskValue="false" xmlns:urn1="urn:sourceid.org:saml2:metadata-extension:v2"/>
            <urn1:ExtendedAttribute AttributeName="family_name" MaskValue="false" xmlns:urn1="urn:sourceid.org:saml2:metadata-extension:v2"/>
        </urn:ExtendedAttributeContract>
        <urn:TokenExchangeProcessorMapping subjectTokenType="urn:ietf:params:oauth:token-type:jwt" subjectTokenProcessorId="JWTTokenProcessor" actorTokenType="" actorTokenProcessorId="">
            <urn:AttributeMappingType>
                <urn1:AttributeMap Name="upn" Type="Subject Token" xmlns:urn1="urn:sourceid.org:saml2:metadata-extension:v2">
                    <urn1:ValueText>subjecttoken.upn</urn1:ValueText>
                </urn1:AttributeMap>
                <urn1:AttributeMap Name="Username" Type="LDAP" AttributeSourceId="LDAP" xmlns:urn1="urn:sourceid.org:saml2:metadata-extension:v2">
                    <urn1:ValueText>cpSAMAccountName</urn1:ValueText>
                </urn1:AttributeMap>
                <urn1:AttributeMap Name="subject" Type="Subject Token" xmlns:urn1="urn:sourceid.org:saml2:metadata-extension:v2">
                    <urn1:ValueText>subjecttoken.onPremisesSamAccountName</urn1:ValueText>
                </urn1:AttributeMap>
                <urn1:AttributeMap Name="family_name" Type="Subject Token" xmlns:urn1="urn:sourceid.org:saml2:metadata-extension:v2">
                    <urn1:ValueText>subjecttoken.upn</urn1:ValueText>
                </urn1:AttributeMap>
                <urn1:AttributeSource Id="LDAP" Description="LDAP" Type="LDAP" DataSourceId="LDAP-6A9279F9702CB3696B96C31EA3145E265DFF9A84" xmlns:urn1="urn:sourceid.org:saml2:metadata-extension:v2">
                    <urn1:Parameter Name="filter" Value="cpUpn=${subjecttoken.upn}"/>
                    <urn1:Parameter Name="search_base" Value="ou=CorpUsers,dc=capgemini,dc=com"/>
                    <urn1:Parameter Name="search_attributes" Value="Subject DN,cpSAMAccountName"/>
                    <urn1:Parameter Name="search_scope" Value="SUBTREE_SCOPE"/>
                    <urn1:Parameter Name="memberof_nested_group" Value="false"/>
                </urn1:AttributeSource>
                <urn1:TokenAuthorizationIssuanceCriteria xmlns:urn1="urn:sourceid.org:saml2:metadata-extension:v2"/>
            </urn:AttributeMappingType>
        </urn:TokenExchangeProcessorMapping>
    </urn:TokenExchangeProcessorPolicy>
    <urn:TokenExchangeProcessorPolicy id="TokenExchangeV2" name="TokenExchangeV2" actorTokenRequired="false">
        <urn:ExtendedAttributeContract>
            <urn1:ExtendedAttribute AttributeName="upn" MaskValue="false" xmlns:urn1="urn:sourceid.org:saml2:metadata-extension:v2"/>
            <urn1:ExtendedAttribute AttributeName="Username" MaskValue="false" xmlns:urn1="urn:sourceid.org:saml2:metadata-extension:v2"/>
            <urn1:ExtendedAttribute AttributeName="family_name" MaskValue="false" xmlns:urn1="urn:sourceid.org:saml2:metadata-extension:v2"/>
        </urn:ExtendedAttributeContract>
        <urn:TokenExchangeProcessorMapping subjectTokenType="urn:ietf:params:oauth:token-type:jwt" subjectTokenProcessorId="JWTTokenprocessorV2" actorTokenType="" actorTokenProcessorId="">
            <urn:AttributeMappingType>
                <urn1:AttributeMap Name="upn" Type="Subject Token" xmlns:urn1="urn:sourceid.org:saml2:metadata-extension:v2">
                    <urn1:ValueText>subjecttoken.preferred_username</urn1:ValueText>
                </urn1:AttributeMap>
                <urn1:AttributeMap Name="Username" Type="LDAP" AttributeSourceId="PingDirectory" xmlns:urn1="urn:sourceid.org:saml2:metadata-extension:v2">
                    <urn1:ValueText>cpSAMAccountName</urn1:ValueText>
                </urn1:AttributeMap>
                <urn1:AttributeMap Name="subject" Type="Subject Token" xmlns:urn1="urn:sourceid.org:saml2:metadata-extension:v2">
                    <urn1:ValueText>subjecttoken.preferred_username</urn1:ValueText>
                </urn1:AttributeMap>
                <urn1:AttributeMap Name="family_name" Type="LDAP" AttributeSourceId="PingDirectory" xmlns:urn1="urn:sourceid.org:saml2:metadata-extension:v2">
                    <urn1:ValueText>sn</urn1:ValueText>
                </urn1:AttributeMap>
                <urn1:AttributeSource Id="PingDirectory" Description="PingDirectory" Type="LDAP" DataSourceId="LDAP-6A9279F9702CB3696B96C31EA3145E265DFF9A84" xmlns:urn1="urn:sourceid.org:saml2:metadata-extension:v2">
                    <urn1:Parameter Name="filter" Value="cpupn=${subjecttoken.preferred_username}"/>
                    <urn1:Parameter Name="search_base" Value="ou=CorpUsers,dc=capgemini,dc=com"/>
                    <urn1:Parameter Name="search_attributes" Value="Subject DN,cpSAMAccountName,sn"/>
                    <urn1:Parameter Name="search_scope" Value="SUBTREE_SCOPE"/>
                    <urn1:Parameter Name="memberof_nested_group" Value="false"/>
                </urn1:AttributeSource>
                <urn1:TokenAuthorizationIssuanceCriteria xmlns:urn1="urn:sourceid.org:saml2:metadata-extension:v2"/>
            </urn:AttributeMappingType>
        </urn:TokenExchangeProcessorMapping>
    </urn:TokenExchangeProcessorPolicy>
</urn:TokenExchangeProcessorPolicies>