<?xml version="1.0" encoding="UTF-8"?>
<urn:PluginConfiguration isInheritExtendedContractAttributes="false" name="Parameter_ApiTest_V1.0" xmlns:urn="urn:sourceid.org:saml2:adapter:conf">
    <urn:Fields>
        <urn:Field name="HTTP Request Parameter Name">api_test</urn:Field>
        <urn:Field name="Case-Sensitive Matching">true</urn:Field>
        <urn:Field name="Enable 'Any' Result Value">false</urn:Field>
        <urn:Field name="Enable 'No Match' Result Value">false</urn:Field>
        <urn:Field name="Enable 'Not in Request' Result Value">false</urn:Field>
    </urn:Fields>
    <urn:AdvancedFields/>
    <urn:Tables/>
    <urn:ExtendedContractAttributes>
        <urn:AttributeName>true</urn:AttributeName>
    </urn:ExtendedContractAttributes>
    <urn:ExtendedAttributesAdditionalProperties/>
</urn:PluginConfiguration>