<?xml version="1.0" encoding="UTF-8"?>
<urn:PluginConfiguration isInheritExtendedContractAttributes="false" name="AuthNLevel_Secure_V1.0" xmlns:urn="urn:sourceid.org:saml2:adapter:conf">
    <urn:Fields>
        <urn:Field name="Extended Property">auth_level</urn:Field>
        <urn:Field name="Case-Sensitive Matching">false</urn:Field>
        <urn:Field name="Enable 'No Match' Result Value">true</urn:Field>
    </urn:Fields>
    <urn:AdvancedFields/>
    <urn:Tables/>
    <urn:ExtendedContractAttributes>
        <urn:AttributeName>Secure Apps</urn:AttributeName>
        <urn:AttributeName>High Secure Apps</urn:AttributeName>
    </urn:ExtendedContractAttributes>
    <urn:ExtendedAttributesAdditionalProperties/>
</urn:PluginConfiguration>