<?xml version="1.0" encoding="UTF-8"?>
<urn:PluginConfiguration isInheritExtendedContractAttributes="false" name="CIDR_All_Block_V1.0" xmlns:urn="urn:sourceid.org:saml2:adapter:conf">
    <urn:Fields>
        <urn:Field name="Result Attribute Name">Block</urn:Field>
    </urn:Fields>
    <urn:AdvancedFields/>
    <urn:Tables>
        <urn:Table name="Networks">
            <urn:Row defaultRow="false">
                <urn:Field name="Network Range (CIDR notation)">5.44.45.9/32</urn:Field>
            </urn:Row>
            <urn:Row defaultRow="false">
                <urn:Field name="Network Range (CIDR notation)">198.135.52.106/32</urn:Field>
            </urn:Row>
            <urn:Row defaultRow="false">
                <urn:Field name="Network Range (CIDR notation)">172.81.41.172/32</urn:Field>
            </urn:Row>
            <urn:Row defaultRow="false">
                <urn:Field name="Network Range (CIDR notation)">198.27.74.125/32</urn:Field>
            </urn:Row>
            <urn:Row defaultRow="false">
                <urn:Field name="Network Range (CIDR notation)">35.168.95.233/32</urn:Field>
            </urn:Row>
        </urn:Table>
    </urn:Tables>
    <urn:ExtendedAttributesAdditionalProperties/>
</urn:PluginConfiguration>