<?xml version="1.0" encoding="UTF-8"?>
<urn:PluginConfiguration isInheritExtendedContractAttributes="false" name="CIDR_All_SDA_V1.0" xmlns:urn="urn:sourceid.org:saml2:adapter:conf">
    <urn:Fields>
        <urn:Field name="Result Attribute Name"/>
    </urn:Fields>
    <urn:AdvancedFields/>
    <urn:Tables>
        <urn:Table name="Networks">
            <urn:Row defaultRow="false">
                <urn:Field name="Network Range (CIDR notation)">202.60.62.79/32</urn:Field>
            </urn:Row>
            <urn:Row defaultRow="false">
                <urn:Field name="Network Range (CIDR notation)">202.91.136.7/32</urn:Field>
            </urn:Row>
            <urn:Row defaultRow="false">
                <urn:Field name="Network Range (CIDR notation)">194.4.230.195/32</urn:Field>
            </urn:Row>
            <urn:Row defaultRow="false">
                <urn:Field name="Network Range (CIDR notation)">203.191.35.42/32</urn:Field>
            </urn:Row>
            <urn:Row defaultRow="false">
                <urn:Field name="Network Range (CIDR notation)">202.91.136.60/32</urn:Field>
            </urn:Row>
            <urn:Row defaultRow="false">
                <urn:Field name="Network Range (CIDR notation)">203.191.35.24/32</urn:Field>
            </urn:Row>
            <urn:Row defaultRow="false">
                <urn:Field name="Network Range (CIDR notation)">203.191.35.61/32</urn:Field>
            </urn:Row>
            <urn:Row defaultRow="false">
                <urn:Field name="Network Range (CIDR notation)">203.191.35.62/32</urn:Field>
            </urn:Row>
            <urn:Row defaultRow="false">
                <urn:Field name="Network Range (CIDR notation)">203.191.35.63/32</urn:Field>
            </urn:Row>
            <urn:Row defaultRow="false">
                <urn:Field name="Network Range (CIDR notation)">203.191.35.64/32</urn:Field>
            </urn:Row>
            <urn:Row defaultRow="false">
                <urn:Field name="Network Range (CIDR notation)">203.191.35.65/32</urn:Field>
            </urn:Row>
            <urn:Row defaultRow="false">
                <urn:Field name="Network Range (CIDR notation)">203.191.35.66/32</urn:Field>
            </urn:Row>
            <urn:Row defaultRow="false">
                <urn:Field name="Network Range (CIDR notation)">203.191.35.67/32</urn:Field>
            </urn:Row>
            <urn:Row defaultRow="false">
                <urn:Field name="Network Range (CIDR notation)">203.191.35.22/32</urn:Field>
            </urn:Row>
            <urn:Row defaultRow="false">
                <urn:Field name="Network Range (CIDR notation)">203.191.35.23/32</urn:Field>
            </urn:Row>
            <urn:Row defaultRow="false">
                <urn:Field name="Network Range (CIDR notation)">203.191.35.25/32</urn:Field>
            </urn:Row>
            <urn:Row defaultRow="false">
                <urn:Field name="Network Range (CIDR notation)">192.113.68.152/32</urn:Field>
            </urn:Row>
            <urn:Row defaultRow="false">
                <urn:Field name="Network Range (CIDR notation)">194.4.230.249/32</urn:Field>
            </urn:Row>
            <urn:Row defaultRow="false">
                <urn:Field name="Network Range (CIDR notation)">203.189.182.148/32</urn:Field>
            </urn:Row>
            <urn:Row defaultRow="false">
                <urn:Field name="Network Range (CIDR notation)">202.91.139.18/32</urn:Field>
            </urn:Row>
            <urn:Row defaultRow="false">
                <urn:Field name="Network Range (CIDR notation)">202.60.62.70/32</urn:Field>
            </urn:Row>
            <urn:Row defaultRow="false">
                <urn:Field name="Network Range (CIDR notation)">194.4.230.19/32</urn:Field>
            </urn:Row>
        </urn:Table>
    </urn:Tables>
    <urn:ExtendedAttributesAdditionalProperties/>
</urn:PluginConfiguration>