<?xml version="1.0" encoding="UTF-8"?>
<urn:PluginConfiguration isInheritExtendedContractAttributes="false" name="CIDR_All_SDAPATIP_V1.0" xmlns:urn="urn:sourceid.org:saml2:adapter:conf">
    <urn:Fields>
        <urn:Field name="Result Attribute Name"/>
    </urn:Fields>
    <urn:AdvancedFields/>
    <urn:Tables>
        <urn:Table name="Networks">
            <urn:Row defaultRow="false">
                <urn:Field name="Network Range (CIDR notation)">202.91.139.18/32</urn:Field>
            </urn:Row>
            <urn:Row defaultRow="false">
                <urn:Field name="Network Range (CIDR notation)">202.60.62.70/32</urn:Field>
            </urn:Row>
            <urn:Row defaultRow="false">
                <urn:Field name="Network Range (CIDR notation)">194.4.230.19/32</urn:Field>
            </urn:Row>
            <urn:Row defaultRow="false">
                <urn:Field name="Network Range (CIDR notation)">203.189.182.30/32</urn:Field>
            </urn:Row>
            <urn:Row defaultRow="false">
                <urn:Field name="Network Range (CIDR notation)">194.2.94.112/29</urn:Field>
            </urn:Row>
            <urn:Row defaultRow="false">
                <urn:Field name="Network Range (CIDR notation)">194.4.230.16/32</urn:Field>
            </urn:Row>
            <urn:Row defaultRow="false">
                <urn:Field name="Network Range (CIDR notation)">206.208.228.8/29</urn:Field>
            </urn:Row>
            <urn:Row defaultRow="false">
                <urn:Field name="Network Range (CIDR notation)">80.90.101.112/29</urn:Field>
            </urn:Row>
            <urn:Row defaultRow="false">
                <urn:Field name="Network Range (CIDR notation)">192.176.203.224/29</urn:Field>
            </urn:Row>
        </urn:Table>
    </urn:Tables>
    <urn:ExtendedAttributesAdditionalProperties/>
</urn:PluginConfiguration>