<?xml version="1.0" encoding="UTF-8"?>
<urn:PluginConfiguration isInheritExtendedContractAttributes="false" name="OAuthClient_PAAdmin_V1.0" xmlns:urn="urn:sourceid.org:saml2:adapter:conf">
    <urn:Fields/>
    <urn:AdvancedFields/>
    <urn:Tables>
        <urn:Table name="Clients">
            <urn:Row defaultRow="false">
                <urn:Field name="Client ID">pa_admin</urn:Field>
            </urn:Row>
        </urn:Table>
    </urn:Tables>
    <urn:ExtendedAttributesAdditionalProperties/>
</urn:PluginConfiguration>