<?xml version="1.0" encoding="UTF-8"?>
<urn:PluginConfiguration isInheritExtendedContractAttributes="false" name="WS1HTTPHeader" xmlns:urn="urn:sourceid.org:saml2:adapter:conf">
    <urn:Fields>
        <urn:Field name="Header Name">User-Agent</urn:Field>
        <urn:Field name="Case-Sensitive Matching">false</urn:Field>
    </urn:Fields>
    <urn:AdvancedFields/>
    <urn:Tables>
        <urn:Table name="Results">
            <urn:Row defaultRow="false">
                <urn:Field name="Match Expression">*iPhone*</urn:Field>
            </urn:Row>
            <urn:Row defaultRow="false">
                <urn:Field name="Match Expression">*Android*</urn:Field>
            </urn:Row>
            <urn:Row defaultRow="false">
                <urn:Field name="Match Expression">*iPad*</urn:Field>
            </urn:Row>
            <urn:Row defaultRow="false">
                <urn:Field name="Match Expression">*windows*</urn:Field>
            </urn:Row>
        </urn:Table>
    </urn:Tables>
</urn:PluginConfiguration>