<?xml version="1.0" encoding="UTF-8"?>
<urn:PolicyFragment id="4rcnDvfVju0wexxsdWoOrPtds" name="O365_AuthN_Win/Mac_V2.0_Active" inputContractId="xQgRaQlxicCO5KJo" outputContractId="xQgRaQlxicCO5KJo" lastModifiedMillis="1733806842282" xmlns:urn="urn:pingidentity.com:pf:policy:fragment">
    <urn:policy context="">
        <urn:AstAction xsi:type="urn:AuthnSourceActionType" xmlns:urn="urn:pingidentity.com:pf:authn-selection" xmlns:xsi="http://www.w3.org/2001/XMLSchema-instance">
            <urn:AuthnSourceKey type="ADAPTER">IdentifyFirstO365V1</urn:AuthnSourceKey>
            <urn:fallbackToSuccess>true</urn:fallbackToSuccess>
            <urn:InputIdMapping Type="Inputs" AttributeSourceId="Inputs">
                <urn1:ValueText xmlns:urn1="urn:sourceid.org:saml2:metadata-extension:v2">subject</urn1:ValueText>
            </urn:InputIdMapping>
            <urn:userIdAuthenticated>false</urn:userIdAuthenticated>
        </urn:AstAction>
        <urn1:AstChild context="Fail" xmlns:urn1="urn:pingidentity.com:pf:authn-selection">
            <urn:AstAction noOpType="DONE" xsi:type="urn:NoOpActionType" xmlns:urn="urn:pingidentity.com:pf:authn-selection" xmlns:xsi="http://www.w3.org/2001/XMLSchema-instance"/>
        </urn1:AstChild>
        <urn1:AstChild context="Success" xmlns:urn1="urn:pingidentity.com:pf:authn-selection">
            <urn:AstAction authnSelectorId="CIDRALLGATEWAYIP" xsi:type="urn:AuthnSelectorActionType" xmlns:urn="urn:pingidentity.com:pf:authn-selection" xmlns:xsi="http://www.w3.org/2001/XMLSchema-instance"/>
            <urn1:AstChild context="No">
                <urn:AstAction fragmentId="S6gYD5BeWvMSM5dRHUqWTjnzk" xsi:type="urn:FragmentActionType" xmlns:urn="urn:pingidentity.com:pf:authn-selection" xmlns:xsi="http://www.w3.org/2001/XMLSchema-instance">
                    <urn:fallbackToSuccess>true</urn:fallbackToSuccess>
                    <urn:AttributeMapping>
                        <urn2:AttributeMap Name="firstname" Type="No Mapping" xmlns:urn2="urn:sourceid.org:saml2:metadata-extension:v2">
                            <urn2:ValueText>NO_MAPPING</urn2:ValueText>
                        </urn2:AttributeMap>
                        <urn2:AttributeMap Name="subject" Type="Adapter" AttributeSourceId="IdentifyFirstO365V1" xmlns:urn2="urn:sourceid.org:saml2:metadata-extension:v2">
                            <urn2:ValueText>sAMAccountName</urn2:ValueText>
                        </urn2:AttributeMap>
                        <urn2:AttributeMap Name="memberOf" Type="No Mapping" xmlns:urn2="urn:sourceid.org:saml2:metadata-extension:v2">
                            <urn2:ValueText>NO_MAPPING</urn2:ValueText>
                        </urn2:AttributeMap>
                        <urn2:AttributeMap Name="email" Type="No Mapping" xmlns:urn2="urn:sourceid.org:saml2:metadata-extension:v2">
                            <urn2:ValueText>NO_MAPPING</urn2:ValueText>
                        </urn2:AttributeMap>
                        <urn2:AttributeMap Name="lastname" Type="No Mapping" xmlns:urn2="urn:sourceid.org:saml2:metadata-extension:v2">
                            <urn2:ValueText>NO_MAPPING</urn2:ValueText>
                        </urn2:AttributeMap>
                        <urn2:TokenAuthorizationIssuanceCriteria xmlns:urn2="urn:sourceid.org:saml2:metadata-extension:v2"/>
                    </urn:AttributeMapping>
                </urn:AstAction>
                <urn1:AstChild context="Fail">
                    <urn:AstAction noOpType="DONE" xsi:type="urn:NoOpActionType" xmlns:urn="urn:pingidentity.com:pf:authn-selection" xmlns:xsi="http://www.w3.org/2001/XMLSchema-instance"/>
                </urn1:AstChild>
                <urn1:AstChild context="Success">
                    <urn:AstAction apcId="xQgRaQlxicCO5KJo" xsi:type="urn:ApcMappingActionType" xmlns:urn="urn:pingidentity.com:pf:authn-selection" xmlns:xsi="http://www.w3.org/2001/XMLSchema-instance">
                        <urn:AttributeMapping>
                            <urn2:AttributeMap Name="firstname" Type="No Mapping" xmlns:urn2="urn:sourceid.org:saml2:metadata-extension:v2">
                                <urn2:ValueText>NO_MAPPING</urn2:ValueText>
                            </urn2:AttributeMap>
                            <urn2:AttributeMap Name="subject" Type="Adapter" AttributeSourceId="IdentifyFirstO365V1" xmlns:urn2="urn:sourceid.org:saml2:metadata-extension:v2">
                                <urn2:ValueText>sAMAccountName</urn2:ValueText>
                            </urn2:AttributeMap>
                            <urn2:AttributeMap Name="memberOf" Type="No Mapping" xmlns:urn2="urn:sourceid.org:saml2:metadata-extension:v2">
                                <urn2:ValueText>NO_MAPPING</urn2:ValueText>
                            </urn2:AttributeMap>
                            <urn2:AttributeMap Name="email" Type="No Mapping" xmlns:urn2="urn:sourceid.org:saml2:metadata-extension:v2">
                                <urn2:ValueText>NO_MAPPING</urn2:ValueText>
                            </urn2:AttributeMap>
                            <urn2:AttributeMap Name="lastname" Type="No Mapping" xmlns:urn2="urn:sourceid.org:saml2:metadata-extension:v2">
                                <urn2:ValueText>NO_MAPPING</urn2:ValueText>
                            </urn2:AttributeMap>
                            <urn2:TokenAuthorizationIssuanceCriteria xmlns:urn2="urn:sourceid.org:saml2:metadata-extension:v2"/>
                        </urn:AttributeMapping>
                    </urn:AstAction>
                </urn1:AstChild>
            </urn1:AstChild>
            <urn1:AstChild context="Yes">
                <urn:AstAction authnSelectorId="CIDRGuestNW" xsi:type="urn:AuthnSelectorActionType" xmlns:urn="urn:pingidentity.com:pf:authn-selection" xmlns:xsi="http://www.w3.org/2001/XMLSchema-instance"/>
                <urn1:AstChild context="No">
                    <urn:AstAction xsi:type="urn:AuthnSourceActionType" xmlns:urn="urn:pingidentity.com:pf:authn-selection" xmlns:xsi="http://www.w3.org/2001/XMLSchema-instance">
                        <urn:AuthnSourceKey type="ADAPTER">IdentifyFirstO365V1</urn:AuthnSourceKey>
                        <urn:fallbackToSuccess>false</urn:fallbackToSuccess>
                        <urn:attributeRule>
                            <urn:IncomingAttr>acctype</urn:IncomingAttr>
                            <urn:Operand>EQUALS_CASE_INSENSITIVE</urn:Operand>
                            <urn:ExpectedValue>Generic</urn:ExpectedValue>
                            <urn:Result>Generic</urn:Result>
                        </urn:attributeRule>
                        <urn:attributeRule>
                            <urn:IncomingAttr>memberOf</urn:IncomingAttr>
                            <urn:Operand>MULTIVALUE_CONTAINS_CASE_INSENSITIVE</urn:Operand>
                            <urn:ExpectedValue>CN=gpcorppingsvcaccounts,ou=CorpGroups,dc=capgemini,dc=com</urn:ExpectedValue>
                            <urn:Result>Service Accounts</urn:Result>
                        </urn:attributeRule>
                        <urn:attributeRule>
                            <urn:IncomingAttr>memberOf</urn:IncomingAttr>
                            <urn:Operand>MULTIVALUE_CONTAINS_CASE_INSENSITIVE</urn:Operand>
                            <urn:ExpectedValue>CN=gpcorpmonitoringaccounts,ou=CorpGroups,dc=capgemini,dc=com</urn:ExpectedValue>
                            <urn:Result>Monitoring Group</urn:Result>
                        </urn:attributeRule>
                        <urn:attributeRule>
                            <urn:IncomingAttr>memberOf</urn:IncomingAttr>
                            <urn:Operand>MULTIVALUE_DOES_NOT_CONTAIN_CASE_INSENSITIVE</urn:Operand>
                            <urn:ExpectedValue>CN=gpcorpmonitoringaccounts,ou=CorpGroups,dc=capgemini,dc=com</urn:ExpectedValue>
                            <urn:Result>Normal Users</urn:Result>
                        </urn:attributeRule>
                        <urn:InputIdMapping Type="Inputs" AttributeSourceId="Inputs">
                            <urn2:ValueText xmlns:urn2="urn:sourceid.org:saml2:metadata-extension:v2">subject</urn2:ValueText>
                        </urn:InputIdMapping>
                        <urn:userIdAuthenticated>false</urn:userIdAuthenticated>
                    </urn:AstAction>
                    <urn1:AstChild context="Fail">
                        <urn:AstAction noOpType="DONE" xsi:type="urn:NoOpActionType" xmlns:urn="urn:pingidentity.com:pf:authn-selection" xmlns:xsi="http://www.w3.org/2001/XMLSchema-instance"/>
                    </urn1:AstChild>
                    <urn1:AstChild context="Generic">
                        <urn:AstAction xsi:type="urn:AuthnSourceActionType" xmlns:urn="urn:pingidentity.com:pf:authn-selection" xmlns:xsi="http://www.w3.org/2001/XMLSchema-instance">
                            <urn:AuthnSourceKey type="ADAPTER">CapgeminiHTMLform</urn:AuthnSourceKey>
                            <urn:fallbackToSuccess>true</urn:fallbackToSuccess>
                            <urn:userIdAuthenticated>false</urn:userIdAuthenticated>
                        </urn:AstAction>
                        <urn1:AstChild context="Fail">
                            <urn:AstAction noOpType="DONE" xsi:type="urn:NoOpActionType" xmlns:urn="urn:pingidentity.com:pf:authn-selection" xmlns:xsi="http://www.w3.org/2001/XMLSchema-instance"/>
                        </urn1:AstChild>
                        <urn1:AstChild context="Success">
                            <urn:AstAction apcId="xQgRaQlxicCO5KJo" xsi:type="urn:ApcMappingActionType" xmlns:urn="urn:pingidentity.com:pf:authn-selection" xmlns:xsi="http://www.w3.org/2001/XMLSchema-instance">
                                <urn:AttributeMapping>
                                    <urn2:AttributeMap Name="firstname" Type="No Mapping" xmlns:urn2="urn:sourceid.org:saml2:metadata-extension:v2">
                                        <urn2:ValueText>NO_MAPPING</urn2:ValueText>
                                    </urn2:AttributeMap>
                                    <urn2:AttributeMap Name="subject" Type="Adapter" AttributeSourceId="CapgeminiHTMLform" xmlns:urn2="urn:sourceid.org:saml2:metadata-extension:v2">
                                        <urn2:ValueText>username</urn2:ValueText>
                                    </urn2:AttributeMap>
                                    <urn2:AttributeMap Name="memberOf" Type="No Mapping" xmlns:urn2="urn:sourceid.org:saml2:metadata-extension:v2">
                                        <urn2:ValueText>NO_MAPPING</urn2:ValueText>
                                    </urn2:AttributeMap>
                                    <urn2:AttributeMap Name="email" Type="No Mapping" xmlns:urn2="urn:sourceid.org:saml2:metadata-extension:v2">
                                        <urn2:ValueText>NO_MAPPING</urn2:ValueText>
                                    </urn2:AttributeMap>
                                    <urn2:AttributeMap Name="lastname" Type="No Mapping" xmlns:urn2="urn:sourceid.org:saml2:metadata-extension:v2">
                                        <urn2:ValueText>NO_MAPPING</urn2:ValueText>
                                    </urn2:AttributeMap>
                                    <urn2:TokenAuthorizationIssuanceCriteria xmlns:urn2="urn:sourceid.org:saml2:metadata-extension:v2"/>
                                </urn:AttributeMapping>
                            </urn:AstAction>
                        </urn1:AstChild>
                    </urn1:AstChild>
                    <urn1:AstChild context="Service Accounts">
                        <urn:AstAction xsi:type="urn:AuthnSourceActionType" xmlns:urn="urn:pingidentity.com:pf:authn-selection" xmlns:xsi="http://www.w3.org/2001/XMLSchema-instance">
                            <urn:AuthnSourceKey type="ADAPTER">CapgeminiHTMLform</urn:AuthnSourceKey>
                            <urn:fallbackToSuccess>true</urn:fallbackToSuccess>
                            <urn:userIdAuthenticated>false</urn:userIdAuthenticated>
                        </urn:AstAction>
                        <urn1:AstChild context="Fail">
                            <urn:AstAction noOpType="DONE" xsi:type="urn:NoOpActionType" xmlns:urn="urn:pingidentity.com:pf:authn-selection" xmlns:xsi="http://www.w3.org/2001/XMLSchema-instance"/>
                        </urn1:AstChild>
                        <urn1:AstChild context="Success">
                            <urn:AstAction apcId="xQgRaQlxicCO5KJo" xsi:type="urn:ApcMappingActionType" xmlns:urn="urn:pingidentity.com:pf:authn-selection" xmlns:xsi="http://www.w3.org/2001/XMLSchema-instance">
                                <urn:AttributeMapping>
                                    <urn2:AttributeMap Name="firstname" Type="No Mapping" xmlns:urn2="urn:sourceid.org:saml2:metadata-extension:v2">
                                        <urn2:ValueText>NO_MAPPING</urn2:ValueText>
                                    </urn2:AttributeMap>
                                    <urn2:AttributeMap Name="subject" Type="Adapter" AttributeSourceId="CapgeminiHTMLform" xmlns:urn2="urn:sourceid.org:saml2:metadata-extension:v2">
                                        <urn2:ValueText>username</urn2:ValueText>
                                    </urn2:AttributeMap>
                                    <urn2:AttributeMap Name="memberOf" Type="No Mapping" xmlns:urn2="urn:sourceid.org:saml2:metadata-extension:v2">
                                        <urn2:ValueText>NO_MAPPING</urn2:ValueText>
                                    </urn2:AttributeMap>
                                    <urn2:AttributeMap Name="email" Type="No Mapping" xmlns:urn2="urn:sourceid.org:saml2:metadata-extension:v2">
                                        <urn2:ValueText>NO_MAPPING</urn2:ValueText>
                                    </urn2:AttributeMap>
                                    <urn2:AttributeMap Name="lastname" Type="No Mapping" xmlns:urn2="urn:sourceid.org:saml2:metadata-extension:v2">
                                        <urn2:ValueText>NO_MAPPING</urn2:ValueText>
                                    </urn2:AttributeMap>
                                    <urn2:TokenAuthorizationIssuanceCriteria xmlns:urn2="urn:sourceid.org:saml2:metadata-extension:v2"/>
                                </urn:AttributeMapping>
                            </urn:AstAction>
                        </urn1:AstChild>
                    </urn1:AstChild>
                    <urn1:AstChild context="Monitoring Group">
                        <urn:AstAction xsi:type="urn:AuthnSourceActionType" xmlns:urn="urn:pingidentity.com:pf:authn-selection" xmlns:xsi="http://www.w3.org/2001/XMLSchema-instance">
                            <urn:AuthnSourceKey type="ADAPTER">CapgeminiHTMLform</urn:AuthnSourceKey>
                            <urn:fallbackToSuccess>true</urn:fallbackToSuccess>
                            <urn:userIdAuthenticated>false</urn:userIdAuthenticated>
                        </urn:AstAction>
                        <urn1:AstChild context="Fail">
                            <urn:AstAction noOpType="DONE" xsi:type="urn:NoOpActionType" xmlns:urn="urn:pingidentity.com:pf:authn-selection" xmlns:xsi="http://www.w3.org/2001/XMLSchema-instance"/>
                        </urn1:AstChild>
                        <urn1:AstChild context="Success">
                            <urn:AstAction apcId="xQgRaQlxicCO5KJo" xsi:type="urn:ApcMappingActionType" xmlns:urn="urn:pingidentity.com:pf:authn-selection" xmlns:xsi="http://www.w3.org/2001/XMLSchema-instance">
                                <urn:AttributeMapping>
                                    <urn2:AttributeMap Name="firstname" Type="No Mapping" xmlns:urn2="urn:sourceid.org:saml2:metadata-extension:v2">
                                        <urn2:ValueText>NO_MAPPING</urn2:ValueText>
                                    </urn2:AttributeMap>
                                    <urn2:AttributeMap Name="subject" Type="Adapter" AttributeSourceId="IdentifyFirstO365V1" xmlns:urn2="urn:sourceid.org:saml2:metadata-extension:v2">
                                        <urn2:ValueText>sAMAccountName</urn2:ValueText>
                                    </urn2:AttributeMap>
                                    <urn2:AttributeMap Name="memberOf" Type="No Mapping" xmlns:urn2="urn:sourceid.org:saml2:metadata-extension:v2">
                                        <urn2:ValueText>NO_MAPPING</urn2:ValueText>
                                    </urn2:AttributeMap>
                                    <urn2:AttributeMap Name="email" Type="No Mapping" xmlns:urn2="urn:sourceid.org:saml2:metadata-extension:v2">
                                        <urn2:ValueText>NO_MAPPING</urn2:ValueText>
                                    </urn2:AttributeMap>
                                    <urn2:AttributeMap Name="lastname" Type="No Mapping" xmlns:urn2="urn:sourceid.org:saml2:metadata-extension:v2">
                                        <urn2:ValueText>NO_MAPPING</urn2:ValueText>
                                    </urn2:AttributeMap>
                                    <urn2:TokenAuthorizationIssuanceCriteria xmlns:urn2="urn:sourceid.org:saml2:metadata-extension:v2"/>
                                </urn:AttributeMapping>
                            </urn:AstAction>
                        </urn1:AstChild>
                    </urn1:AstChild>
                    <urn1:AstChild context="Normal Users">
                        <urn:AstAction xsi:type="urn:AuthnSourceActionType" xmlns:urn="urn:pingidentity.com:pf:authn-selection" xmlns:xsi="http://www.w3.org/2001/XMLSchema-instance">
                            <urn:AuthnSourceKey type="ADAPTER">certadapter</urn:AuthnSourceKey>
                            <urn:fallbackToSuccess>true</urn:fallbackToSuccess>
                            <urn:userIdAuthenticated>false</urn:userIdAuthenticated>
                        </urn:AstAction>
                        <urn1:AstChild context="Fail">
                            <urn:AstAction xsi:type="urn:AuthnSourceActionType" xmlns:urn="urn:pingidentity.com:pf:authn-selection" xmlns:xsi="http://www.w3.org/2001/XMLSchema-instance">
                                <urn:AuthnSourceKey type="ADAPTER">PingID</urn:AuthnSourceKey>
                                <urn:fallbackToSuccess>true</urn:fallbackToSuccess>
                                <urn:InputIdMapping Type="Adapter" AttributeSourceId="IdentifyFirstO365V1">
                                    <urn2:ValueText xmlns:urn2="urn:sourceid.org:saml2:metadata-extension:v2">sAMAccountName</urn2:ValueText>
                                </urn:InputIdMapping>
                                <urn:userIdAuthenticated>false</urn:userIdAuthenticated>
                            </urn:AstAction>
                            <urn1:AstChild context="Fail">
                                <urn:AstAction noOpType="DONE" xsi:type="urn:NoOpActionType" xmlns:urn="urn:pingidentity.com:pf:authn-selection" xmlns:xsi="http://www.w3.org/2001/XMLSchema-instance"/>
                            </urn1:AstChild>
                            <urn1:AstChild context="Success">
                                <urn:AstAction apcId="xQgRaQlxicCO5KJo" xsi:type="urn:ApcMappingActionType" xmlns:urn="urn:pingidentity.com:pf:authn-selection" xmlns:xsi="http://www.w3.org/2001/XMLSchema-instance">
                                    <urn:AttributeMapping>
                                        <urn2:AttributeMap Name="firstname" Type="No Mapping" xmlns:urn2="urn:sourceid.org:saml2:metadata-extension:v2">
                                            <urn2:ValueText>NO_MAPPING</urn2:ValueText>
                                        </urn2:AttributeMap>
                                        <urn2:AttributeMap Name="subject" Type="Adapter" AttributeSourceId="IdentifyFirstO365V1" xmlns:urn2="urn:sourceid.org:saml2:metadata-extension:v2">
                                            <urn2:ValueText>sAMAccountName</urn2:ValueText>
                                        </urn2:AttributeMap>
                                        <urn2:AttributeMap Name="memberOf" Type="No Mapping" xmlns:urn2="urn:sourceid.org:saml2:metadata-extension:v2">
                                            <urn2:ValueText>NO_MAPPING</urn2:ValueText>
                                        </urn2:AttributeMap>
                                        <urn2:AttributeMap Name="email" Type="No Mapping" xmlns:urn2="urn:sourceid.org:saml2:metadata-extension:v2">
                                            <urn2:ValueText>NO_MAPPING</urn2:ValueText>
                                        </urn2:AttributeMap>
                                        <urn2:AttributeMap Name="lastname" Type="No Mapping" xmlns:urn2="urn:sourceid.org:saml2:metadata-extension:v2">
                                            <urn2:ValueText>NO_MAPPING</urn2:ValueText>
                                        </urn2:AttributeMap>
                                        <urn2:TokenAuthorizationIssuanceCriteria xmlns:urn2="urn:sourceid.org:saml2:metadata-extension:v2"/>
                                    </urn:AttributeMapping>
                                </urn:AstAction>
                            </urn1:AstChild>
                        </urn1:AstChild>
                        <urn1:AstChild context="Success">
                            <urn:AstAction xsi:type="urn:AuthnSourceActionType" xmlns:urn="urn:pingidentity.com:pf:authn-selection" xmlns:xsi="http://www.w3.org/2001/XMLSchema-instance">
                                <urn:AuthnSourceKey type="ADAPTER">OCSPCheckAdapter</urn:AuthnSourceKey>
                                <urn:fallbackToSuccess>true</urn:fallbackToSuccess>
                                <urn:userIdAuthenticated>false</urn:userIdAuthenticated>
                            </urn:AstAction>
                            <urn1:AstChild context="Fail">
                                <urn:AstAction noOpType="DONE" xsi:type="urn:NoOpActionType" xmlns:urn="urn:pingidentity.com:pf:authn-selection" xmlns:xsi="http://www.w3.org/2001/XMLSchema-instance"/>
                            </urn1:AstChild>
                            <urn1:AstChild context="Success">
                                <urn:AstAction xsi:type="urn:AuthnSourceActionType" xmlns:urn="urn:pingidentity.com:pf:authn-selection" xmlns:xsi="http://www.w3.org/2001/XMLSchema-instance">
                                    <urn:AuthnSourceKey type="ADAPTER">corpKerberos</urn:AuthnSourceKey>
                                    <urn:fallbackToSuccess>true</urn:fallbackToSuccess>
                                    <urn:userIdAuthenticated>false</urn:userIdAuthenticated>
                                </urn:AstAction>
                                <urn1:AstChild context="Fail">
                                    <urn:AstAction fragmentId="miSh4bN7WHetaFkMJrxpyqtWk" xsi:type="urn:FragmentActionType" xmlns:urn="urn:pingidentity.com:pf:authn-selection" xmlns:xsi="http://www.w3.org/2001/XMLSchema-instance">
                                        <urn:fallbackToSuccess>true</urn:fallbackToSuccess>
                                        <urn:AttributeMapping>
                                            <urn2:AttributeMap Name="subject" Type="Adapter" AttributeSourceId="IdentifyFirstO365V1" xmlns:urn2="urn:sourceid.org:saml2:metadata-extension:v2">
                                                <urn2:ValueText>sAMAccountName</urn2:ValueText>
                                            </urn2:AttributeMap>
                                            <urn2:TokenAuthorizationIssuanceCriteria xmlns:urn2="urn:sourceid.org:saml2:metadata-extension:v2">
                                                <urn2:TokenAuthorizationIssuanceCriterion AttrName="" AttrSourceType="Expression" ComparisonValue="" ErrorResult="Invalid User!!">
                                                    <urn2:ExprText>#this.get("ad.IdentifyFirstO365V1.sAMAccountName").getValue().equalsIgnoreCase(#this.get("ad.certadapter.sAMAccountName").getValue())?true:false</urn2:ExprText>
                                                </urn2:TokenAuthorizationIssuanceCriterion>
                                            </urn2:TokenAuthorizationIssuanceCriteria>
                                        </urn:AttributeMapping>
                                    </urn:AstAction>
                                    <urn1:AstChild context="Fail">
                                        <urn:AstAction noOpType="DONE" xsi:type="urn:NoOpActionType" xmlns:urn="urn:pingidentity.com:pf:authn-selection" xmlns:xsi="http://www.w3.org/2001/XMLSchema-instance"/>
                                    </urn1:AstChild>
                                    <urn1:AstChild context="Success">
                                        <urn:AstAction apcId="xQgRaQlxicCO5KJo" xsi:type="urn:ApcMappingActionType" xmlns:urn="urn:pingidentity.com:pf:authn-selection" xmlns:xsi="http://www.w3.org/2001/XMLSchema-instance">
                                            <urn:AttributeMapping>
                                                <urn2:AttributeMap Name="firstname" Type="No Mapping" xmlns:urn2="urn:sourceid.org:saml2:metadata-extension:v2">
                                                    <urn2:ValueText>NO_MAPPING</urn2:ValueText>
                                                </urn2:AttributeMap>
                                                <urn2:AttributeMap Name="subject" Type="Adapter" AttributeSourceId="IdentifyFirstO365V1" xmlns:urn2="urn:sourceid.org:saml2:metadata-extension:v2">
                                                    <urn2:ValueText>sAMAccountName</urn2:ValueText>
                                                </urn2:AttributeMap>
                                                <urn2:AttributeMap Name="memberOf" Type="No Mapping" xmlns:urn2="urn:sourceid.org:saml2:metadata-extension:v2">
                                                    <urn2:ValueText>NO_MAPPING</urn2:ValueText>
                                                </urn2:AttributeMap>
                                                <urn2:AttributeMap Name="email" Type="No Mapping" xmlns:urn2="urn:sourceid.org:saml2:metadata-extension:v2">
                                                    <urn2:ValueText>NO_MAPPING</urn2:ValueText>
                                                </urn2:AttributeMap>
                                                <urn2:AttributeMap Name="lastname" Type="No Mapping" xmlns:urn2="urn:sourceid.org:saml2:metadata-extension:v2">
                                                    <urn2:ValueText>NO_MAPPING</urn2:ValueText>
                                                </urn2:AttributeMap>
                                                <urn2:TokenAuthorizationIssuanceCriteria xmlns:urn2="urn:sourceid.org:saml2:metadata-extension:v2"/>
                                            </urn:AttributeMapping>
                                        </urn:AstAction>
                                    </urn1:AstChild>
                                </urn1:AstChild>
                                <urn1:AstChild context="Success">
                                    <urn:AstAction apcId="xQgRaQlxicCO5KJo" xsi:type="urn:ApcMappingActionType" xmlns:urn="urn:pingidentity.com:pf:authn-selection" xmlns:xsi="http://www.w3.org/2001/XMLSchema-instance">
                                        <urn:AttributeMapping>
                                            <urn2:AttributeMap Name="firstname" Type="No Mapping" xmlns:urn2="urn:sourceid.org:saml2:metadata-extension:v2">
                                                <urn2:ValueText>NO_MAPPING</urn2:ValueText>
                                            </urn2:AttributeMap>
                                            <urn2:AttributeMap Name="subject" Type="Adapter" AttributeSourceId="IdentifyFirstO365V1" xmlns:urn2="urn:sourceid.org:saml2:metadata-extension:v2">
                                                <urn2:ValueText>sAMAccountName</urn2:ValueText>
                                            </urn2:AttributeMap>
                                            <urn2:AttributeMap Name="memberOf" Type="No Mapping" xmlns:urn2="urn:sourceid.org:saml2:metadata-extension:v2">
                                                <urn2:ValueText>NO_MAPPING</urn2:ValueText>
                                            </urn2:AttributeMap>
                                            <urn2:AttributeMap Name="email" Type="No Mapping" xmlns:urn2="urn:sourceid.org:saml2:metadata-extension:v2">
                                                <urn2:ValueText>NO_MAPPING</urn2:ValueText>
                                            </urn2:AttributeMap>
                                            <urn2:AttributeMap Name="lastname" Type="No Mapping" xmlns:urn2="urn:sourceid.org:saml2:metadata-extension:v2">
                                                <urn2:ValueText>NO_MAPPING</urn2:ValueText>
                                            </urn2:AttributeMap>
                                            <urn2:TokenAuthorizationIssuanceCriteria xmlns:urn2="urn:sourceid.org:saml2:metadata-extension:v2">
                                                <urn2:TokenAuthorizationIssuanceCriterion AttrName="" AttrSourceType="Expression" ComparisonValue="" ErrorResult="Invalid User!!">
                                                    <urn2:ExprText>#this.get("ad.IdentifyFirstO365V1.sAMAccountName").getValue().equalsIgnoreCase(#this.get("ad.certadapter.sAMAccountName").getValue())?true:false</urn2:ExprText>
                                                </urn2:TokenAuthorizationIssuanceCriterion>
                                                <urn2:TokenAuthorizationIssuanceCriterion AttrName="" AttrSourceType="Expression" ComparisonValue="" ErrorResult="Invalid User!">
                                                    <urn2:ExprText>#this.get("ad.IdentifyFirstO365V1.sAMAccountName").getValue().equalsIgnoreCase(#this.get("ad.corpKerberos.Username").getValue())?true:false</urn2:ExprText>
                                                </urn2:TokenAuthorizationIssuanceCriterion>
                                            </urn2:TokenAuthorizationIssuanceCriteria>
                                        </urn:AttributeMapping>
                                    </urn:AstAction>
                                </urn1:AstChild>
                            </urn1:AstChild>
                        </urn1:AstChild>
                    </urn1:AstChild>
                </urn1:AstChild>
                <urn1:AstChild context="Yes">
                    <urn:AstAction fragmentId="S6gYD5BeWvMSM5dRHUqWTjnzk" xsi:type="urn:FragmentActionType" xmlns:urn="urn:pingidentity.com:pf:authn-selection" xmlns:xsi="http://www.w3.org/2001/XMLSchema-instance">
                        <urn:fallbackToSuccess>true</urn:fallbackToSuccess>
                        <urn:AttributeMapping>
                            <urn2:AttributeMap Name="firstname" Type="No Mapping" xmlns:urn2="urn:sourceid.org:saml2:metadata-extension:v2">
                                <urn2:ValueText>NO_MAPPING</urn2:ValueText>
                            </urn2:AttributeMap>
                            <urn2:AttributeMap Name="subject" Type="Adapter" AttributeSourceId="IdentifyFirstO365V1" xmlns:urn2="urn:sourceid.org:saml2:metadata-extension:v2">
                                <urn2:ValueText>sAMAccountName</urn2:ValueText>
                            </urn2:AttributeMap>
                            <urn2:AttributeMap Name="memberOf" Type="No Mapping" xmlns:urn2="urn:sourceid.org:saml2:metadata-extension:v2">
                                <urn2:ValueText>NO_MAPPING</urn2:ValueText>
                            </urn2:AttributeMap>
                            <urn2:AttributeMap Name="email" Type="No Mapping" xmlns:urn2="urn:sourceid.org:saml2:metadata-extension:v2">
                                <urn2:ValueText>NO_MAPPING</urn2:ValueText>
                            </urn2:AttributeMap>
                            <urn2:AttributeMap Name="lastname" Type="No Mapping" xmlns:urn2="urn:sourceid.org:saml2:metadata-extension:v2">
                                <urn2:ValueText>NO_MAPPING</urn2:ValueText>
                            </urn2:AttributeMap>
                            <urn2:TokenAuthorizationIssuanceCriteria xmlns:urn2="urn:sourceid.org:saml2:metadata-extension:v2"/>
                        </urn:AttributeMapping>
                    </urn:AstAction>
                    <urn1:AstChild context="Fail">
                        <urn:AstAction noOpType="DONE" xsi:type="urn:NoOpActionType" xmlns:urn="urn:pingidentity.com:pf:authn-selection" xmlns:xsi="http://www.w3.org/2001/XMLSchema-instance"/>
                    </urn1:AstChild>
                    <urn1:AstChild context="Success">
                        <urn:AstAction apcId="xQgRaQlxicCO5KJo" xsi:type="urn:ApcMappingActionType" xmlns:urn="urn:pingidentity.com:pf:authn-selection" xmlns:xsi="http://www.w3.org/2001/XMLSchema-instance">
                            <urn:AttributeMapping>
                                <urn2:AttributeMap Name="firstname" Type="No Mapping" xmlns:urn2="urn:sourceid.org:saml2:metadata-extension:v2">
                                    <urn2:ValueText>NO_MAPPING</urn2:ValueText>
                                </urn2:AttributeMap>
                                <urn2:AttributeMap Name="subject" Type="Adapter" AttributeSourceId="IdentifyFirstO365V1" xmlns:urn2="urn:sourceid.org:saml2:metadata-extension:v2">
                                    <urn2:ValueText>sAMAccountName</urn2:ValueText>
                                </urn2:AttributeMap>
                                <urn2:AttributeMap Name="memberOf" Type="No Mapping" xmlns:urn2="urn:sourceid.org:saml2:metadata-extension:v2">
                                    <urn2:ValueText>NO_MAPPING</urn2:ValueText>
                                </urn2:AttributeMap>
                                <urn2:AttributeMap Name="email" Type="No Mapping" xmlns:urn2="urn:sourceid.org:saml2:metadata-extension:v2">
                                    <urn2:ValueText>NO_MAPPING</urn2:ValueText>
                                </urn2:AttributeMap>
                                <urn2:AttributeMap Name="lastname" Type="No Mapping" xmlns:urn2="urn:sourceid.org:saml2:metadata-extension:v2">
                                    <urn2:ValueText>NO_MAPPING</urn2:ValueText>
                                </urn2:AttributeMap>
                                <urn2:TokenAuthorizationIssuanceCriteria xmlns:urn2="urn:sourceid.org:saml2:metadata-extension:v2"/>
                            </urn:AttributeMapping>
                        </urn:AstAction>
                    </urn1:AstChild>
                </urn1:AstChild>
            </urn1:AstChild>
        </urn1:AstChild>
    </urn:policy>
    <urn:description>This fragment is used for managed windows MAC and Linux devices.</urn:description>
</urn:PolicyFragment>