<?xml version="1.0" encoding="UTF-8"?>
<urn:PolicyFragment id="miSh4bN7WHetaFkMJrxpyqtWk" name="O365_PingID_All_V1_Active" inputContractId="Qy8XDIPiql9xBYJ0" outputContractId="Qy8XDIPiql9xBYJ0" lastModifiedMillis="1724421585708" xmlns:urn="urn:pingidentity.com:pf:policy:fragment">
    <urn:policy context="">
        <urn:AstAction xsi:type="urn:AuthnSourceActionType" xmlns:urn="urn:pingidentity.com:pf:authn-selection" xmlns:xsi="http://www.w3.org/2001/XMLSchema-instance">
            <urn:AuthnSourceKey type="ADAPTER">IdentifyFirstO365V1</urn:AuthnSourceKey>
            <urn:fallbackToSuccess>true</urn:fallbackToSuccess>
            <urn:InputIdMapping Type="Inputs" AttributeSourceId="Inputs">
                <urn1:ValueText xmlns:urn1="urn:sourceid.org:saml2:metadata-extension:v2">subject</urn1:ValueText>
            </urn:InputIdMapping>
            <urn:userIdAuthenticated>false</urn:userIdAuthenticated>
        </urn:AstAction>
        <urn1:AstChild context="Fail" xmlns:urn1="urn:pingidentity.com:pf:authn-selection">
            <urn:AstAction noOpType="DONE" xsi:type="urn:NoOpActionType" xmlns:urn="urn:pingidentity.com:pf:authn-selection" xmlns:xsi="http://www.w3.org/2001/XMLSchema-instance"/>
        </urn1:AstChild>
        <urn1:AstChild context="Success" xmlns:urn1="urn:pingidentity.com:pf:authn-selection">
            <urn:AstAction xsi:type="urn:AuthnSourceActionType" xmlns:urn="urn:pingidentity.com:pf:authn-selection" xmlns:xsi="http://www.w3.org/2001/XMLSchema-instance">
                <urn:AuthnSourceKey type="ADAPTER">PingID</urn:AuthnSourceKey>
                <urn:fallbackToSuccess>true</urn:fallbackToSuccess>
                <urn:InputIdMapping Type="Adapter" AttributeSourceId="IdentifyFirstO365V1">
                    <urn2:ValueText xmlns:urn2="urn:sourceid.org:saml2:metadata-extension:v2">sAMAccountName</urn2:ValueText>
                </urn:InputIdMapping>
                <urn:userIdAuthenticated>false</urn:userIdAuthenticated>
            </urn:AstAction>
            <urn1:AstChild context="Fail">
                <urn:AstAction noOpType="DONE" xsi:type="urn:NoOpActionType" xmlns:urn="urn:pingidentity.com:pf:authn-selection" xmlns:xsi="http://www.w3.org/2001/XMLSchema-instance"/>
            </urn1:AstChild>
            <urn1:AstChild context="Success">
                <urn:AstAction apcId="Qy8XDIPiql9xBYJ0" xsi:type="urn:ApcMappingActionType" xmlns:urn="urn:pingidentity.com:pf:authn-selection" xmlns:xsi="http://www.w3.org/2001/XMLSchema-instance">
                    <urn:AttributeMapping>
                        <urn2:AttributeMap Name="subject" Type="Adapter" AttributeSourceId="IdentifyFirstO365V1" xmlns:urn2="urn:sourceid.org:saml2:metadata-extension:v2">
                            <urn2:ValueText>sAMAccountName</urn2:ValueText>
                        </urn2:AttributeMap>
                        <urn2:TokenAuthorizationIssuanceCriteria xmlns:urn2="urn:sourceid.org:saml2:metadata-extension:v2"/>
                    </urn:AttributeMapping>
                </urn:AstAction>
            </urn1:AstChild>
        </urn1:AstChild>
    </urn:policy>
    <urn:description>This Fragement will call PingID on New O365 Policy

06-OCT-2023</urn:description>
</urn:PolicyFragment>