<?xml version="1.0" encoding="UTF-8"?>
<urn:PolicyFragment id="PingidregUnmankrb" name="PingID register for failed kerberos flow 19May 2022" inputContractId="ZOsdeJOqRviIRGcf" outputContractId="ZOsdeJOqRviIRGcf" lastModifiedMillis="1669972870617" xmlns:urn="urn:pingidentity.com:pf:policy:fragment">
    <urn:policy context="">
        <urn:AstAction xsi:type="urn:AuthnSourceActionType" xmlns:urn="urn:pingidentity.com:pf:authn-selection" xmlns:xsi="http://www.w3.org/2001/XMLSchema-instance">
            <urn:AuthnSourceKey type="ADAPTER">PingID</urn:AuthnSourceKey>
            <urn:fallbackToSuccess>true</urn:fallbackToSuccess>
            <urn:InputIdMapping Type="Inputs" AttributeSourceId="Inputs" Value="subject"/>
            <urn:userIdAuthenticated>true</urn:userIdAuthenticated>
        </urn:AstAction>
        <urn1:AstChild context="Fail" xmlns:urn1="urn:pingidentity.com:pf:authn-selection">
            <urn:AstAction xsi:type="urn:AuthnSourceActionType" xmlns:urn="urn:pingidentity.com:pf:authn-selection" xmlns:xsi="http://www.w3.org/2001/XMLSchema-instance">
                <urn:AuthnSourceKey type="ADAPTER">CapgeminiHTMLform</urn:AuthnSourceKey>
                <urn:fallbackToSuccess>true</urn:fallbackToSuccess>
                <urn:InputIdMapping Type="Inputs" AttributeSourceId="Inputs" Value="subject"/>
                <urn:userIdAuthenticated>true</urn:userIdAuthenticated>
            </urn:AstAction>
            <urn1:AstChild context="Fail">
                <urn:AstAction noOpType="DONE" xsi:type="urn:NoOpActionType" xmlns:urn="urn:pingidentity.com:pf:authn-selection" xmlns:xsi="http://www.w3.org/2001/XMLSchema-instance"/>
            </urn1:AstChild>
            <urn1:AstChild context="Success">
                <urn:AstAction xsi:type="urn:AuthnSourceActionType" xmlns:urn="urn:pingidentity.com:pf:authn-selection" xmlns:xsi="http://www.w3.org/2001/XMLSchema-instance">
                    <urn:AuthnSourceKey type="ADAPTER">PingIDRegistration</urn:AuthnSourceKey>
                    <urn:fallbackToSuccess>true</urn:fallbackToSuccess>
                    <urn:InputIdMapping Type="Adapter" AttributeSourceId="CapgeminiHTMLform" Value="username"/>
                    <urn:userIdAuthenticated>true</urn:userIdAuthenticated>
                </urn:AstAction>
                <urn1:AstChild context="Fail">
                    <urn:AstAction noOpType="DONE" xsi:type="urn:NoOpActionType" xmlns:urn="urn:pingidentity.com:pf:authn-selection" xmlns:xsi="http://www.w3.org/2001/XMLSchema-instance"/>
                </urn1:AstChild>
                <urn1:AstChild context="Success">
                    <urn:AstAction apcId="ZOsdeJOqRviIRGcf" xsi:type="urn:ApcMappingActionType" xmlns:urn="urn:pingidentity.com:pf:authn-selection" xmlns:xsi="http://www.w3.org/2001/XMLSchema-instance">
                        <urn:AttributeMapping>
                            <urn2:AttributeMap Name="fname" Type="Inputs" AttributeSourceId="inputs" Value="fname" xmlns:urn2="urn:sourceid.org:saml2:metadata-extension:v2"/>
                            <urn2:AttributeMap Name="lname" Type="Inputs" AttributeSourceId="inputs" Value="lname" xmlns:urn2="urn:sourceid.org:saml2:metadata-extension:v2"/>
                            <urn2:AttributeMap Name="subject" Type="Adapter" AttributeSourceId="CapgeminiHTMLform" Value="username" xmlns:urn2="urn:sourceid.org:saml2:metadata-extension:v2"/>
                            <urn2:AttributeMap Name="memberOf" Type="Inputs" AttributeSourceId="inputs" Value="memberOf" xmlns:urn2="urn:sourceid.org:saml2:metadata-extension:v2"/>
                            <urn2:AttributeMap Name="EPACheck" Type="No Mapping" Value="NO_MAPPING" xmlns:urn2="urn:sourceid.org:saml2:metadata-extension:v2"/>
                            <urn2:AttributeMap Name="email" Type="Inputs" AttributeSourceId="inputs" Value="email" xmlns:urn2="urn:sourceid.org:saml2:metadata-extension:v2"/>
                            <urn2:AttributeMap Name="userPrincipalName" Type="Inputs" AttributeSourceId="inputs" Value="userPrincipalName" xmlns:urn2="urn:sourceid.org:saml2:metadata-extension:v2"/>
                            <urn2:TokenAuthorizationIssuanceCriteria xmlns:urn2="urn:sourceid.org:saml2:metadata-extension:v2"/>
                        </urn:AttributeMapping>
                    </urn:AstAction>
                </urn1:AstChild>
            </urn1:AstChild>
        </urn1:AstChild>
        <urn1:AstChild context="Success" xmlns:urn1="urn:pingidentity.com:pf:authn-selection">
            <urn:AstAction apcId="ZOsdeJOqRviIRGcf" xsi:type="urn:ApcMappingActionType" xmlns:urn="urn:pingidentity.com:pf:authn-selection" xmlns:xsi="http://www.w3.org/2001/XMLSchema-instance">
                <urn:AttributeMapping>
                    <urn2:AttributeMap Name="fname" Type="Inputs" AttributeSourceId="inputs" Value="fname" xmlns:urn2="urn:sourceid.org:saml2:metadata-extension:v2"/>
                    <urn2:AttributeMap Name="lname" Type="Inputs" AttributeSourceId="inputs" Value="lname" xmlns:urn2="urn:sourceid.org:saml2:metadata-extension:v2"/>
                    <urn2:AttributeMap Name="subject" Type="Inputs" AttributeSourceId="inputs" Value="subject" xmlns:urn2="urn:sourceid.org:saml2:metadata-extension:v2"/>
                    <urn2:AttributeMap Name="memberOf" Type="Inputs" AttributeSourceId="inputs" Value="memberOf" xmlns:urn2="urn:sourceid.org:saml2:metadata-extension:v2"/>
                    <urn2:AttributeMap Name="EPACheck" Type="No Mapping" Value="NO_MAPPING" xmlns:urn2="urn:sourceid.org:saml2:metadata-extension:v2"/>
                    <urn2:AttributeMap Name="email" Type="Inputs" AttributeSourceId="inputs" Value="email" xmlns:urn2="urn:sourceid.org:saml2:metadata-extension:v2"/>
                    <urn2:AttributeMap Name="userPrincipalName" Type="Inputs" AttributeSourceId="inputs" Value="userPrincipalName" xmlns:urn2="urn:sourceid.org:saml2:metadata-extension:v2"/>
                    <urn2:TokenAuthorizationIssuanceCriteria xmlns:urn2="urn:sourceid.org:saml2:metadata-extension:v2"/>
                </urn:AttributeMapping>
            </urn:AstAction>
        </urn1:AstChild>
    </urn:policy>
    <urn:description>PingID register for failed kerberos flow 19May 2022</urn:description>
</urn:PolicyFragment>