<?xml version="1.0" encoding="UTF-8"?>
<urn:PolicyFragment id="PingidregUnmanage" name="PingID register for unmanaged flow 17March 2022" inputContractId="ZOsdeJOqRviIRGcf" outputContractId="ZOsdeJOqRviIRGcf" lastModifiedMillis="1680439087744" xmlns:urn="urn:pingidentity.com:pf:policy:fragment">
    <urn:policy context="">
        <urn:AstAction xsi:type="urn:AuthnSourceActionType" xmlns:urn="urn:pingidentity.com:pf:authn-selection" xmlns:xsi="http://www.w3.org/2001/XMLSchema-instance">
            <urn:AuthnSourceKey type="ADAPTER">IdentifyFirst</urn:AuthnSourceKey>
            <urn:fallbackToSuccess>true</urn:fallbackToSuccess>
            <urn:InputIdMapping Type="Inputs" AttributeSourceId="Inputs">
                <urn1:ValueText xmlns:urn1="urn:sourceid.org:saml2:metadata-extension:v2">subject</urn1:ValueText>
            </urn:InputIdMapping>
            <urn:userIdAuthenticated>false</urn:userIdAuthenticated>
        </urn:AstAction>
        <urn1:AstChild context="Fail" xmlns:urn1="urn:pingidentity.com:pf:authn-selection">
            <urn:AstAction noOpType="DONE" xsi:type="urn:NoOpActionType" xmlns:urn="urn:pingidentity.com:pf:authn-selection" xmlns:xsi="http://www.w3.org/2001/XMLSchema-instance"/>
        </urn1:AstChild>
        <urn1:AstChild context="Success" xmlns:urn1="urn:pingidentity.com:pf:authn-selection">
            <urn:AstAction xsi:type="urn:AuthnSourceActionType" xmlns:urn="urn:pingidentity.com:pf:authn-selection" xmlns:xsi="http://www.w3.org/2001/XMLSchema-instance">
                <urn:AuthnSourceKey type="ADAPTER">PingID</urn:AuthnSourceKey>
                <urn:fallbackToSuccess>true</urn:fallbackToSuccess>
                <urn:InputIdMapping Type="Adapter" AttributeSourceId="IdentifyFirst">
                    <urn2:ValueText xmlns:urn2="urn:sourceid.org:saml2:metadata-extension:v2">sAMAccountName</urn2:ValueText>
                </urn:InputIdMapping>
                <urn:userIdAuthenticated>true</urn:userIdAuthenticated>
            </urn:AstAction>
            <urn1:AstChild context="Fail">
                <urn:AstAction xsi:type="urn:AuthnSourceActionType" xmlns:urn="urn:pingidentity.com:pf:authn-selection" xmlns:xsi="http://www.w3.org/2001/XMLSchema-instance">
                    <urn:AuthnSourceKey type="ADAPTER">EmailOTPMFARegister</urn:AuthnSourceKey>
                    <urn:fallbackToSuccess>true</urn:fallbackToSuccess>
                    <urn:InputIdMapping Type="Adapter" AttributeSourceId="IdentifyFirst">
                        <urn2:ValueText xmlns:urn2="urn:sourceid.org:saml2:metadata-extension:v2">personal_email</urn2:ValueText>
                    </urn:InputIdMapping>
                    <urn:userIdAuthenticated>false</urn:userIdAuthenticated>
                </urn:AstAction>
                <urn1:AstChild context="Fail">
                    <urn:AstAction noOpType="DONE" xsi:type="urn:NoOpActionType" xmlns:urn="urn:pingidentity.com:pf:authn-selection" xmlns:xsi="http://www.w3.org/2001/XMLSchema-instance"/>
                </urn1:AstChild>
                <urn1:AstChild context="Success">
                    <urn:AstAction xsi:type="urn:AuthnSourceActionType" xmlns:urn="urn:pingidentity.com:pf:authn-selection" xmlns:xsi="http://www.w3.org/2001/XMLSchema-instance">
                        <urn:AuthnSourceKey type="ADAPTER">OTPSMS</urn:AuthnSourceKey>
                        <urn:fallbackToSuccess>true</urn:fallbackToSuccess>
                        <urn:InputIdMapping Type="Adapter" AttributeSourceId="IdentifyFirst">
                            <urn2:ValueText xmlns:urn2="urn:sourceid.org:saml2:metadata-extension:v2">subject</urn2:ValueText>
                        </urn:InputIdMapping>
                        <urn:userIdAuthenticated>false</urn:userIdAuthenticated>
                    </urn:AstAction>
                    <urn1:AstChild context="Fail">
                        <urn:AstAction noOpType="DONE" xsi:type="urn:NoOpActionType" xmlns:urn="urn:pingidentity.com:pf:authn-selection" xmlns:xsi="http://www.w3.org/2001/XMLSchema-instance"/>
                    </urn1:AstChild>
                    <urn1:AstChild context="Success">
                        <urn:AstAction xsi:type="urn:AuthnSourceActionType" xmlns:urn="urn:pingidentity.com:pf:authn-selection" xmlns:xsi="http://www.w3.org/2001/XMLSchema-instance">
                            <urn:AuthnSourceKey type="ADAPTER">PingIDRegistration</urn:AuthnSourceKey>
                            <urn:fallbackToSuccess>true</urn:fallbackToSuccess>
                            <urn:InputIdMapping Type="Adapter" AttributeSourceId="IdentifyFirst">
                                <urn2:ValueText xmlns:urn2="urn:sourceid.org:saml2:metadata-extension:v2">sAMAccountName</urn2:ValueText>
                            </urn:InputIdMapping>
                            <urn:userIdAuthenticated>true</urn:userIdAuthenticated>
                        </urn:AstAction>
                        <urn1:AstChild context="Fail">
                            <urn:AstAction noOpType="DONE" xsi:type="urn:NoOpActionType" xmlns:urn="urn:pingidentity.com:pf:authn-selection" xmlns:xsi="http://www.w3.org/2001/XMLSchema-instance"/>
                        </urn1:AstChild>
                        <urn1:AstChild context="Success">
                            <urn:AstAction apcId="ZOsdeJOqRviIRGcf" xsi:type="urn:ApcMappingActionType" xmlns:urn="urn:pingidentity.com:pf:authn-selection" xmlns:xsi="http://www.w3.org/2001/XMLSchema-instance">
                                <urn:AttributeMapping>
                                    <urn2:AttributeMap Name="fname" Type="Adapter" AttributeSourceId="IdentifyFirst" xmlns:urn2="urn:sourceid.org:saml2:metadata-extension:v2">
                                        <urn2:ValueText>FirstName</urn2:ValueText>
                                    </urn2:AttributeMap>
                                    <urn2:AttributeMap Name="lname" Type="Adapter" AttributeSourceId="IdentifyFirst" xmlns:urn2="urn:sourceid.org:saml2:metadata-extension:v2">
                                        <urn2:ValueText>LastName</urn2:ValueText>
                                    </urn2:AttributeMap>
                                    <urn2:AttributeMap Name="subject" Type="Adapter" AttributeSourceId="IdentifyFirst" xmlns:urn2="urn:sourceid.org:saml2:metadata-extension:v2">
                                        <urn2:ValueText>sAMAccountName</urn2:ValueText>
                                    </urn2:AttributeMap>
                                    <urn2:AttributeMap Name="memberOf" Type="Adapter" AttributeSourceId="IdentifyFirst" xmlns:urn2="urn:sourceid.org:saml2:metadata-extension:v2">
                                        <urn2:ValueText>memberOf</urn2:ValueText>
                                    </urn2:AttributeMap>
                                    <urn2:AttributeMap Name="EPACheck" Type="No Mapping" xmlns:urn2="urn:sourceid.org:saml2:metadata-extension:v2">
                                        <urn2:ValueText>NO_MAPPING</urn2:ValueText>
                                    </urn2:AttributeMap>
                                    <urn2:AttributeMap Name="email" Type="Adapter" AttributeSourceId="IdentifyFirst" xmlns:urn2="urn:sourceid.org:saml2:metadata-extension:v2">
                                        <urn2:ValueText>mail</urn2:ValueText>
                                    </urn2:AttributeMap>
                                    <urn2:AttributeMap Name="userPrincipalName" Type="Adapter" AttributeSourceId="IdentifyFirst" xmlns:urn2="urn:sourceid.org:saml2:metadata-extension:v2">
                                        <urn2:ValueText>userPrincipalName</urn2:ValueText>
                                    </urn2:AttributeMap>
                                    <urn2:TokenAuthorizationIssuanceCriteria xmlns:urn2="urn:sourceid.org:saml2:metadata-extension:v2"/>
                                </urn:AttributeMapping>
                            </urn:AstAction>
                        </urn1:AstChild>
                    </urn1:AstChild>
                </urn1:AstChild>
            </urn1:AstChild>
            <urn1:AstChild context="Success">
                <urn:AstAction apcId="ZOsdeJOqRviIRGcf" xsi:type="urn:ApcMappingActionType" xmlns:urn="urn:pingidentity.com:pf:authn-selection" xmlns:xsi="http://www.w3.org/2001/XMLSchema-instance">
                    <urn:AttributeMapping>
                        <urn2:AttributeMap Name="fname" Type="No Mapping" xmlns:urn2="urn:sourceid.org:saml2:metadata-extension:v2">
                            <urn2:ValueText>NO_MAPPING</urn2:ValueText>
                        </urn2:AttributeMap>
                        <urn2:AttributeMap Name="lname" Type="No Mapping" xmlns:urn2="urn:sourceid.org:saml2:metadata-extension:v2">
                            <urn2:ValueText>NO_MAPPING</urn2:ValueText>
                        </urn2:AttributeMap>
                        <urn2:AttributeMap Name="subject" Type="Adapter" AttributeSourceId="IdentifyFirst" xmlns:urn2="urn:sourceid.org:saml2:metadata-extension:v2">
                            <urn2:ValueText>sAMAccountName</urn2:ValueText>
                        </urn2:AttributeMap>
                        <urn2:AttributeMap Name="memberOf" Type="No Mapping" xmlns:urn2="urn:sourceid.org:saml2:metadata-extension:v2">
                            <urn2:ValueText>NO_MAPPING</urn2:ValueText>
                        </urn2:AttributeMap>
                        <urn2:AttributeMap Name="EPACheck" Type="No Mapping" xmlns:urn2="urn:sourceid.org:saml2:metadata-extension:v2">
                            <urn2:ValueText>NO_MAPPING</urn2:ValueText>
                        </urn2:AttributeMap>
                        <urn2:AttributeMap Name="email" Type="No Mapping" xmlns:urn2="urn:sourceid.org:saml2:metadata-extension:v2">
                            <urn2:ValueText>NO_MAPPING</urn2:ValueText>
                        </urn2:AttributeMap>
                        <urn2:AttributeMap Name="userPrincipalName" Type="No Mapping" xmlns:urn2="urn:sourceid.org:saml2:metadata-extension:v2">
                            <urn2:ValueText>NO_MAPPING</urn2:ValueText>
                        </urn2:AttributeMap>
                        <urn2:TokenAuthorizationIssuanceCriteria xmlns:urn2="urn:sourceid.org:saml2:metadata-extension:v2"/>
                    </urn:AttributeMapping>
                </urn:AstAction>
            </urn1:AstChild>
        </urn1:AstChild>
    </urn:policy>
    <urn:description>PingID register for unmanaged flow 17March 2022</urn:description>
</urn:PolicyFragment>