<?xml version="1.0" encoding="UTF-8"?>
<urn:PolicyFragment id="sGQDWe3cdcDbNegR" name="MFA_AuthN_All_V1.0_Active" inputContractId="7jDEcLMTxY363Rbr" outputContractId="Qy8XDIPiql9xBYJ0" lastModifiedMillis="1724420255419" xmlns:urn="urn:pingidentity.com:pf:policy:fragment">
    <urn:policy context="">
        <urn:AstAction xsi:type="urn:AuthnSourceActionType" xmlns:urn="urn:pingidentity.com:pf:authn-selection" xmlns:xsi="http://www.w3.org/2001/XMLSchema-instance">
            <urn:AuthnSourceKey type="ADAPTER">IdentifyFirst</urn:AuthnSourceKey>
            <urn:fallbackToSuccess>true</urn:fallbackToSuccess>
            <urn:InputIdMapping Type="Context">
                <urn1:ValueText xmlns:urn1="urn:sourceid.org:saml2:metadata-extension:v2">context.RequestedUser</urn1:ValueText>
            </urn:InputIdMapping>
            <urn:userIdAuthenticated>false</urn:userIdAuthenticated>
        </urn:AstAction>
        <urn1:AstChild context="Fail" xmlns:urn1="urn:pingidentity.com:pf:authn-selection">
            <urn:AstAction noOpType="DONE" xsi:type="urn:NoOpActionType" xmlns:urn="urn:pingidentity.com:pf:authn-selection" xmlns:xsi="http://www.w3.org/2001/XMLSchema-instance"/>
        </urn1:AstChild>
        <urn1:AstChild context="Success" xmlns:urn1="urn:pingidentity.com:pf:authn-selection">
            <urn:AstAction xsi:type="urn:AuthnSourceActionType" xmlns:urn="urn:pingidentity.com:pf:authn-selection" xmlns:xsi="http://www.w3.org/2001/XMLSchema-instance">
                <urn:AuthnSourceKey type="ADAPTER">IdentifyFirstMFASelect</urn:AuthnSourceKey>
                <urn:fallbackToSuccess>false</urn:fallbackToSuccess>
                <urn:attributeRule>
                    <urn:IncomingAttr>subject</urn:IncomingAttr>
                    <urn:Operand>EQUALS_CASE_INSENSITIVE</urn:Operand>
                    <urn:ExpectedValue>pingid</urn:ExpectedValue>
                    <urn:Result>PingID</urn:Result>
                </urn:attributeRule>
                <urn:attributeRule>
                    <urn:IncomingAttr>subject</urn:IncomingAttr>
                    <urn:Operand>EQUALS_CASE_INSENSITIVE</urn:Operand>
                    <urn:ExpectedValue>emailOTP</urn:ExpectedValue>
                    <urn:Result>emailOTP</urn:Result>
                </urn:attributeRule>
                <urn:attributeRule>
                    <urn:IncomingAttr>subject</urn:IncomingAttr>
                    <urn:Operand>EQUALS_CASE_INSENSITIVE</urn:Operand>
                    <urn:ExpectedValue>SMSOTP</urn:ExpectedValue>
                    <urn:Result>SMSOTP</urn:Result>
                </urn:attributeRule>
                <urn:userIdAuthenticated>false</urn:userIdAuthenticated>
            </urn:AstAction>
            <urn1:AstChild context="Fail">
                <urn:AstAction noOpType="DONE" xsi:type="urn:NoOpActionType" xmlns:urn="urn:pingidentity.com:pf:authn-selection" xmlns:xsi="http://www.w3.org/2001/XMLSchema-instance"/>
            </urn1:AstChild>
            <urn1:AstChild context="PingID">
                <urn:AstAction xsi:type="urn:AuthnSourceActionType" xmlns:urn="urn:pingidentity.com:pf:authn-selection" xmlns:xsi="http://www.w3.org/2001/XMLSchema-instance">
                    <urn:AuthnSourceKey type="ADAPTER">PingID</urn:AuthnSourceKey>
                    <urn:fallbackToSuccess>true</urn:fallbackToSuccess>
                    <urn:InputIdMapping Type="Adapter" AttributeSourceId="IdentifyFirst">
                        <urn2:ValueText xmlns:urn2="urn:sourceid.org:saml2:metadata-extension:v2">sAMAccountName</urn2:ValueText>
                    </urn:InputIdMapping>
                    <urn:userIdAuthenticated>true</urn:userIdAuthenticated>
                </urn:AstAction>
                <urn1:AstChild context="Fail">
                    <urn:AstAction noOpType="DONE" xsi:type="urn:NoOpActionType" xmlns:urn="urn:pingidentity.com:pf:authn-selection" xmlns:xsi="http://www.w3.org/2001/XMLSchema-instance"/>
                </urn1:AstChild>
                <urn1:AstChild context="Success">
                    <urn:AstAction apcId="Qy8XDIPiql9xBYJ0" xsi:type="urn:ApcMappingActionType" xmlns:urn="urn:pingidentity.com:pf:authn-selection" xmlns:xsi="http://www.w3.org/2001/XMLSchema-instance">
                        <urn:AttributeMapping>
                            <urn2:AttributeMap Name="subject" Type="Adapter" AttributeSourceId="IdentifyFirst" xmlns:urn2="urn:sourceid.org:saml2:metadata-extension:v2">
                                <urn2:ValueText>subject</urn2:ValueText>
                            </urn2:AttributeMap>
                            <urn2:TokenAuthorizationIssuanceCriteria xmlns:urn2="urn:sourceid.org:saml2:metadata-extension:v2"/>
                        </urn:AttributeMapping>
                    </urn:AstAction>
                </urn1:AstChild>
            </urn1:AstChild>
            <urn1:AstChild context="emailOTP">
                <urn:AstAction xsi:type="urn:AuthnSourceActionType" xmlns:urn="urn:pingidentity.com:pf:authn-selection" xmlns:xsi="http://www.w3.org/2001/XMLSchema-instance">
                    <urn:AuthnSourceKey type="ADAPTER">EmailOTP</urn:AuthnSourceKey>
                    <urn:fallbackToSuccess>true</urn:fallbackToSuccess>
                    <urn:InputIdMapping Type="Adapter" AttributeSourceId="IdentifyFirst">
                        <urn2:ValueText xmlns:urn2="urn:sourceid.org:saml2:metadata-extension:v2">mail</urn2:ValueText>
                    </urn:InputIdMapping>
                    <urn:userIdAuthenticated>false</urn:userIdAuthenticated>
                </urn:AstAction>
                <urn1:AstChild context="Fail">
                    <urn:AstAction noOpType="DONE" xsi:type="urn:NoOpActionType" xmlns:urn="urn:pingidentity.com:pf:authn-selection" xmlns:xsi="http://www.w3.org/2001/XMLSchema-instance"/>
                </urn1:AstChild>
                <urn1:AstChild context="Success">
                    <urn:AstAction apcId="Qy8XDIPiql9xBYJ0" xsi:type="urn:ApcMappingActionType" xmlns:urn="urn:pingidentity.com:pf:authn-selection" xmlns:xsi="http://www.w3.org/2001/XMLSchema-instance">
                        <urn:AttributeMapping>
                            <urn2:AttributeMap Name="subject" Type="Adapter" AttributeSourceId="IdentifyFirst" xmlns:urn2="urn:sourceid.org:saml2:metadata-extension:v2">
                                <urn2:ValueText>subject</urn2:ValueText>
                            </urn2:AttributeMap>
                            <urn2:TokenAuthorizationIssuanceCriteria xmlns:urn2="urn:sourceid.org:saml2:metadata-extension:v2"/>
                        </urn:AttributeMapping>
                    </urn:AstAction>
                </urn1:AstChild>
            </urn1:AstChild>
            <urn1:AstChild context="SMSOTP">
                <urn:AstAction xsi:type="urn:AuthnSourceActionType" xmlns:urn="urn:pingidentity.com:pf:authn-selection" xmlns:xsi="http://www.w3.org/2001/XMLSchema-instance">
                    <urn:AuthnSourceKey type="ADAPTER">OTPSMS</urn:AuthnSourceKey>
                    <urn:fallbackToSuccess>true</urn:fallbackToSuccess>
                    <urn:InputIdMapping Type="Adapter" AttributeSourceId="IdentifyFirst">
                        <urn2:ValueText xmlns:urn2="urn:sourceid.org:saml2:metadata-extension:v2">subject</urn2:ValueText>
                    </urn:InputIdMapping>
                    <urn:userIdAuthenticated>false</urn:userIdAuthenticated>
                </urn:AstAction>
                <urn1:AstChild context="Fail">
                    <urn:AstAction noOpType="DONE" xsi:type="urn:NoOpActionType" xmlns:urn="urn:pingidentity.com:pf:authn-selection" xmlns:xsi="http://www.w3.org/2001/XMLSchema-instance"/>
                </urn1:AstChild>
                <urn1:AstChild context="Success">
                    <urn:AstAction apcId="Qy8XDIPiql9xBYJ0" xsi:type="urn:ApcMappingActionType" xmlns:urn="urn:pingidentity.com:pf:authn-selection" xmlns:xsi="http://www.w3.org/2001/XMLSchema-instance">
                        <urn:AttributeMapping>
                            <urn2:AttributeMap Name="subject" Type="Adapter" AttributeSourceId="IdentifyFirst" xmlns:urn2="urn:sourceid.org:saml2:metadata-extension:v2">
                                <urn2:ValueText>subject</urn2:ValueText>
                            </urn2:AttributeMap>
                            <urn2:TokenAuthorizationIssuanceCriteria xmlns:urn2="urn:sourceid.org:saml2:metadata-extension:v2"/>
                        </urn:AttributeMapping>
                    </urn:AstAction>
                </urn1:AstChild>
            </urn1:AstChild>
        </urn1:AstChild>
    </urn:policy>
    <urn:description>Identity First MFA select branch</urn:description>
</urn:PolicyFragment>