<?xml version="1.0" encoding="UTF-8"?>
<urn:PolicyFragment id="THaFgevlwFgmf253ZRTMH5vgM" name="PingID  X-users V1" inputContractId="Qy8XDIPiql9xBYJ0" outputContractId="Qy8XDIPiql9xBYJ0" lastModifiedMillis="1746361637007" xmlns:urn="urn:pingidentity.com:pf:policy:fragment">
    <urn:policy context="">
        <urn:AstAction xsi:type="urn:AuthnSourceActionType" xmlns:urn="urn:pingidentity.com:pf:authn-selection" xmlns:xsi="http://www.w3.org/2001/XMLSchema-instance">
            <urn:AuthnSourceKey type="ADAPTER">IdentifyFirst</urn:AuthnSourceKey>
            <urn:fallbackToSuccess>true</urn:fallbackToSuccess>
            <urn:InputIdMapping Type="Inputs" AttributeSourceId="Inputs">
                <urn1:ValueText xmlns:urn1="urn:sourceid.org:saml2:metadata-extension:v2">subject</urn1:ValueText>
            </urn:InputIdMapping>
            <urn:userIdAuthenticated>false</urn:userIdAuthenticated>
        </urn:AstAction>
        <urn1:AstChild context="Fail" xmlns:urn1="urn:pingidentity.com:pf:authn-selection">
            <urn:AstAction noOpType="DONE" xsi:type="urn:NoOpActionType" xmlns:urn="urn:pingidentity.com:pf:authn-selection" xmlns:xsi="http://www.w3.org/2001/XMLSchema-instance"/>
        </urn1:AstChild>
        <urn1:AstChild context="Success" xmlns:urn1="urn:pingidentity.com:pf:authn-selection">
            <urn:AstAction authnSelectorId="AppsExtPropSecure" xsi:type="urn:AuthnSelectorActionType" xmlns:urn="urn:pingidentity.com:pf:authn-selection" xmlns:xsi="http://www.w3.org/2001/XMLSchema-instance"/>
            <urn1:AstChild context="High Secure Apps">
                <urn:AstAction xsi:type="urn:AuthnSourceActionType" xmlns:urn="urn:pingidentity.com:pf:authn-selection" xmlns:xsi="http://www.w3.org/2001/XMLSchema-instance">
                    <urn:AuthnSourceKey type="ADAPTER">PingIDFIDO2</urn:AuthnSourceKey>
                    <urn:fallbackToSuccess>true</urn:fallbackToSuccess>
                    <urn:InputIdMapping Type="Adapter" AttributeSourceId="IdentifyFirst">
                        <urn2:ValueText xmlns:urn2="urn:sourceid.org:saml2:metadata-extension:v2">sAMAccountName</urn2:ValueText>
                    </urn:InputIdMapping>
                    <urn:userIdAuthenticated>false</urn:userIdAuthenticated>
                </urn:AstAction>
                <urn1:AstChild context="Fail">
                    <urn:AstAction noOpType="DONE" xsi:type="urn:NoOpActionType" xmlns:urn="urn:pingidentity.com:pf:authn-selection" xmlns:xsi="http://www.w3.org/2001/XMLSchema-instance"/>
                </urn1:AstChild>
                <urn1:AstChild context="Success">
                    <urn:AstAction xsi:type="urn:AuthnSourceActionType" xmlns:urn="urn:pingidentity.com:pf:authn-selection" xmlns:xsi="http://www.w3.org/2001/XMLSchema-instance">
                        <urn:AuthnSourceKey type="ADAPTER">EmailOTP</urn:AuthnSourceKey>
                        <urn:fallbackToSuccess>true</urn:fallbackToSuccess>
                        <urn:InputIdMapping Type="Adapter" AttributeSourceId="IdentifyFirst">
                            <urn2:ValueText xmlns:urn2="urn:sourceid.org:saml2:metadata-extension:v2">mail</urn2:ValueText>
                        </urn:InputIdMapping>
                        <urn:userIdAuthenticated>false</urn:userIdAuthenticated>
                    </urn:AstAction>
                    <urn1:AstChild context="Fail">
                        <urn:AstAction noOpType="DONE" xsi:type="urn:NoOpActionType" xmlns:urn="urn:pingidentity.com:pf:authn-selection" xmlns:xsi="http://www.w3.org/2001/XMLSchema-instance"/>
                    </urn1:AstChild>
                    <urn1:AstChild context="Success">
                        <urn:AstAction apcId="Qy8XDIPiql9xBYJ0" xsi:type="urn:ApcMappingActionType" xmlns:urn="urn:pingidentity.com:pf:authn-selection" xmlns:xsi="http://www.w3.org/2001/XMLSchema-instance">
                            <urn:AttributeMapping>
                                <urn2:AttributeMap Name="subject" Type="Adapter" AttributeSourceId="IdentifyFirst" xmlns:urn2="urn:sourceid.org:saml2:metadata-extension:v2">
                                    <urn2:ValueText>subject</urn2:ValueText>
                                </urn2:AttributeMap>
                                <urn2:TokenAuthorizationIssuanceCriteria xmlns:urn2="urn:sourceid.org:saml2:metadata-extension:v2"/>
                            </urn:AttributeMapping>
                        </urn:AstAction>
                    </urn1:AstChild>
                </urn1:AstChild>
            </urn1:AstChild>
            <urn1:AstChild context="Secure Apps">
                <urn:AstAction xsi:type="urn:AuthnSourceActionType" xmlns:urn="urn:pingidentity.com:pf:authn-selection" xmlns:xsi="http://www.w3.org/2001/XMLSchema-instance">
                    <urn:AuthnSourceKey type="ADAPTER">PingIDFIDO2</urn:AuthnSourceKey>
                    <urn:fallbackToSuccess>true</urn:fallbackToSuccess>
                    <urn:InputIdMapping Type="Adapter" AttributeSourceId="IdentifyFirst">
                        <urn2:ValueText xmlns:urn2="urn:sourceid.org:saml2:metadata-extension:v2">sAMAccountName</urn2:ValueText>
                    </urn:InputIdMapping>
                    <urn:userIdAuthenticated>false</urn:userIdAuthenticated>
                </urn:AstAction>
                <urn1:AstChild context="Fail">
                    <urn:AstAction noOpType="DONE" xsi:type="urn:NoOpActionType" xmlns:urn="urn:pingidentity.com:pf:authn-selection" xmlns:xsi="http://www.w3.org/2001/XMLSchema-instance"/>
                </urn1:AstChild>
                <urn1:AstChild context="Success">
                    <urn:AstAction apcId="Qy8XDIPiql9xBYJ0" xsi:type="urn:ApcMappingActionType" xmlns:urn="urn:pingidentity.com:pf:authn-selection" xmlns:xsi="http://www.w3.org/2001/XMLSchema-instance">
                        <urn:AttributeMapping>
                            <urn2:AttributeMap Name="subject" Type="Adapter" AttributeSourceId="IdentifyFirst" xmlns:urn2="urn:sourceid.org:saml2:metadata-extension:v2">
                                <urn2:ValueText>subject</urn2:ValueText>
                            </urn2:AttributeMap>
                            <urn2:TokenAuthorizationIssuanceCriteria xmlns:urn2="urn:sourceid.org:saml2:metadata-extension:v2"/>
                        </urn:AttributeMapping>
                    </urn:AstAction>
                </urn1:AstChild>
            </urn1:AstChild>
            <urn1:AstChild context="No Match">
                <urn:AstAction xsi:type="urn:AuthnSourceActionType" xmlns:urn="urn:pingidentity.com:pf:authn-selection" xmlns:xsi="http://www.w3.org/2001/XMLSchema-instance">
                    <urn:AuthnSourceKey type="ADAPTER">IdentifyFirstExternalMFASelect</urn:AuthnSourceKey>
                    <urn:fallbackToSuccess>false</urn:fallbackToSuccess>
                    <urn:attributeRule>
                        <urn:IncomingAttr>subject</urn:IncomingAttr>
                        <urn:Operand>EQUALS_CASE_INSENSITIVE</urn:Operand>
                        <urn:ExpectedValue>pingid</urn:ExpectedValue>
                        <urn:Result>PINGID</urn:Result>
                    </urn:attributeRule>
                    <urn:attributeRule>
                        <urn:IncomingAttr>subject</urn:IncomingAttr>
                        <urn:Operand>EQUALS_CASE_INSENSITIVE</urn:Operand>
                        <urn:ExpectedValue>emailOTP</urn:ExpectedValue>
                        <urn:Result>EMAIL</urn:Result>
                    </urn:attributeRule>
                    <urn:userIdAuthenticated>false</urn:userIdAuthenticated>
                </urn:AstAction>
                <urn1:AstChild context="Fail">
                    <urn:AstAction noOpType="DONE" xsi:type="urn:NoOpActionType" xmlns:urn="urn:pingidentity.com:pf:authn-selection" xmlns:xsi="http://www.w3.org/2001/XMLSchema-instance"/>
                </urn1:AstChild>
                <urn1:AstChild context="PINGID">
                    <urn:AstAction fragmentId="pingidexternal6662022" xsi:type="urn:FragmentActionType" xmlns:urn="urn:pingidentity.com:pf:authn-selection" xmlns:xsi="http://www.w3.org/2001/XMLSchema-instance">
                        <urn:fallbackToSuccess>true</urn:fallbackToSuccess>
                        <urn:AttributeMapping>
                            <urn2:AttributeMap Name="subject" Type="Adapter" AttributeSourceId="IdentifyFirst" xmlns:urn2="urn:sourceid.org:saml2:metadata-extension:v2">
                                <urn2:ValueText>subject</urn2:ValueText>
                            </urn2:AttributeMap>
                            <urn2:TokenAuthorizationIssuanceCriteria xmlns:urn2="urn:sourceid.org:saml2:metadata-extension:v2"/>
                        </urn:AttributeMapping>
                    </urn:AstAction>
                    <urn1:AstChild context="Fail">
                        <urn:AstAction noOpType="DONE" xsi:type="urn:NoOpActionType" xmlns:urn="urn:pingidentity.com:pf:authn-selection" xmlns:xsi="http://www.w3.org/2001/XMLSchema-instance"/>
                    </urn1:AstChild>
                    <urn1:AstChild context="Success">
                        <urn:AstAction apcId="Qy8XDIPiql9xBYJ0" xsi:type="urn:ApcMappingActionType" xmlns:urn="urn:pingidentity.com:pf:authn-selection" xmlns:xsi="http://www.w3.org/2001/XMLSchema-instance">
                            <urn:AttributeMapping>
                                <urn2:AttributeMap Name="subject" Type="Adapter" AttributeSourceId="IdentifyFirst" xmlns:urn2="urn:sourceid.org:saml2:metadata-extension:v2">
                                    <urn2:ValueText>subject</urn2:ValueText>
                                </urn2:AttributeMap>
                                <urn2:TokenAuthorizationIssuanceCriteria xmlns:urn2="urn:sourceid.org:saml2:metadata-extension:v2"/>
                            </urn:AttributeMapping>
                        </urn:AstAction>
                    </urn1:AstChild>
                </urn1:AstChild>
                <urn1:AstChild context="EMAIL">
                    <urn:AstAction xsi:type="urn:AuthnSourceActionType" xmlns:urn="urn:pingidentity.com:pf:authn-selection" xmlns:xsi="http://www.w3.org/2001/XMLSchema-instance">
                        <urn:AuthnSourceKey type="ADAPTER">EmailOTP</urn:AuthnSourceKey>
                        <urn:fallbackToSuccess>true</urn:fallbackToSuccess>
                        <urn:InputIdMapping Type="Adapter" AttributeSourceId="IdentifyFirst">
                            <urn2:ValueText xmlns:urn2="urn:sourceid.org:saml2:metadata-extension:v2">mail</urn2:ValueText>
                        </urn:InputIdMapping>
                        <urn:userIdAuthenticated>false</urn:userIdAuthenticated>
                    </urn:AstAction>
                    <urn1:AstChild context="Fail">
                        <urn:AstAction noOpType="DONE" xsi:type="urn:NoOpActionType" xmlns:urn="urn:pingidentity.com:pf:authn-selection" xmlns:xsi="http://www.w3.org/2001/XMLSchema-instance"/>
                    </urn1:AstChild>
                    <urn1:AstChild context="Success">
                        <urn:AstAction fragmentId="Umanageddevic07112022" xsi:type="urn:FragmentActionType" xmlns:urn="urn:pingidentity.com:pf:authn-selection" xmlns:xsi="http://www.w3.org/2001/XMLSchema-instance">
                            <urn:fallbackToSuccess>true</urn:fallbackToSuccess>
                            <urn:AttributeMapping>
                                <urn2:AttributeMap Name="subject" Type="Adapter" AttributeSourceId="IdentifyFirst" xmlns:urn2="urn:sourceid.org:saml2:metadata-extension:v2">
                                    <urn2:ValueText>subject</urn2:ValueText>
                                </urn2:AttributeMap>
                                <urn2:TokenAuthorizationIssuanceCriteria xmlns:urn2="urn:sourceid.org:saml2:metadata-extension:v2"/>
                            </urn:AttributeMapping>
                        </urn:AstAction>
                        <urn1:AstChild context="Fail">
                            <urn:AstAction noOpType="DONE" xsi:type="urn:NoOpActionType" xmlns:urn="urn:pingidentity.com:pf:authn-selection" xmlns:xsi="http://www.w3.org/2001/XMLSchema-instance"/>
                        </urn1:AstChild>
                        <urn1:AstChild context="Success">
                            <urn:AstAction apcId="Qy8XDIPiql9xBYJ0" xsi:type="urn:ApcMappingActionType" xmlns:urn="urn:pingidentity.com:pf:authn-selection" xmlns:xsi="http://www.w3.org/2001/XMLSchema-instance">
                                <urn:AttributeMapping>
                                    <urn2:AttributeMap Name="subject" Type="Adapter" AttributeSourceId="IdentifyFirst" xmlns:urn2="urn:sourceid.org:saml2:metadata-extension:v2">
                                        <urn2:ValueText>subject</urn2:ValueText>
                                    </urn2:AttributeMap>
                                    <urn2:TokenAuthorizationIssuanceCriteria xmlns:urn2="urn:sourceid.org:saml2:metadata-extension:v2"/>
                                </urn:AttributeMapping>
                            </urn:AstAction>
                        </urn1:AstChild>
                    </urn1:AstChild>
                </urn1:AstChild>
            </urn1:AstChild>
        </urn1:AstChild>
    </urn:policy>
    <urn:description>PingID Flow for External Users

This Fragent is Created on 12FEB2024 From FNBP Project use case</urn:description>
</urn:PolicyFragment>