<?xml version="1.0" encoding="UTF-8"?>
<urn:PolicyFragment id="unmanagednoprisk18052022" name="Umanaged device flow - No Pingrisk_18052022" inputContractId="uDab7U4kJkBQFsvH" outputContractId="uDab7U4kJkBQFsvH" lastModifiedMillis="1691580636474" xmlns:urn="urn:pingidentity.com:pf:policy:fragment">
    <urn:policy context="">
        <urn:AstAction authnSelectorId="AppsExtProp" xsi:type="urn:AuthnSelectorActionType" xmlns:urn="urn:pingidentity.com:pf:authn-selection" xmlns:xsi="http://www.w3.org/2001/XMLSchema-instance"/>
        <urn1:AstChild context="All Apps" xmlns:urn1="urn:pingidentity.com:pf:authn-selection">
            <urn:AstAction apcId="uDab7U4kJkBQFsvH" xsi:type="urn:ApcMappingActionType" xmlns:urn="urn:pingidentity.com:pf:authn-selection" xmlns:xsi="http://www.w3.org/2001/XMLSchema-instance">
                <urn:AttributeMapping>
                    <urn2:AttributeMap Name="subject" Type="Inputs" AttributeSourceId="inputs" xmlns:urn2="urn:sourceid.org:saml2:metadata-extension:v2">
                        <urn2:ValueText>subject</urn2:ValueText>
                    </urn2:AttributeMap>
                    <urn2:TokenAuthorizationIssuanceCriteria xmlns:urn2="urn:sourceid.org:saml2:metadata-extension:v2"/>
                </urn:AttributeMapping>
            </urn:AstAction>
        </urn1:AstChild>
        <urn1:AstChild context="Collab Apps" xmlns:urn1="urn:pingidentity.com:pf:authn-selection">
            <urn:AstAction apcId="uDab7U4kJkBQFsvH" xsi:type="urn:ApcMappingActionType" xmlns:urn="urn:pingidentity.com:pf:authn-selection" xmlns:xsi="http://www.w3.org/2001/XMLSchema-instance">
                <urn:AttributeMapping>
                    <urn2:AttributeMap Name="subject" Type="Inputs" AttributeSourceId="inputs" xmlns:urn2="urn:sourceid.org:saml2:metadata-extension:v2">
                        <urn2:ValueText>subject</urn2:ValueText>
                    </urn2:AttributeMap>
                    <urn2:TokenAuthorizationIssuanceCriteria xmlns:urn2="urn:sourceid.org:saml2:metadata-extension:v2"/>
                </urn:AttributeMapping>
            </urn:AstAction>
        </urn1:AstChild>
        <urn1:AstChild context="High Category Apps" xmlns:urn1="urn:pingidentity.com:pf:authn-selection">
            <urn:AstAction xsi:type="urn:AuthnSourceActionType" xmlns:urn="urn:pingidentity.com:pf:authn-selection" xmlns:xsi="http://www.w3.org/2001/XMLSchema-instance">
                <urn:AuthnSourceKey type="ADAPTER">SPInitiatedaccessdenied</urn:AuthnSourceKey>
                <urn:fallbackToSuccess>true</urn:fallbackToSuccess>
                <urn:userIdAuthenticated>false</urn:userIdAuthenticated>
            </urn:AstAction>
            <urn1:AstChild context="Fail">
                <urn:AstAction noOpType="DONE" xsi:type="urn:NoOpActionType" xmlns:urn="urn:pingidentity.com:pf:authn-selection" xmlns:xsi="http://www.w3.org/2001/XMLSchema-instance"/>
            </urn1:AstChild>
            <urn1:AstChild context="Success">
                <urn:AstAction apcId="uDab7U4kJkBQFsvH" xsi:type="urn:ApcMappingActionType" xmlns:urn="urn:pingidentity.com:pf:authn-selection" xmlns:xsi="http://www.w3.org/2001/XMLSchema-instance">
                    <urn:AttributeMapping>
                        <urn2:AttributeMap Name="subject" Type="Inputs" AttributeSourceId="inputs" xmlns:urn2="urn:sourceid.org:saml2:metadata-extension:v2">
                            <urn2:ValueText>subject</urn2:ValueText>
                        </urn2:AttributeMap>
                        <urn2:TokenAuthorizationIssuanceCriteria xmlns:urn2="urn:sourceid.org:saml2:metadata-extension:v2"/>
                    </urn:AttributeMapping>
                </urn:AstAction>
            </urn1:AstChild>
        </urn1:AstChild>
        <urn1:AstChild context="Low Category Apps" xmlns:urn1="urn:pingidentity.com:pf:authn-selection">
            <urn:AstAction apcId="uDab7U4kJkBQFsvH" xsi:type="urn:ApcMappingActionType" xmlns:urn="urn:pingidentity.com:pf:authn-selection" xmlns:xsi="http://www.w3.org/2001/XMLSchema-instance">
                <urn:AttributeMapping>
                    <urn2:AttributeMap Name="subject" Type="Inputs" AttributeSourceId="inputs" xmlns:urn2="urn:sourceid.org:saml2:metadata-extension:v2">
                        <urn2:ValueText>subject</urn2:ValueText>
                    </urn2:AttributeMap>
                    <urn2:TokenAuthorizationIssuanceCriteria xmlns:urn2="urn:sourceid.org:saml2:metadata-extension:v2"/>
                </urn:AttributeMapping>
            </urn:AstAction>
        </urn1:AstChild>
        <urn1:AstChild context="No Match" xmlns:urn1="urn:pingidentity.com:pf:authn-selection">
            <urn:AstAction noOpType="DONE" xsi:type="urn:NoOpActionType" xmlns:urn="urn:pingidentity.com:pf:authn-selection" xmlns:xsi="http://www.w3.org/2001/XMLSchema-instance"/>
        </urn1:AstChild>
    </urn:policy>
    <urn:description>Unmanaged device flow no Pingrisk only Selector on 18052022</urn:description>
</urn:PolicyFragment>