<?xml version="1.0" encoding="UTF-8"?>
<urn:PolicyFragment id="xFUbLdHHzO1fPOV3aL52Z076o" name="Unmanaged flow with Exception and Monitoring_08112023" inputContractId="2saM58A93PCa2c6M" outputContractId="2saM58A93PCa2c6M" lastModifiedMillis="1747546393978" xmlns:urn="urn:pingidentity.com:pf:policy:fragment">
    <urn:policy context="">
        <urn:AstAction xsi:type="urn:AuthnSourceActionType" xmlns:urn="urn:pingidentity.com:pf:authn-selection" xmlns:xsi="http://www.w3.org/2001/XMLSchema-instance">
            <urn:AuthnSourceKey type="ADAPTER">IdentifyFirst</urn:AuthnSourceKey>
            <urn:fallbackToSuccess>false</urn:fallbackToSuccess>
            <urn:attributeRule>
                <urn:IncomingAttr>usertype</urn:IncomingAttr>
                <urn:Operand>EQUALS_CASE_INSENSITIVE</urn:Operand>
                <urn:ExpectedValue>External</urn:ExpectedValue>
                <urn:Result>External</urn:Result>
            </urn:attributeRule>
            <urn:attributeRule>
                <urn:IncomingAttr>usertype</urn:IncomingAttr>
                <urn:Operand>EQUALS_CASE_INSENSITIVE</urn:Operand>
                <urn:ExpectedValue>Internal</urn:ExpectedValue>
                <urn:Result>Internal</urn:Result>
            </urn:attributeRule>
            <urn:userIdAuthenticated>false</urn:userIdAuthenticated>
        </urn:AstAction>
        <urn1:AstChild context="Fail" xmlns:urn1="urn:pingidentity.com:pf:authn-selection">
            <urn:AstAction xsi:type="urn:AuthnSourceActionType" xmlns:urn="urn:pingidentity.com:pf:authn-selection" xmlns:xsi="http://www.w3.org/2001/XMLSchema-instance">
                <urn:AuthnSourceKey type="ADAPTER">SPInitiatedaccessdenied</urn:AuthnSourceKey>
                <urn:fallbackToSuccess>true</urn:fallbackToSuccess>
                <urn:userIdAuthenticated>false</urn:userIdAuthenticated>
            </urn:AstAction>
            <urn1:AstChild context="Fail">
                <urn:AstAction noOpType="DONE" xsi:type="urn:NoOpActionType" xmlns:urn="urn:pingidentity.com:pf:authn-selection" xmlns:xsi="http://www.w3.org/2001/XMLSchema-instance"/>
            </urn1:AstChild>
            <urn1:AstChild context="Success">
                <urn:AstAction apcId="2saM58A93PCa2c6M" xsi:type="urn:ApcMappingActionType" xmlns:urn="urn:pingidentity.com:pf:authn-selection" xmlns:xsi="http://www.w3.org/2001/XMLSchema-instance">
                    <urn:AttributeMapping>
                        <urn2:AttributeMap Name="EntityLevel1" Type="No Mapping" xmlns:urn2="urn:sourceid.org:saml2:metadata-extension:v2">
                            <urn2:ValueText>NO_MAPPING</urn2:ValueText>
                        </urn2:AttributeMap>
                        <urn2:AttributeMap Name="EntityLevel2" Type="No Mapping" xmlns:urn2="urn:sourceid.org:saml2:metadata-extension:v2">
                            <urn2:ValueText>NO_MAPPING</urn2:ValueText>
                        </urn2:AttributeMap>
                        <urn2:AttributeMap Name="Company" Type="No Mapping" xmlns:urn2="urn:sourceid.org:saml2:metadata-extension:v2">
                            <urn2:ValueText>NO_MAPPING</urn2:ValueText>
                        </urn2:AttributeMap>
                        <urn2:AttributeMap Name="EntityLevel3" Type="No Mapping" xmlns:urn2="urn:sourceid.org:saml2:metadata-extension:v2">
                            <urn2:ValueText>NO_MAPPING</urn2:ValueText>
                        </urn2:AttributeMap>
                        <urn2:AttributeMap Name="EntityLevel4" Type="No Mapping" xmlns:urn2="urn:sourceid.org:saml2:metadata-extension:v2">
                            <urn2:ValueText>NO_MAPPING</urn2:ValueText>
                        </urn2:AttributeMap>
                        <urn2:AttributeMap Name="telephoneNumber" Type="No Mapping" xmlns:urn2="urn:sourceid.org:saml2:metadata-extension:v2">
                            <urn2:ValueText>NO_MAPPING</urn2:ValueText>
                        </urn2:AttributeMap>
                        <urn2:AttributeMap Name="mail" Type="No Mapping" xmlns:urn2="urn:sourceid.org:saml2:metadata-extension:v2">
                            <urn2:ValueText>NO_MAPPING</urn2:ValueText>
                        </urn2:AttributeMap>
                        <urn2:AttributeMap Name="displayName" Type="No Mapping" xmlns:urn2="urn:sourceid.org:saml2:metadata-extension:v2">
                            <urn2:ValueText>NO_MAPPING</urn2:ValueText>
                        </urn2:AttributeMap>
                        <urn2:AttributeMap Name="subject" Type="No Mapping" xmlns:urn2="urn:sourceid.org:saml2:metadata-extension:v2">
                            <urn2:ValueText>NO_MAPPING</urn2:ValueText>
                        </urn2:AttributeMap>
                        <urn2:AttributeMap Name="Manager" Type="No Mapping" xmlns:urn2="urn:sourceid.org:saml2:metadata-extension:v2">
                            <urn2:ValueText>NO_MAPPING</urn2:ValueText>
                        </urn2:AttributeMap>
                        <urn2:AttributeMap Name="title" Type="No Mapping" xmlns:urn2="urn:sourceid.org:saml2:metadata-extension:v2">
                            <urn2:ValueText>NO_MAPPING</urn2:ValueText>
                        </urn2:AttributeMap>
                        <urn2:AttributeMap Name="BUCode" Type="No Mapping" xmlns:urn2="urn:sourceid.org:saml2:metadata-extension:v2">
                            <urn2:ValueText>NO_MAPPING</urn2:ValueText>
                        </urn2:AttributeMap>
                        <urn2:AttributeMap Name="GlobalID" Type="No Mapping" xmlns:urn2="urn:sourceid.org:saml2:metadata-extension:v2">
                            <urn2:ValueText>NO_MAPPING</urn2:ValueText>
                        </urn2:AttributeMap>
                        <urn2:AttributeMap Name="Department" Type="No Mapping" xmlns:urn2="urn:sourceid.org:saml2:metadata-extension:v2">
                            <urn2:ValueText>NO_MAPPING</urn2:ValueText>
                        </urn2:AttributeMap>
                        <urn2:AttributeMap Name="emailAddress" Type="No Mapping" xmlns:urn2="urn:sourceid.org:saml2:metadata-extension:v2">
                            <urn2:ValueText>NO_MAPPING</urn2:ValueText>
                        </urn2:AttributeMap>
                        <urn2:AttributeMap Name="MemberOf" Type="No Mapping" xmlns:urn2="urn:sourceid.org:saml2:metadata-extension:v2">
                            <urn2:ValueText>NO_MAPPING</urn2:ValueText>
                        </urn2:AttributeMap>
                        <urn2:AttributeMap Name="sn" Type="No Mapping" xmlns:urn2="urn:sourceid.org:saml2:metadata-extension:v2">
                            <urn2:ValueText>NO_MAPPING</urn2:ValueText>
                        </urn2:AttributeMap>
                        <urn2:AttributeMap Name="userPrincipalName" Type="No Mapping" xmlns:urn2="urn:sourceid.org:saml2:metadata-extension:v2">
                            <urn2:ValueText>NO_MAPPING</urn2:ValueText>
                        </urn2:AttributeMap>
                        <urn2:AttributeMap Name="deviceType" Type="No Mapping" xmlns:urn2="urn:sourceid.org:saml2:metadata-extension:v2">
                            <urn2:ValueText>NO_MAPPING</urn2:ValueText>
                        </urn2:AttributeMap>
                        <urn2:AttributeMap Name="physicalDeliveryOfficeName" Type="No Mapping" xmlns:urn2="urn:sourceid.org:saml2:metadata-extension:v2">
                            <urn2:ValueText>NO_MAPPING</urn2:ValueText>
                        </urn2:AttributeMap>
                        <urn2:AttributeMap Name="FirstName" Type="No Mapping" xmlns:urn2="urn:sourceid.org:saml2:metadata-extension:v2">
                            <urn2:ValueText>NO_MAPPING</urn2:ValueText>
                        </urn2:AttributeMap>
                        <urn2:AttributeMap Name="EmployeeNumber" Type="No Mapping" xmlns:urn2="urn:sourceid.org:saml2:metadata-extension:v2">
                            <urn2:ValueText>NO_MAPPING</urn2:ValueText>
                        </urn2:AttributeMap>
                        <urn2:AttributeMap Name="mobile" Type="No Mapping" xmlns:urn2="urn:sourceid.org:saml2:metadata-extension:v2">
                            <urn2:ValueText>NO_MAPPING</urn2:ValueText>
                        </urn2:AttributeMap>
                        <urn2:AttributeMap Name="Grade" Type="No Mapping" xmlns:urn2="urn:sourceid.org:saml2:metadata-extension:v2">
                            <urn2:ValueText>NO_MAPPING</urn2:ValueText>
                        </urn2:AttributeMap>
                        <urn2:AttributeMap Name="ExternalMail" Type="No Mapping" xmlns:urn2="urn:sourceid.org:saml2:metadata-extension:v2">
                            <urn2:ValueText>NO_MAPPING</urn2:ValueText>
                        </urn2:AttributeMap>
                        <urn2:AttributeMap Name="EmployeeType" Type="No Mapping" xmlns:urn2="urn:sourceid.org:saml2:metadata-extension:v2">
                            <urn2:ValueText>NO_MAPPING</urn2:ValueText>
                        </urn2:AttributeMap>
                        <urn2:AttributeMap Name="BusinessUnit" Type="No Mapping" xmlns:urn2="urn:sourceid.org:saml2:metadata-extension:v2">
                            <urn2:ValueText>NO_MAPPING</urn2:ValueText>
                        </urn2:AttributeMap>
                        <urn2:AttributeMap Name="Country" Type="No Mapping" xmlns:urn2="urn:sourceid.org:saml2:metadata-extension:v2">
                            <urn2:ValueText>NO_MAPPING</urn2:ValueText>
                        </urn2:AttributeMap>
                        <urn2:AttributeMap Name="Region" Type="No Mapping" xmlns:urn2="urn:sourceid.org:saml2:metadata-extension:v2">
                            <urn2:ValueText>NO_MAPPING</urn2:ValueText>
                        </urn2:AttributeMap>
                        <urn2:AttributeMap Name="location" Type="No Mapping" xmlns:urn2="urn:sourceid.org:saml2:metadata-extension:v2">
                            <urn2:ValueText>NO_MAPPING</urn2:ValueText>
                        </urn2:AttributeMap>
                        <urn2:TokenAuthorizationIssuanceCriteria xmlns:urn2="urn:sourceid.org:saml2:metadata-extension:v2"/>
                    </urn:AttributeMapping>
                </urn:AstAction>
            </urn1:AstChild>
        </urn1:AstChild>
        <urn1:AstChild context="External" xmlns:urn1="urn:pingidentity.com:pf:authn-selection">
            <urn:AstAction fragmentId="THaFgevlwFgmf253ZRTMH5vgM" xsi:type="urn:FragmentActionType" xmlns:urn="urn:pingidentity.com:pf:authn-selection" xmlns:xsi="http://www.w3.org/2001/XMLSchema-instance">
                <urn:fallbackToSuccess>true</urn:fallbackToSuccess>
                <urn:AttributeMapping>
                    <urn2:AttributeMap Name="subject" Type="Adapter" AttributeSourceId="IdentifyFirst" xmlns:urn2="urn:sourceid.org:saml2:metadata-extension:v2">
                        <urn2:ValueText>subject</urn2:ValueText>
                    </urn2:AttributeMap>
                    <urn2:TokenAuthorizationIssuanceCriteria xmlns:urn2="urn:sourceid.org:saml2:metadata-extension:v2"/>
                </urn:AttributeMapping>
            </urn:AstAction>
            <urn1:AstChild context="Fail">
                <urn:AstAction noOpType="DONE" xsi:type="urn:NoOpActionType" xmlns:urn="urn:pingidentity.com:pf:authn-selection" xmlns:xsi="http://www.w3.org/2001/XMLSchema-instance"/>
            </urn1:AstChild>
            <urn1:AstChild context="Success">
                <urn:AstAction apcId="2saM58A93PCa2c6M" xsi:type="urn:ApcMappingActionType" xmlns:urn="urn:pingidentity.com:pf:authn-selection" xmlns:xsi="http://www.w3.org/2001/XMLSchema-instance">
                    <urn:AttributeMapping>
                        <urn2:AttributeMap Name="EntityLevel1" Type="Adapter" AttributeSourceId="IdentifyFirst" xmlns:urn2="urn:sourceid.org:saml2:metadata-extension:v2">
                            <urn2:ValueText>EntityLevel1</urn2:ValueText>
                        </urn2:AttributeMap>
                        <urn2:AttributeMap Name="EntityLevel2" Type="Adapter" AttributeSourceId="IdentifyFirst" xmlns:urn2="urn:sourceid.org:saml2:metadata-extension:v2">
                            <urn2:ValueText>EntityLevel2</urn2:ValueText>
                        </urn2:AttributeMap>
                        <urn2:AttributeMap Name="Company" Type="Adapter" AttributeSourceId="IdentifyFirst" xmlns:urn2="urn:sourceid.org:saml2:metadata-extension:v2">
                            <urn2:ValueText>Company</urn2:ValueText>
                        </urn2:AttributeMap>
                        <urn2:AttributeMap Name="EntityLevel3" Type="Adapter" AttributeSourceId="IdentifyFirst" xmlns:urn2="urn:sourceid.org:saml2:metadata-extension:v2">
                            <urn2:ValueText>EntityLevel3</urn2:ValueText>
                        </urn2:AttributeMap>
                        <urn2:AttributeMap Name="EntityLevel4" Type="Adapter" AttributeSourceId="IdentifyFirst" xmlns:urn2="urn:sourceid.org:saml2:metadata-extension:v2">
                            <urn2:ValueText>EntityLevel4</urn2:ValueText>
                        </urn2:AttributeMap>
                        <urn2:AttributeMap Name="telephoneNumber" Type="Adapter" AttributeSourceId="IdentifyFirst" xmlns:urn2="urn:sourceid.org:saml2:metadata-extension:v2">
                            <urn2:ValueText>telephoneNumber</urn2:ValueText>
                        </urn2:AttributeMap>
                        <urn2:AttributeMap Name="mail" Type="Adapter" AttributeSourceId="IdentifyFirst" xmlns:urn2="urn:sourceid.org:saml2:metadata-extension:v2">
                            <urn2:ValueText>mail</urn2:ValueText>
                        </urn2:AttributeMap>
                        <urn2:AttributeMap Name="displayName" Type="Adapter" AttributeSourceId="IdentifyFirst" xmlns:urn2="urn:sourceid.org:saml2:metadata-extension:v2">
                            <urn2:ValueText>displayName</urn2:ValueText>
                        </urn2:AttributeMap>
                        <urn2:AttributeMap Name="subject" Type="Fragment" AttributeSourceId="THaFgevlwFgmf253ZRTMH5vgM" xmlns:urn2="urn:sourceid.org:saml2:metadata-extension:v2">
                            <urn2:ValueText>subject</urn2:ValueText>
                        </urn2:AttributeMap>
                        <urn2:AttributeMap Name="Manager" Type="Adapter" AttributeSourceId="IdentifyFirst" xmlns:urn2="urn:sourceid.org:saml2:metadata-extension:v2">
                            <urn2:ValueText>Manager</urn2:ValueText>
                        </urn2:AttributeMap>
                        <urn2:AttributeMap Name="title" Type="Adapter" AttributeSourceId="IdentifyFirst" xmlns:urn2="urn:sourceid.org:saml2:metadata-extension:v2">
                            <urn2:ValueText>title</urn2:ValueText>
                        </urn2:AttributeMap>
                        <urn2:AttributeMap Name="BUCode" Type="Adapter" AttributeSourceId="IdentifyFirst" xmlns:urn2="urn:sourceid.org:saml2:metadata-extension:v2">
                            <urn2:ValueText>BusinessUnit</urn2:ValueText>
                        </urn2:AttributeMap>
                        <urn2:AttributeMap Name="GlobalID" Type="Adapter" AttributeSourceId="IdentifyFirst" xmlns:urn2="urn:sourceid.org:saml2:metadata-extension:v2">
                            <urn2:ValueText>GlobalID</urn2:ValueText>
                        </urn2:AttributeMap>
                        <urn2:AttributeMap Name="Department" Type="Adapter" AttributeSourceId="IdentifyFirst" xmlns:urn2="urn:sourceid.org:saml2:metadata-extension:v2">
                            <urn2:ValueText>Department</urn2:ValueText>
                        </urn2:AttributeMap>
                        <urn2:AttributeMap Name="emailAddress" Type="Adapter" AttributeSourceId="IdentifyFirst" xmlns:urn2="urn:sourceid.org:saml2:metadata-extension:v2">
                            <urn2:ValueText>mail</urn2:ValueText>
                        </urn2:AttributeMap>
                        <urn2:AttributeMap Name="MemberOf" Type="Adapter" AttributeSourceId="IdentifyFirst" xmlns:urn2="urn:sourceid.org:saml2:metadata-extension:v2">
                            <urn2:ValueText>memberOf</urn2:ValueText>
                        </urn2:AttributeMap>
                        <urn2:AttributeMap Name="sn" Type="Adapter" AttributeSourceId="IdentifyFirst" xmlns:urn2="urn:sourceid.org:saml2:metadata-extension:v2">
                            <urn2:ValueText>LastName</urn2:ValueText>
                        </urn2:AttributeMap>
                        <urn2:AttributeMap Name="userPrincipalName" Type="Adapter" AttributeSourceId="IdentifyFirst" xmlns:urn2="urn:sourceid.org:saml2:metadata-extension:v2">
                            <urn2:ValueText>userPrincipalName</urn2:ValueText>
                        </urn2:AttributeMap>
                        <urn2:AttributeMap Name="deviceType" Type="No Mapping" xmlns:urn2="urn:sourceid.org:saml2:metadata-extension:v2">
                            <urn2:ValueText>NO_MAPPING</urn2:ValueText>
                        </urn2:AttributeMap>
                        <urn2:AttributeMap Name="physicalDeliveryOfficeName" Type="Adapter" AttributeSourceId="IdentifyFirst" xmlns:urn2="urn:sourceid.org:saml2:metadata-extension:v2">
                            <urn2:ValueText>physicalDeliveryOfficeName</urn2:ValueText>
                        </urn2:AttributeMap>
                        <urn2:AttributeMap Name="FirstName" Type="Adapter" AttributeSourceId="IdentifyFirst" xmlns:urn2="urn:sourceid.org:saml2:metadata-extension:v2">
                            <urn2:ValueText>FirstName</urn2:ValueText>
                        </urn2:AttributeMap>
                        <urn2:AttributeMap Name="EmployeeNumber" Type="Adapter" AttributeSourceId="IdentifyFirst" xmlns:urn2="urn:sourceid.org:saml2:metadata-extension:v2">
                            <urn2:ValueText>employeeNumber</urn2:ValueText>
                        </urn2:AttributeMap>
                        <urn2:AttributeMap Name="mobile" Type="Adapter" AttributeSourceId="IdentifyFirst" xmlns:urn2="urn:sourceid.org:saml2:metadata-extension:v2">
                            <urn2:ValueText>mobile</urn2:ValueText>
                        </urn2:AttributeMap>
                        <urn2:AttributeMap Name="Grade" Type="Adapter" AttributeSourceId="IdentifyFirst" xmlns:urn2="urn:sourceid.org:saml2:metadata-extension:v2">
                            <urn2:ValueText>Grade</urn2:ValueText>
                        </urn2:AttributeMap>
                        <urn2:AttributeMap Name="ExternalMail" Type="Adapter" AttributeSourceId="IdentifyFirst" xmlns:urn2="urn:sourceid.org:saml2:metadata-extension:v2">
                            <urn2:ValueText>ExternalMail</urn2:ValueText>
                        </urn2:AttributeMap>
                        <urn2:AttributeMap Name="EmployeeType" Type="Adapter" AttributeSourceId="IdentifyFirst" xmlns:urn2="urn:sourceid.org:saml2:metadata-extension:v2">
                            <urn2:ValueText>EmployeeType</urn2:ValueText>
                        </urn2:AttributeMap>
                        <urn2:AttributeMap Name="BusinessUnit" Type="Adapter" AttributeSourceId="IdentifyFirst" xmlns:urn2="urn:sourceid.org:saml2:metadata-extension:v2">
                            <urn2:ValueText>BusinessUnit</urn2:ValueText>
                        </urn2:AttributeMap>
                        <urn2:AttributeMap Name="Country" Type="Adapter" AttributeSourceId="IdentifyFirst" xmlns:urn2="urn:sourceid.org:saml2:metadata-extension:v2">
                            <urn2:ValueText>Country</urn2:ValueText>
                        </urn2:AttributeMap>
                        <urn2:AttributeMap Name="Region" Type="Adapter" AttributeSourceId="IdentifyFirst" xmlns:urn2="urn:sourceid.org:saml2:metadata-extension:v2">
                            <urn2:ValueText>Region</urn2:ValueText>
                        </urn2:AttributeMap>
                        <urn2:AttributeMap Name="location" Type="Adapter" AttributeSourceId="IdentifyFirst" xmlns:urn2="urn:sourceid.org:saml2:metadata-extension:v2">
                            <urn2:ValueText>Location</urn2:ValueText>
                        </urn2:AttributeMap>
                        <urn2:TokenAuthorizationIssuanceCriteria xmlns:urn2="urn:sourceid.org:saml2:metadata-extension:v2"/>
                    </urn:AttributeMapping>
                </urn:AstAction>
            </urn1:AstChild>
        </urn1:AstChild>
        <urn1:AstChild context="Internal" xmlns:urn1="urn:pingidentity.com:pf:authn-selection">
            <urn:AstAction xsi:type="urn:AuthnSourceActionType" xmlns:urn="urn:pingidentity.com:pf:authn-selection" xmlns:xsi="http://www.w3.org/2001/XMLSchema-instance">
                <urn:AuthnSourceKey type="ADAPTER">IdentifyFirst</urn:AuthnSourceKey>
                <urn:fallbackToSuccess>false</urn:fallbackToSuccess>
                <urn:attributeRule>
                    <urn:IncomingAttr>memberOf</urn:IncomingAttr>
                    <urn:Operand>MULTIVALUE_CONTAINS_CASE_INSENSITIVE</urn:Operand>
                    <urn:ExpectedValue>CN=gpcorpmonitoringaccounts,ou=CorpGroups,dc=capgemini,dc=com</urn:ExpectedValue>
                    <urn:Result>Monitoring</urn:Result>
                </urn:attributeRule>
                <urn:attributeRule>
                    <urn:IncomingAttr>memberOf</urn:IncomingAttr>
                    <urn:Operand>MULTIVALUE_CONTAINS_CASE_INSENSITIVE</urn:Operand>
                    <urn:ExpectedValue>CN=gpcorpconditionalaccesssecuritykeyenforcement,ou=CorpGroups,dc=capgemini,dc=com</urn:ExpectedValue>
                    <urn:Result>FIDO2 Only Users</urn:Result>
                </urn:attributeRule>
                <urn:attributeRule>
                    <urn:IncomingAttr>memberOf</urn:IncomingAttr>
                    <urn:Operand>MULTIVALUE_CONTAINS_CASE_INSENSITIVE</urn:Operand>
                    <urn:ExpectedValue>CN=gpcorpconditionalaccessexceptionusers,ou=CorpGroups,dc=capgemini,dc=com</urn:ExpectedValue>
                    <urn:Result>Unmanaged Users</urn:Result>
                </urn:attributeRule>
                <urn:attributeRule>
                    <urn:IncomingAttr>memberOf</urn:IncomingAttr>
                    <urn:Operand>MULTIVALUE_CONTAINS_CASE_INSENSITIVE</urn:Operand>
                    <urn:ExpectedValue>CN=gpcorpconditionalaccessexception-newjoiners,ou=CorpGroups,dc=capgemini,dc=com</urn:ExpectedValue>
                    <urn:Result>New Joiners</urn:Result>
                </urn:attributeRule>
                <urn:attributeRule>
                    <urn:IncomingAttr>memberOf</urn:IncomingAttr>
                    <urn:Operand>MULTIVALUE_DOES_NOT_CONTAIN_CASE_INSENSITIVE</urn:Operand>
                    <urn:ExpectedValue>CN=gpcorpconditionalaccessexceptionusers,ou=CorpGroups,dc=capgemini,dc=com</urn:ExpectedValue>
                    <urn:Result>Block Users</urn:Result>
                </urn:attributeRule>
                <urn:InputIdMapping Type="Adapter" AttributeSourceId="IdentifyFirst">
                    <urn2:ValueText xmlns:urn2="urn:sourceid.org:saml2:metadata-extension:v2">subject</urn2:ValueText>
                </urn:InputIdMapping>
                <urn:userIdAuthenticated>false</urn:userIdAuthenticated>
            </urn:AstAction>
            <urn1:AstChild context="Fail">
                <urn:AstAction noOpType="DONE" xsi:type="urn:NoOpActionType" xmlns:urn="urn:pingidentity.com:pf:authn-selection" xmlns:xsi="http://www.w3.org/2001/XMLSchema-instance"/>
            </urn1:AstChild>
            <urn1:AstChild context="Monitoring">
                <urn:AstAction xsi:type="urn:AuthnSourceActionType" xmlns:urn="urn:pingidentity.com:pf:authn-selection" xmlns:xsi="http://www.w3.org/2001/XMLSchema-instance">
                    <urn:AuthnSourceKey type="ADAPTER">CapgeminiHTMLform</urn:AuthnSourceKey>
                    <urn:fallbackToSuccess>true</urn:fallbackToSuccess>
                    <urn:InputIdMapping Type="Adapter" AttributeSourceId="IdentifyFirst">
                        <urn2:ValueText xmlns:urn2="urn:sourceid.org:saml2:metadata-extension:v2">subject</urn2:ValueText>
                    </urn:InputIdMapping>
                    <urn:userIdAuthenticated>false</urn:userIdAuthenticated>
                </urn:AstAction>
                <urn1:AstChild context="Fail">
                    <urn:AstAction noOpType="DONE" xsi:type="urn:NoOpActionType" xmlns:urn="urn:pingidentity.com:pf:authn-selection" xmlns:xsi="http://www.w3.org/2001/XMLSchema-instance"/>
                </urn1:AstChild>
                <urn1:AstChild context="Success">
                    <urn:AstAction apcId="2saM58A93PCa2c6M" xsi:type="urn:ApcMappingActionType" xmlns:urn="urn:pingidentity.com:pf:authn-selection" xmlns:xsi="http://www.w3.org/2001/XMLSchema-instance">
                        <urn:AttributeMapping>
                            <urn2:AttributeMap Name="EntityLevel1" Type="Adapter" AttributeSourceId="IdentifyFirst" xmlns:urn2="urn:sourceid.org:saml2:metadata-extension:v2">
                                <urn2:ValueText>EntityLevel1</urn2:ValueText>
                            </urn2:AttributeMap>
                            <urn2:AttributeMap Name="EntityLevel2" Type="Adapter" AttributeSourceId="IdentifyFirst" xmlns:urn2="urn:sourceid.org:saml2:metadata-extension:v2">
                                <urn2:ValueText>EntityLevel2</urn2:ValueText>
                            </urn2:AttributeMap>
                            <urn2:AttributeMap Name="Company" Type="Adapter" AttributeSourceId="IdentifyFirst" xmlns:urn2="urn:sourceid.org:saml2:metadata-extension:v2">
                                <urn2:ValueText>Company</urn2:ValueText>
                            </urn2:AttributeMap>
                            <urn2:AttributeMap Name="EntityLevel3" Type="Adapter" AttributeSourceId="IdentifyFirst" xmlns:urn2="urn:sourceid.org:saml2:metadata-extension:v2">
                                <urn2:ValueText>EntityLevel3</urn2:ValueText>
                            </urn2:AttributeMap>
                            <urn2:AttributeMap Name="EntityLevel4" Type="Adapter" AttributeSourceId="IdentifyFirst" xmlns:urn2="urn:sourceid.org:saml2:metadata-extension:v2">
                                <urn2:ValueText>EntityLevel4</urn2:ValueText>
                            </urn2:AttributeMap>
                            <urn2:AttributeMap Name="telephoneNumber" Type="Adapter" AttributeSourceId="IdentifyFirst" xmlns:urn2="urn:sourceid.org:saml2:metadata-extension:v2">
                                <urn2:ValueText>telephoneNumber</urn2:ValueText>
                            </urn2:AttributeMap>
                            <urn2:AttributeMap Name="mail" Type="Adapter" AttributeSourceId="IdentifyFirst" xmlns:urn2="urn:sourceid.org:saml2:metadata-extension:v2">
                                <urn2:ValueText>mail</urn2:ValueText>
                            </urn2:AttributeMap>
                            <urn2:AttributeMap Name="displayName" Type="Adapter" AttributeSourceId="IdentifyFirst" xmlns:urn2="urn:sourceid.org:saml2:metadata-extension:v2">
                                <urn2:ValueText>displayName</urn2:ValueText>
                            </urn2:AttributeMap>
                            <urn2:AttributeMap Name="subject" Type="Adapter" AttributeSourceId="IdentifyFirst" xmlns:urn2="urn:sourceid.org:saml2:metadata-extension:v2">
                                <urn2:ValueText>subject</urn2:ValueText>
                            </urn2:AttributeMap>
                            <urn2:AttributeMap Name="title" Type="Adapter" AttributeSourceId="IdentifyFirst" xmlns:urn2="urn:sourceid.org:saml2:metadata-extension:v2">
                                <urn2:ValueText>title</urn2:ValueText>
                            </urn2:AttributeMap>
                            <urn2:AttributeMap Name="Manager" Type="Adapter" AttributeSourceId="IdentifyFirst" xmlns:urn2="urn:sourceid.org:saml2:metadata-extension:v2">
                                <urn2:ValueText>Manager</urn2:ValueText>
                            </urn2:AttributeMap>
                            <urn2:AttributeMap Name="BUCode" Type="Adapter" AttributeSourceId="IdentifyFirst" xmlns:urn2="urn:sourceid.org:saml2:metadata-extension:v2">
                                <urn2:ValueText>SBUCode</urn2:ValueText>
                            </urn2:AttributeMap>
                            <urn2:AttributeMap Name="GlobalID" Type="Adapter" AttributeSourceId="IdentifyFirst" xmlns:urn2="urn:sourceid.org:saml2:metadata-extension:v2">
                                <urn2:ValueText>GlobalID</urn2:ValueText>
                            </urn2:AttributeMap>
                            <urn2:AttributeMap Name="Department" Type="Adapter" AttributeSourceId="IdentifyFirst" xmlns:urn2="urn:sourceid.org:saml2:metadata-extension:v2">
                                <urn2:ValueText>Department</urn2:ValueText>
                            </urn2:AttributeMap>
                            <urn2:AttributeMap Name="emailAddress" Type="Adapter" AttributeSourceId="IdentifyFirst" xmlns:urn2="urn:sourceid.org:saml2:metadata-extension:v2">
                                <urn2:ValueText>mail</urn2:ValueText>
                            </urn2:AttributeMap>
                            <urn2:AttributeMap Name="MemberOf" Type="Adapter" AttributeSourceId="IdentifyFirst" xmlns:urn2="urn:sourceid.org:saml2:metadata-extension:v2">
                                <urn2:ValueText>memberOf</urn2:ValueText>
                            </urn2:AttributeMap>
                            <urn2:AttributeMap Name="sn" Type="Adapter" AttributeSourceId="IdentifyFirst" xmlns:urn2="urn:sourceid.org:saml2:metadata-extension:v2">
                                <urn2:ValueText>LastName</urn2:ValueText>
                            </urn2:AttributeMap>
                            <urn2:AttributeMap Name="userPrincipalName" Type="Adapter" AttributeSourceId="IdentifyFirst" xmlns:urn2="urn:sourceid.org:saml2:metadata-extension:v2">
                                <urn2:ValueText>userPrincipalName</urn2:ValueText>
                            </urn2:AttributeMap>
                            <urn2:AttributeMap Name="deviceType" Type="No Mapping" xmlns:urn2="urn:sourceid.org:saml2:metadata-extension:v2">
                                <urn2:ValueText>NO_MAPPING</urn2:ValueText>
                            </urn2:AttributeMap>
                            <urn2:AttributeMap Name="physicalDeliveryOfficeName" Type="Adapter" AttributeSourceId="IdentifyFirst" xmlns:urn2="urn:sourceid.org:saml2:metadata-extension:v2">
                                <urn2:ValueText>physicalDeliveryOfficeName</urn2:ValueText>
                            </urn2:AttributeMap>
                            <urn2:AttributeMap Name="FirstName" Type="Adapter" AttributeSourceId="IdentifyFirst" xmlns:urn2="urn:sourceid.org:saml2:metadata-extension:v2">
                                <urn2:ValueText>FirstName</urn2:ValueText>
                            </urn2:AttributeMap>
                            <urn2:AttributeMap Name="EmployeeNumber" Type="Adapter" AttributeSourceId="IdentifyFirst" xmlns:urn2="urn:sourceid.org:saml2:metadata-extension:v2">
                                <urn2:ValueText>employeeNumber</urn2:ValueText>
                            </urn2:AttributeMap>
                            <urn2:AttributeMap Name="mobile" Type="Adapter" AttributeSourceId="IdentifyFirst" xmlns:urn2="urn:sourceid.org:saml2:metadata-extension:v2">
                                <urn2:ValueText>mobile</urn2:ValueText>
                            </urn2:AttributeMap>
                            <urn2:AttributeMap Name="Grade" Type="Adapter" AttributeSourceId="IdentifyFirst" xmlns:urn2="urn:sourceid.org:saml2:metadata-extension:v2">
                                <urn2:ValueText>Grade</urn2:ValueText>
                            </urn2:AttributeMap>
                            <urn2:AttributeMap Name="ExternalMail" Type="Adapter" AttributeSourceId="IdentifyFirst" xmlns:urn2="urn:sourceid.org:saml2:metadata-extension:v2">
                                <urn2:ValueText>ExternalMail</urn2:ValueText>
                            </urn2:AttributeMap>
                            <urn2:AttributeMap Name="EmployeeType" Type="Adapter" AttributeSourceId="IdentifyFirst" xmlns:urn2="urn:sourceid.org:saml2:metadata-extension:v2">
                                <urn2:ValueText>EmployeeType</urn2:ValueText>
                            </urn2:AttributeMap>
                            <urn2:AttributeMap Name="BusinessUnit" Type="Adapter" AttributeSourceId="IdentifyFirst" xmlns:urn2="urn:sourceid.org:saml2:metadata-extension:v2">
                                <urn2:ValueText>BusinessUnit</urn2:ValueText>
                            </urn2:AttributeMap>
                            <urn2:AttributeMap Name="Country" Type="Adapter" AttributeSourceId="IdentifyFirst" xmlns:urn2="urn:sourceid.org:saml2:metadata-extension:v2">
                                <urn2:ValueText>Country</urn2:ValueText>
                            </urn2:AttributeMap>
                            <urn2:AttributeMap Name="Region" Type="Adapter" AttributeSourceId="IdentifyFirst" xmlns:urn2="urn:sourceid.org:saml2:metadata-extension:v2">
                                <urn2:ValueText>Region</urn2:ValueText>
                            </urn2:AttributeMap>
                            <urn2:AttributeMap Name="location" Type="Adapter" AttributeSourceId="IdentifyFirst" xmlns:urn2="urn:sourceid.org:saml2:metadata-extension:v2">
                                <urn2:ValueText>Location</urn2:ValueText>
                            </urn2:AttributeMap>
                            <urn2:TokenAuthorizationIssuanceCriteria xmlns:urn2="urn:sourceid.org:saml2:metadata-extension:v2"/>
                        </urn:AttributeMapping>
                    </urn:AstAction>
                </urn1:AstChild>
            </urn1:AstChild>
            <urn1:AstChild context="FIDO2 Only Users">
                <urn:AstAction xsi:type="urn:AuthnSourceActionType" xmlns:urn="urn:pingidentity.com:pf:authn-selection" xmlns:xsi="http://www.w3.org/2001/XMLSchema-instance">
                    <urn:AuthnSourceKey type="ADAPTER">PingIDFIDO2</urn:AuthnSourceKey>
                    <urn:fallbackToSuccess>true</urn:fallbackToSuccess>
                    <urn:InputIdMapping Type="Adapter" AttributeSourceId="IdentifyFirst">
                        <urn2:ValueText xmlns:urn2="urn:sourceid.org:saml2:metadata-extension:v2">sAMAccountName</urn2:ValueText>
                    </urn:InputIdMapping>
                    <urn:userIdAuthenticated>false</urn:userIdAuthenticated>
                </urn:AstAction>
                <urn1:AstChild context="Fail">
                    <urn:AstAction noOpType="DONE" xsi:type="urn:NoOpActionType" xmlns:urn="urn:pingidentity.com:pf:authn-selection" xmlns:xsi="http://www.w3.org/2001/XMLSchema-instance"/>
                </urn1:AstChild>
                <urn1:AstChild context="Success">
                    <urn:AstAction apcId="2saM58A93PCa2c6M" xsi:type="urn:ApcMappingActionType" xmlns:urn="urn:pingidentity.com:pf:authn-selection" xmlns:xsi="http://www.w3.org/2001/XMLSchema-instance">
                        <urn:AttributeMapping>
                            <urn2:AttributeMap Name="EntityLevel1" Type="Adapter" AttributeSourceId="IdentifyFirst" xmlns:urn2="urn:sourceid.org:saml2:metadata-extension:v2">
                                <urn2:ValueText>EntityLevel1</urn2:ValueText>
                            </urn2:AttributeMap>
                            <urn2:AttributeMap Name="EntityLevel2" Type="Adapter" AttributeSourceId="IdentifyFirst" xmlns:urn2="urn:sourceid.org:saml2:metadata-extension:v2">
                                <urn2:ValueText>EntityLevel2</urn2:ValueText>
                            </urn2:AttributeMap>
                            <urn2:AttributeMap Name="Company" Type="Adapter" AttributeSourceId="IdentifyFirst" xmlns:urn2="urn:sourceid.org:saml2:metadata-extension:v2">
                                <urn2:ValueText>Company</urn2:ValueText>
                            </urn2:AttributeMap>
                            <urn2:AttributeMap Name="EntityLevel3" Type="Adapter" AttributeSourceId="IdentifyFirst" xmlns:urn2="urn:sourceid.org:saml2:metadata-extension:v2">
                                <urn2:ValueText>EntityLevel3</urn2:ValueText>
                            </urn2:AttributeMap>
                            <urn2:AttributeMap Name="EntityLevel4" Type="Adapter" AttributeSourceId="IdentifyFirst" xmlns:urn2="urn:sourceid.org:saml2:metadata-extension:v2">
                                <urn2:ValueText>EntityLevel4</urn2:ValueText>
                            </urn2:AttributeMap>
                            <urn2:AttributeMap Name="telephoneNumber" Type="Adapter" AttributeSourceId="IdentifyFirst" xmlns:urn2="urn:sourceid.org:saml2:metadata-extension:v2">
                                <urn2:ValueText>telephoneNumber</urn2:ValueText>
                            </urn2:AttributeMap>
                            <urn2:AttributeMap Name="mail" Type="Adapter" AttributeSourceId="IdentifyFirst" xmlns:urn2="urn:sourceid.org:saml2:metadata-extension:v2">
                                <urn2:ValueText>mail</urn2:ValueText>
                            </urn2:AttributeMap>
                            <urn2:AttributeMap Name="displayName" Type="Adapter" AttributeSourceId="IdentifyFirst" xmlns:urn2="urn:sourceid.org:saml2:metadata-extension:v2">
                                <urn2:ValueText>displayName</urn2:ValueText>
                            </urn2:AttributeMap>
                            <urn2:AttributeMap Name="subject" Type="Adapter" AttributeSourceId="IdentifyFirst" xmlns:urn2="urn:sourceid.org:saml2:metadata-extension:v2">
                                <urn2:ValueText>subject</urn2:ValueText>
                            </urn2:AttributeMap>
                            <urn2:AttributeMap Name="Manager" Type="Adapter" AttributeSourceId="IdentifyFirst" xmlns:urn2="urn:sourceid.org:saml2:metadata-extension:v2">
                                <urn2:ValueText>Manager</urn2:ValueText>
                            </urn2:AttributeMap>
                            <urn2:AttributeMap Name="title" Type="Adapter" AttributeSourceId="IdentifyFirst" xmlns:urn2="urn:sourceid.org:saml2:metadata-extension:v2">
                                <urn2:ValueText>title</urn2:ValueText>
                            </urn2:AttributeMap>
                            <urn2:AttributeMap Name="BUCode" Type="No Mapping" xmlns:urn2="urn:sourceid.org:saml2:metadata-extension:v2">
                                <urn2:ValueText>NO_MAPPING</urn2:ValueText>
                            </urn2:AttributeMap>
                            <urn2:AttributeMap Name="GlobalID" Type="Adapter" AttributeSourceId="IdentifyFirst" xmlns:urn2="urn:sourceid.org:saml2:metadata-extension:v2">
                                <urn2:ValueText>GlobalID</urn2:ValueText>
                            </urn2:AttributeMap>
                            <urn2:AttributeMap Name="Department" Type="Adapter" AttributeSourceId="IdentifyFirst" xmlns:urn2="urn:sourceid.org:saml2:metadata-extension:v2">
                                <urn2:ValueText>Department</urn2:ValueText>
                            </urn2:AttributeMap>
                            <urn2:AttributeMap Name="emailAddress" Type="Adapter" AttributeSourceId="IdentifyFirst" xmlns:urn2="urn:sourceid.org:saml2:metadata-extension:v2">
                                <urn2:ValueText>mail</urn2:ValueText>
                            </urn2:AttributeMap>
                            <urn2:AttributeMap Name="MemberOf" Type="Adapter" AttributeSourceId="IdentifyFirst" xmlns:urn2="urn:sourceid.org:saml2:metadata-extension:v2">
                                <urn2:ValueText>memberOf</urn2:ValueText>
                            </urn2:AttributeMap>
                            <urn2:AttributeMap Name="sn" Type="Adapter" AttributeSourceId="IdentifyFirst" xmlns:urn2="urn:sourceid.org:saml2:metadata-extension:v2">
                                <urn2:ValueText>LastName</urn2:ValueText>
                            </urn2:AttributeMap>
                            <urn2:AttributeMap Name="userPrincipalName" Type="Adapter" AttributeSourceId="IdentifyFirst" xmlns:urn2="urn:sourceid.org:saml2:metadata-extension:v2">
                                <urn2:ValueText>userPrincipalName</urn2:ValueText>
                            </urn2:AttributeMap>
                            <urn2:AttributeMap Name="deviceType" Type="No Mapping" xmlns:urn2="urn:sourceid.org:saml2:metadata-extension:v2">
                                <urn2:ValueText>NO_MAPPING</urn2:ValueText>
                            </urn2:AttributeMap>
                            <urn2:AttributeMap Name="physicalDeliveryOfficeName" Type="Adapter" AttributeSourceId="IdentifyFirst" xmlns:urn2="urn:sourceid.org:saml2:metadata-extension:v2">
                                <urn2:ValueText>physicalDeliveryOfficeName</urn2:ValueText>
                            </urn2:AttributeMap>
                            <urn2:AttributeMap Name="FirstName" Type="Adapter" AttributeSourceId="IdentifyFirst" xmlns:urn2="urn:sourceid.org:saml2:metadata-extension:v2">
                                <urn2:ValueText>FirstName</urn2:ValueText>
                            </urn2:AttributeMap>
                            <urn2:AttributeMap Name="EmployeeNumber" Type="Adapter" AttributeSourceId="IdentifyFirst" xmlns:urn2="urn:sourceid.org:saml2:metadata-extension:v2">
                                <urn2:ValueText>employeeNumber</urn2:ValueText>
                            </urn2:AttributeMap>
                            <urn2:AttributeMap Name="mobile" Type="Adapter" AttributeSourceId="IdentifyFirst" xmlns:urn2="urn:sourceid.org:saml2:metadata-extension:v2">
                                <urn2:ValueText>mobile</urn2:ValueText>
                            </urn2:AttributeMap>
                            <urn2:AttributeMap Name="Grade" Type="Adapter" AttributeSourceId="IdentifyFirst" xmlns:urn2="urn:sourceid.org:saml2:metadata-extension:v2">
                                <urn2:ValueText>Grade</urn2:ValueText>
                            </urn2:AttributeMap>
                            <urn2:AttributeMap Name="ExternalMail" Type="Adapter" AttributeSourceId="IdentifyFirst" xmlns:urn2="urn:sourceid.org:saml2:metadata-extension:v2">
                                <urn2:ValueText>ExternalMail</urn2:ValueText>
                            </urn2:AttributeMap>
                            <urn2:AttributeMap Name="EmployeeType" Type="Adapter" AttributeSourceId="IdentifyFirst" xmlns:urn2="urn:sourceid.org:saml2:metadata-extension:v2">
                                <urn2:ValueText>EmployeeType</urn2:ValueText>
                            </urn2:AttributeMap>
                            <urn2:AttributeMap Name="BusinessUnit" Type="Adapter" AttributeSourceId="IdentifyFirst" xmlns:urn2="urn:sourceid.org:saml2:metadata-extension:v2">
                                <urn2:ValueText>BusinessUnit</urn2:ValueText>
                            </urn2:AttributeMap>
                            <urn2:AttributeMap Name="Country" Type="Adapter" AttributeSourceId="IdentifyFirst" xmlns:urn2="urn:sourceid.org:saml2:metadata-extension:v2">
                                <urn2:ValueText>Country</urn2:ValueText>
                            </urn2:AttributeMap>
                            <urn2:AttributeMap Name="Region" Type="Adapter" AttributeSourceId="IdentifyFirst" xmlns:urn2="urn:sourceid.org:saml2:metadata-extension:v2">
                                <urn2:ValueText>Region</urn2:ValueText>
                            </urn2:AttributeMap>
                            <urn2:AttributeMap Name="location" Type="Adapter" AttributeSourceId="IdentifyFirst" xmlns:urn2="urn:sourceid.org:saml2:metadata-extension:v2">
                                <urn2:ValueText>Location</urn2:ValueText>
                            </urn2:AttributeMap>
                            <urn2:TokenAuthorizationIssuanceCriteria xmlns:urn2="urn:sourceid.org:saml2:metadata-extension:v2"/>
                        </urn:AttributeMapping>
                    </urn:AstAction>
                </urn1:AstChild>
            </urn1:AstChild>
            <urn1:AstChild context="Unmanaged Users">
                <urn:AstAction xsi:type="urn:AuthnSourceActionType" xmlns:urn="urn:pingidentity.com:pf:authn-selection" xmlns:xsi="http://www.w3.org/2001/XMLSchema-instance">
                    <urn:AuthnSourceKey type="ADAPTER">PingID</urn:AuthnSourceKey>
                    <urn:fallbackToSuccess>true</urn:fallbackToSuccess>
                    <urn:InputIdMapping Type="Adapter" AttributeSourceId="IdentifyFirst">
                        <urn2:ValueText xmlns:urn2="urn:sourceid.org:saml2:metadata-extension:v2">sAMAccountName</urn2:ValueText>
                    </urn:InputIdMapping>
                    <urn:userIdAuthenticated>true</urn:userIdAuthenticated>
                </urn:AstAction>
                <urn1:AstChild context="Fail">
                    <urn:AstAction noOpType="DONE" xsi:type="urn:NoOpActionType" xmlns:urn="urn:pingidentity.com:pf:authn-selection" xmlns:xsi="http://www.w3.org/2001/XMLSchema-instance"/>
                </urn1:AstChild>
                <urn1:AstChild context="Success">
                    <urn:AstAction apcId="2saM58A93PCa2c6M" xsi:type="urn:ApcMappingActionType" xmlns:urn="urn:pingidentity.com:pf:authn-selection" xmlns:xsi="http://www.w3.org/2001/XMLSchema-instance">
                        <urn:AttributeMapping>
                            <urn2:AttributeMap Name="EntityLevel1" Type="Adapter" AttributeSourceId="IdentifyFirst" xmlns:urn2="urn:sourceid.org:saml2:metadata-extension:v2">
                                <urn2:ValueText>EntityLevel1</urn2:ValueText>
                            </urn2:AttributeMap>
                            <urn2:AttributeMap Name="EntityLevel2" Type="Adapter" AttributeSourceId="IdentifyFirst" xmlns:urn2="urn:sourceid.org:saml2:metadata-extension:v2">
                                <urn2:ValueText>EntityLevel2</urn2:ValueText>
                            </urn2:AttributeMap>
                            <urn2:AttributeMap Name="Company" Type="Adapter" AttributeSourceId="IdentifyFirst" xmlns:urn2="urn:sourceid.org:saml2:metadata-extension:v2">
                                <urn2:ValueText>Company</urn2:ValueText>
                            </urn2:AttributeMap>
                            <urn2:AttributeMap Name="EntityLevel3" Type="Adapter" AttributeSourceId="IdentifyFirst" xmlns:urn2="urn:sourceid.org:saml2:metadata-extension:v2">
                                <urn2:ValueText>EntityLevel3</urn2:ValueText>
                            </urn2:AttributeMap>
                            <urn2:AttributeMap Name="EntityLevel4" Type="Adapter" AttributeSourceId="IdentifyFirst" xmlns:urn2="urn:sourceid.org:saml2:metadata-extension:v2">
                                <urn2:ValueText>EntityLevel4</urn2:ValueText>
                            </urn2:AttributeMap>
                            <urn2:AttributeMap Name="telephoneNumber" Type="Adapter" AttributeSourceId="IdentifyFirst" xmlns:urn2="urn:sourceid.org:saml2:metadata-extension:v2">
                                <urn2:ValueText>telephoneNumber</urn2:ValueText>
                            </urn2:AttributeMap>
                            <urn2:AttributeMap Name="mail" Type="Adapter" AttributeSourceId="IdentifyFirst" xmlns:urn2="urn:sourceid.org:saml2:metadata-extension:v2">
                                <urn2:ValueText>mail</urn2:ValueText>
                            </urn2:AttributeMap>
                            <urn2:AttributeMap Name="displayName" Type="Adapter" AttributeSourceId="IdentifyFirst" xmlns:urn2="urn:sourceid.org:saml2:metadata-extension:v2">
                                <urn2:ValueText>displayName</urn2:ValueText>
                            </urn2:AttributeMap>
                            <urn2:AttributeMap Name="subject" Type="Adapter" AttributeSourceId="IdentifyFirst" xmlns:urn2="urn:sourceid.org:saml2:metadata-extension:v2">
                                <urn2:ValueText>subject</urn2:ValueText>
                            </urn2:AttributeMap>
                            <urn2:AttributeMap Name="Manager" Type="Adapter" AttributeSourceId="IdentifyFirst" xmlns:urn2="urn:sourceid.org:saml2:metadata-extension:v2">
                                <urn2:ValueText>Manager</urn2:ValueText>
                            </urn2:AttributeMap>
                            <urn2:AttributeMap Name="title" Type="Adapter" AttributeSourceId="IdentifyFirst" xmlns:urn2="urn:sourceid.org:saml2:metadata-extension:v2">
                                <urn2:ValueText>title</urn2:ValueText>
                            </urn2:AttributeMap>
                            <urn2:AttributeMap Name="BUCode" Type="No Mapping" xmlns:urn2="urn:sourceid.org:saml2:metadata-extension:v2">
                                <urn2:ValueText>NO_MAPPING</urn2:ValueText>
                            </urn2:AttributeMap>
                            <urn2:AttributeMap Name="GlobalID" Type="Adapter" AttributeSourceId="IdentifyFirst" xmlns:urn2="urn:sourceid.org:saml2:metadata-extension:v2">
                                <urn2:ValueText>GlobalID</urn2:ValueText>
                            </urn2:AttributeMap>
                            <urn2:AttributeMap Name="Department" Type="Adapter" AttributeSourceId="IdentifyFirst" xmlns:urn2="urn:sourceid.org:saml2:metadata-extension:v2">
                                <urn2:ValueText>Department</urn2:ValueText>
                            </urn2:AttributeMap>
                            <urn2:AttributeMap Name="emailAddress" Type="Adapter" AttributeSourceId="IdentifyFirst" xmlns:urn2="urn:sourceid.org:saml2:metadata-extension:v2">
                                <urn2:ValueText>mail</urn2:ValueText>
                            </urn2:AttributeMap>
                            <urn2:AttributeMap Name="MemberOf" Type="Adapter" AttributeSourceId="IdentifyFirst" xmlns:urn2="urn:sourceid.org:saml2:metadata-extension:v2">
                                <urn2:ValueText>memberOf</urn2:ValueText>
                            </urn2:AttributeMap>
                            <urn2:AttributeMap Name="sn" Type="Adapter" AttributeSourceId="IdentifyFirst" xmlns:urn2="urn:sourceid.org:saml2:metadata-extension:v2">
                                <urn2:ValueText>LastName</urn2:ValueText>
                            </urn2:AttributeMap>
                            <urn2:AttributeMap Name="userPrincipalName" Type="Adapter" AttributeSourceId="IdentifyFirst" xmlns:urn2="urn:sourceid.org:saml2:metadata-extension:v2">
                                <urn2:ValueText>userPrincipalName</urn2:ValueText>
                            </urn2:AttributeMap>
                            <urn2:AttributeMap Name="deviceType" Type="No Mapping" xmlns:urn2="urn:sourceid.org:saml2:metadata-extension:v2">
                                <urn2:ValueText>NO_MAPPING</urn2:ValueText>
                            </urn2:AttributeMap>
                            <urn2:AttributeMap Name="physicalDeliveryOfficeName" Type="Adapter" AttributeSourceId="IdentifyFirst" xmlns:urn2="urn:sourceid.org:saml2:metadata-extension:v2">
                                <urn2:ValueText>physicalDeliveryOfficeName</urn2:ValueText>
                            </urn2:AttributeMap>
                            <urn2:AttributeMap Name="FirstName" Type="Adapter" AttributeSourceId="IdentifyFirst" xmlns:urn2="urn:sourceid.org:saml2:metadata-extension:v2">
                                <urn2:ValueText>FirstName</urn2:ValueText>
                            </urn2:AttributeMap>
                            <urn2:AttributeMap Name="EmployeeNumber" Type="Adapter" AttributeSourceId="IdentifyFirst" xmlns:urn2="urn:sourceid.org:saml2:metadata-extension:v2">
                                <urn2:ValueText>employeeNumber</urn2:ValueText>
                            </urn2:AttributeMap>
                            <urn2:AttributeMap Name="mobile" Type="Adapter" AttributeSourceId="IdentifyFirst" xmlns:urn2="urn:sourceid.org:saml2:metadata-extension:v2">
                                <urn2:ValueText>mobile</urn2:ValueText>
                            </urn2:AttributeMap>
                            <urn2:AttributeMap Name="Grade" Type="Adapter" AttributeSourceId="IdentifyFirst" xmlns:urn2="urn:sourceid.org:saml2:metadata-extension:v2">
                                <urn2:ValueText>Grade</urn2:ValueText>
                            </urn2:AttributeMap>
                            <urn2:AttributeMap Name="ExternalMail" Type="Adapter" AttributeSourceId="IdentifyFirst" xmlns:urn2="urn:sourceid.org:saml2:metadata-extension:v2">
                                <urn2:ValueText>ExternalMail</urn2:ValueText>
                            </urn2:AttributeMap>
                            <urn2:AttributeMap Name="EmployeeType" Type="Adapter" AttributeSourceId="IdentifyFirst" xmlns:urn2="urn:sourceid.org:saml2:metadata-extension:v2">
                                <urn2:ValueText>EmployeeType</urn2:ValueText>
                            </urn2:AttributeMap>
                            <urn2:AttributeMap Name="BusinessUnit" Type="Adapter" AttributeSourceId="IdentifyFirst" xmlns:urn2="urn:sourceid.org:saml2:metadata-extension:v2">
                                <urn2:ValueText>BusinessUnit</urn2:ValueText>
                            </urn2:AttributeMap>
                            <urn2:AttributeMap Name="Country" Type="Adapter" AttributeSourceId="IdentifyFirst" xmlns:urn2="urn:sourceid.org:saml2:metadata-extension:v2">
                                <urn2:ValueText>Country</urn2:ValueText>
                            </urn2:AttributeMap>
                            <urn2:AttributeMap Name="Region" Type="Adapter" AttributeSourceId="IdentifyFirst" xmlns:urn2="urn:sourceid.org:saml2:metadata-extension:v2">
                                <urn2:ValueText>Region</urn2:ValueText>
                            </urn2:AttributeMap>
                            <urn2:AttributeMap Name="location" Type="Adapter" AttributeSourceId="IdentifyFirst" xmlns:urn2="urn:sourceid.org:saml2:metadata-extension:v2">
                                <urn2:ValueText>Location</urn2:ValueText>
                            </urn2:AttributeMap>
                            <urn2:TokenAuthorizationIssuanceCriteria xmlns:urn2="urn:sourceid.org:saml2:metadata-extension:v2"/>
                        </urn:AttributeMapping>
                    </urn:AstAction>
                </urn1:AstChild>
            </urn1:AstChild>
            <urn1:AstChild context="New Joiners">
                <urn:AstAction xsi:type="urn:AuthnSourceActionType" xmlns:urn="urn:pingidentity.com:pf:authn-selection" xmlns:xsi="http://www.w3.org/2001/XMLSchema-instance">
                    <urn:AuthnSourceKey type="ADAPTER">PingID</urn:AuthnSourceKey>
                    <urn:fallbackToSuccess>true</urn:fallbackToSuccess>
                    <urn:InputIdMapping Type="Adapter" AttributeSourceId="IdentifyFirst">
                        <urn2:ValueText xmlns:urn2="urn:sourceid.org:saml2:metadata-extension:v2">sAMAccountName</urn2:ValueText>
                    </urn:InputIdMapping>
                    <urn:userIdAuthenticated>true</urn:userIdAuthenticated>
                </urn:AstAction>
                <urn1:AstChild context="Fail">
                    <urn:AstAction noOpType="DONE" xsi:type="urn:NoOpActionType" xmlns:urn="urn:pingidentity.com:pf:authn-selection" xmlns:xsi="http://www.w3.org/2001/XMLSchema-instance"/>
                </urn1:AstChild>
                <urn1:AstChild context="Success">
                    <urn:AstAction apcId="2saM58A93PCa2c6M" xsi:type="urn:ApcMappingActionType" xmlns:urn="urn:pingidentity.com:pf:authn-selection" xmlns:xsi="http://www.w3.org/2001/XMLSchema-instance">
                        <urn:AttributeMapping>
                            <urn2:AttributeMap Name="EntityLevel1" Type="Adapter" AttributeSourceId="IdentifyFirst" xmlns:urn2="urn:sourceid.org:saml2:metadata-extension:v2">
                                <urn2:ValueText>EntityLevel1</urn2:ValueText>
                            </urn2:AttributeMap>
                            <urn2:AttributeMap Name="EntityLevel2" Type="Adapter" AttributeSourceId="IdentifyFirst" xmlns:urn2="urn:sourceid.org:saml2:metadata-extension:v2">
                                <urn2:ValueText>EntityLevel2</urn2:ValueText>
                            </urn2:AttributeMap>
                            <urn2:AttributeMap Name="Company" Type="Adapter" AttributeSourceId="IdentifyFirst" xmlns:urn2="urn:sourceid.org:saml2:metadata-extension:v2">
                                <urn2:ValueText>Company</urn2:ValueText>
                            </urn2:AttributeMap>
                            <urn2:AttributeMap Name="EntityLevel3" Type="Adapter" AttributeSourceId="IdentifyFirst" xmlns:urn2="urn:sourceid.org:saml2:metadata-extension:v2">
                                <urn2:ValueText>EntityLevel3</urn2:ValueText>
                            </urn2:AttributeMap>
                            <urn2:AttributeMap Name="EntityLevel4" Type="Adapter" AttributeSourceId="IdentifyFirst" xmlns:urn2="urn:sourceid.org:saml2:metadata-extension:v2">
                                <urn2:ValueText>EntityLevel4</urn2:ValueText>
                            </urn2:AttributeMap>
                            <urn2:AttributeMap Name="telephoneNumber" Type="Adapter" AttributeSourceId="IdentifyFirst" xmlns:urn2="urn:sourceid.org:saml2:metadata-extension:v2">
                                <urn2:ValueText>telephoneNumber</urn2:ValueText>
                            </urn2:AttributeMap>
                            <urn2:AttributeMap Name="mail" Type="Adapter" AttributeSourceId="IdentifyFirst" xmlns:urn2="urn:sourceid.org:saml2:metadata-extension:v2">
                                <urn2:ValueText>mail</urn2:ValueText>
                            </urn2:AttributeMap>
                            <urn2:AttributeMap Name="displayName" Type="Adapter" AttributeSourceId="IdentifyFirst" xmlns:urn2="urn:sourceid.org:saml2:metadata-extension:v2">
                                <urn2:ValueText>displayName</urn2:ValueText>
                            </urn2:AttributeMap>
                            <urn2:AttributeMap Name="subject" Type="Adapter" AttributeSourceId="IdentifyFirst" xmlns:urn2="urn:sourceid.org:saml2:metadata-extension:v2">
                                <urn2:ValueText>subject</urn2:ValueText>
                            </urn2:AttributeMap>
                            <urn2:AttributeMap Name="Manager" Type="Adapter" AttributeSourceId="IdentifyFirst" xmlns:urn2="urn:sourceid.org:saml2:metadata-extension:v2">
                                <urn2:ValueText>Manager</urn2:ValueText>
                            </urn2:AttributeMap>
                            <urn2:AttributeMap Name="title" Type="Adapter" AttributeSourceId="IdentifyFirst" xmlns:urn2="urn:sourceid.org:saml2:metadata-extension:v2">
                                <urn2:ValueText>title</urn2:ValueText>
                            </urn2:AttributeMap>
                            <urn2:AttributeMap Name="BUCode" Type="No Mapping" xmlns:urn2="urn:sourceid.org:saml2:metadata-extension:v2">
                                <urn2:ValueText>NO_MAPPING</urn2:ValueText>
                            </urn2:AttributeMap>
                            <urn2:AttributeMap Name="GlobalID" Type="Adapter" AttributeSourceId="IdentifyFirst" xmlns:urn2="urn:sourceid.org:saml2:metadata-extension:v2">
                                <urn2:ValueText>GlobalID</urn2:ValueText>
                            </urn2:AttributeMap>
                            <urn2:AttributeMap Name="Department" Type="Adapter" AttributeSourceId="IdentifyFirst" xmlns:urn2="urn:sourceid.org:saml2:metadata-extension:v2">
                                <urn2:ValueText>Department</urn2:ValueText>
                            </urn2:AttributeMap>
                            <urn2:AttributeMap Name="emailAddress" Type="Adapter" AttributeSourceId="IdentifyFirst" xmlns:urn2="urn:sourceid.org:saml2:metadata-extension:v2">
                                <urn2:ValueText>mail</urn2:ValueText>
                            </urn2:AttributeMap>
                            <urn2:AttributeMap Name="MemberOf" Type="Adapter" AttributeSourceId="IdentifyFirst" xmlns:urn2="urn:sourceid.org:saml2:metadata-extension:v2">
                                <urn2:ValueText>memberOf</urn2:ValueText>
                            </urn2:AttributeMap>
                            <urn2:AttributeMap Name="sn" Type="Adapter" AttributeSourceId="IdentifyFirst" xmlns:urn2="urn:sourceid.org:saml2:metadata-extension:v2">
                                <urn2:ValueText>LastName</urn2:ValueText>
                            </urn2:AttributeMap>
                            <urn2:AttributeMap Name="userPrincipalName" Type="Adapter" AttributeSourceId="IdentifyFirst" xmlns:urn2="urn:sourceid.org:saml2:metadata-extension:v2">
                                <urn2:ValueText>userPrincipalName</urn2:ValueText>
                            </urn2:AttributeMap>
                            <urn2:AttributeMap Name="deviceType" Type="No Mapping" xmlns:urn2="urn:sourceid.org:saml2:metadata-extension:v2">
                                <urn2:ValueText>NO_MAPPING</urn2:ValueText>
                            </urn2:AttributeMap>
                            <urn2:AttributeMap Name="physicalDeliveryOfficeName" Type="Adapter" AttributeSourceId="IdentifyFirst" xmlns:urn2="urn:sourceid.org:saml2:metadata-extension:v2">
                                <urn2:ValueText>physicalDeliveryOfficeName</urn2:ValueText>
                            </urn2:AttributeMap>
                            <urn2:AttributeMap Name="FirstName" Type="Adapter" AttributeSourceId="IdentifyFirst" xmlns:urn2="urn:sourceid.org:saml2:metadata-extension:v2">
                                <urn2:ValueText>FirstName</urn2:ValueText>
                            </urn2:AttributeMap>
                            <urn2:AttributeMap Name="EmployeeNumber" Type="Adapter" AttributeSourceId="IdentifyFirst" xmlns:urn2="urn:sourceid.org:saml2:metadata-extension:v2">
                                <urn2:ValueText>employeeNumber</urn2:ValueText>
                            </urn2:AttributeMap>
                            <urn2:AttributeMap Name="mobile" Type="Adapter" AttributeSourceId="IdentifyFirst" xmlns:urn2="urn:sourceid.org:saml2:metadata-extension:v2">
                                <urn2:ValueText>mobile</urn2:ValueText>
                            </urn2:AttributeMap>
                            <urn2:AttributeMap Name="Grade" Type="Adapter" AttributeSourceId="IdentifyFirst" xmlns:urn2="urn:sourceid.org:saml2:metadata-extension:v2">
                                <urn2:ValueText>Grade</urn2:ValueText>
                            </urn2:AttributeMap>
                            <urn2:AttributeMap Name="ExternalMail" Type="Adapter" AttributeSourceId="IdentifyFirst" xmlns:urn2="urn:sourceid.org:saml2:metadata-extension:v2">
                                <urn2:ValueText>ExternalMail</urn2:ValueText>
                            </urn2:AttributeMap>
                            <urn2:AttributeMap Name="EmployeeType" Type="Adapter" AttributeSourceId="IdentifyFirst" xmlns:urn2="urn:sourceid.org:saml2:metadata-extension:v2">
                                <urn2:ValueText>EmployeeType</urn2:ValueText>
                            </urn2:AttributeMap>
                            <urn2:AttributeMap Name="BusinessUnit" Type="Adapter" AttributeSourceId="IdentifyFirst" xmlns:urn2="urn:sourceid.org:saml2:metadata-extension:v2">
                                <urn2:ValueText>BusinessUnit</urn2:ValueText>
                            </urn2:AttributeMap>
                            <urn2:AttributeMap Name="Country" Type="Adapter" AttributeSourceId="IdentifyFirst" xmlns:urn2="urn:sourceid.org:saml2:metadata-extension:v2">
                                <urn2:ValueText>Country</urn2:ValueText>
                            </urn2:AttributeMap>
                            <urn2:AttributeMap Name="Region" Type="Adapter" AttributeSourceId="IdentifyFirst" xmlns:urn2="urn:sourceid.org:saml2:metadata-extension:v2">
                                <urn2:ValueText>Region</urn2:ValueText>
                            </urn2:AttributeMap>
                            <urn2:AttributeMap Name="location" Type="Adapter" AttributeSourceId="IdentifyFirst" xmlns:urn2="urn:sourceid.org:saml2:metadata-extension:v2">
                                <urn2:ValueText>Location</urn2:ValueText>
                            </urn2:AttributeMap>
                            <urn2:TokenAuthorizationIssuanceCriteria xmlns:urn2="urn:sourceid.org:saml2:metadata-extension:v2"/>
                        </urn:AttributeMapping>
                    </urn:AstAction>
                </urn1:AstChild>
            </urn1:AstChild>
            <urn1:AstChild context="Block Users">
                <urn:AstAction xsi:type="urn:AuthnSourceActionType" xmlns:urn="urn:pingidentity.com:pf:authn-selection" xmlns:xsi="http://www.w3.org/2001/XMLSchema-instance">
                    <urn:AuthnSourceKey type="ADAPTER">certadapter</urn:AuthnSourceKey>
                    <urn:fallbackToSuccess>true</urn:fallbackToSuccess>
                    <urn:userIdAuthenticated>false</urn:userIdAuthenticated>
                </urn:AstAction>
                <urn1:AstChild context="Fail">
                    <urn:AstAction xsi:type="urn:AuthnSourceActionType" xmlns:urn="urn:pingidentity.com:pf:authn-selection" xmlns:xsi="http://www.w3.org/2001/XMLSchema-instance">
                        <urn:AuthnSourceKey type="ADAPTER">SPInitiatedaccessdenied</urn:AuthnSourceKey>
                        <urn:fallbackToSuccess>true</urn:fallbackToSuccess>
                        <urn:userIdAuthenticated>false</urn:userIdAuthenticated>
                    </urn:AstAction>
                    <urn1:AstChild context="Fail">
                        <urn:AstAction noOpType="DONE" xsi:type="urn:NoOpActionType" xmlns:urn="urn:pingidentity.com:pf:authn-selection" xmlns:xsi="http://www.w3.org/2001/XMLSchema-instance"/>
                    </urn1:AstChild>
                    <urn1:AstChild context="Success">
                        <urn:AstAction noOpType="DONE" xsi:type="urn:NoOpActionType" xmlns:urn="urn:pingidentity.com:pf:authn-selection" xmlns:xsi="http://www.w3.org/2001/XMLSchema-instance"/>
                    </urn1:AstChild>
                </urn1:AstChild>
                <urn1:AstChild context="Success">
                    <urn:AstAction xsi:type="urn:AuthnSourceActionType" xmlns:urn="urn:pingidentity.com:pf:authn-selection" xmlns:xsi="http://www.w3.org/2001/XMLSchema-instance">
                        <urn:AuthnSourceKey type="ADAPTER">OCSPCheckAdapter</urn:AuthnSourceKey>
                        <urn:fallbackToSuccess>true</urn:fallbackToSuccess>
                        <urn:userIdAuthenticated>false</urn:userIdAuthenticated>
                    </urn:AstAction>
                    <urn1:AstChild context="Fail">
                        <urn:AstAction noOpType="DONE" xsi:type="urn:NoOpActionType" xmlns:urn="urn:pingidentity.com:pf:authn-selection" xmlns:xsi="http://www.w3.org/2001/XMLSchema-instance"/>
                    </urn1:AstChild>
                    <urn1:AstChild context="Success">
                        <urn:AstAction xsi:type="urn:AuthnSourceActionType" xmlns:urn="urn:pingidentity.com:pf:authn-selection" xmlns:xsi="http://www.w3.org/2001/XMLSchema-instance">
                            <urn:AuthnSourceKey type="ADAPTER">PingID</urn:AuthnSourceKey>
                            <urn:fallbackToSuccess>true</urn:fallbackToSuccess>
                            <urn:InputIdMapping Type="Adapter" AttributeSourceId="certadapter">
                                <urn2:ValueText xmlns:urn2="urn:sourceid.org:saml2:metadata-extension:v2">sAMAccountName</urn2:ValueText>
                            </urn:InputIdMapping>
                            <urn:userIdAuthenticated>true</urn:userIdAuthenticated>
                        </urn:AstAction>
                        <urn1:AstChild context="Fail">
                            <urn:AstAction noOpType="DONE" xsi:type="urn:NoOpActionType" xmlns:urn="urn:pingidentity.com:pf:authn-selection" xmlns:xsi="http://www.w3.org/2001/XMLSchema-instance"/>
                        </urn1:AstChild>
                        <urn1:AstChild context="Success">
                            <urn:AstAction apcId="2saM58A93PCa2c6M" xsi:type="urn:ApcMappingActionType" xmlns:urn="urn:pingidentity.com:pf:authn-selection" xmlns:xsi="http://www.w3.org/2001/XMLSchema-instance">
                                <urn:AttributeMapping>
                                    <urn2:AttributeMap Name="EntityLevel1" Type="Adapter" AttributeSourceId="certadapter" xmlns:urn2="urn:sourceid.org:saml2:metadata-extension:v2">
                                        <urn2:ValueText>EntityLevel1</urn2:ValueText>
                                    </urn2:AttributeMap>
                                    <urn2:AttributeMap Name="EntityLevel2" Type="Adapter" AttributeSourceId="certadapter" xmlns:urn2="urn:sourceid.org:saml2:metadata-extension:v2">
                                        <urn2:ValueText>EntityLevel2</urn2:ValueText>
                                    </urn2:AttributeMap>
                                    <urn2:AttributeMap Name="Company" Type="Adapter" AttributeSourceId="certadapter" xmlns:urn2="urn:sourceid.org:saml2:metadata-extension:v2">
                                        <urn2:ValueText>Company</urn2:ValueText>
                                    </urn2:AttributeMap>
                                    <urn2:AttributeMap Name="EntityLevel3" Type="Adapter" AttributeSourceId="certadapter" xmlns:urn2="urn:sourceid.org:saml2:metadata-extension:v2">
                                        <urn2:ValueText>EntityLevel3</urn2:ValueText>
                                    </urn2:AttributeMap>
                                    <urn2:AttributeMap Name="EntityLevel4" Type="Adapter" AttributeSourceId="certadapter" xmlns:urn2="urn:sourceid.org:saml2:metadata-extension:v2">
                                        <urn2:ValueText>EntityLevel4</urn2:ValueText>
                                    </urn2:AttributeMap>
                                    <urn2:AttributeMap Name="telephoneNumber" Type="Adapter" AttributeSourceId="certadapter" xmlns:urn2="urn:sourceid.org:saml2:metadata-extension:v2">
                                        <urn2:ValueText>TelephoneNumber</urn2:ValueText>
                                    </urn2:AttributeMap>
                                    <urn2:AttributeMap Name="mail" Type="Adapter" AttributeSourceId="certadapter" xmlns:urn2="urn:sourceid.org:saml2:metadata-extension:v2">
                                        <urn2:ValueText>mail</urn2:ValueText>
                                    </urn2:AttributeMap>
                                    <urn2:AttributeMap Name="displayName" Type="Adapter" AttributeSourceId="certadapter" xmlns:urn2="urn:sourceid.org:saml2:metadata-extension:v2">
                                        <urn2:ValueText>DisplayName</urn2:ValueText>
                                    </urn2:AttributeMap>
                                    <urn2:AttributeMap Name="subject" Type="Adapter" AttributeSourceId="certadapter" xmlns:urn2="urn:sourceid.org:saml2:metadata-extension:v2">
                                        <urn2:ValueText>sAMAccountName</urn2:ValueText>
                                    </urn2:AttributeMap>
                                    <urn2:AttributeMap Name="Manager" Type="Adapter" AttributeSourceId="certadapter" xmlns:urn2="urn:sourceid.org:saml2:metadata-extension:v2">
                                        <urn2:ValueText>Manager</urn2:ValueText>
                                    </urn2:AttributeMap>
                                    <urn2:AttributeMap Name="title" Type="Adapter" AttributeSourceId="certadapter" xmlns:urn2="urn:sourceid.org:saml2:metadata-extension:v2">
                                        <urn2:ValueText>Title</urn2:ValueText>
                                    </urn2:AttributeMap>
                                    <urn2:AttributeMap Name="BUCode" Type="Adapter" AttributeSourceId="certadapter" xmlns:urn2="urn:sourceid.org:saml2:metadata-extension:v2">
                                        <urn2:ValueText>BUCode</urn2:ValueText>
                                    </urn2:AttributeMap>
                                    <urn2:AttributeMap Name="GlobalID" Type="Adapter" AttributeSourceId="certadapter" xmlns:urn2="urn:sourceid.org:saml2:metadata-extension:v2">
                                        <urn2:ValueText>GGID</urn2:ValueText>
                                    </urn2:AttributeMap>
                                    <urn2:AttributeMap Name="Department" Type="Adapter" AttributeSourceId="certadapter" xmlns:urn2="urn:sourceid.org:saml2:metadata-extension:v2">
                                        <urn2:ValueText>Department</urn2:ValueText>
                                    </urn2:AttributeMap>
                                    <urn2:AttributeMap Name="emailAddress" Type="Adapter" AttributeSourceId="certadapter" xmlns:urn2="urn:sourceid.org:saml2:metadata-extension:v2">
                                        <urn2:ValueText>mail</urn2:ValueText>
                                    </urn2:AttributeMap>
                                    <urn2:AttributeMap Name="MemberOf" Type="Adapter" AttributeSourceId="certadapter" xmlns:urn2="urn:sourceid.org:saml2:metadata-extension:v2">
                                        <urn2:ValueText>memberOf</urn2:ValueText>
                                    </urn2:AttributeMap>
                                    <urn2:AttributeMap Name="sn" Type="Adapter" AttributeSourceId="certadapter" xmlns:urn2="urn:sourceid.org:saml2:metadata-extension:v2">
                                        <urn2:ValueText>LastName</urn2:ValueText>
                                    </urn2:AttributeMap>
                                    <urn2:AttributeMap Name="userPrincipalName" Type="Adapter" AttributeSourceId="certadapter" xmlns:urn2="urn:sourceid.org:saml2:metadata-extension:v2">
                                        <urn2:ValueText>UPN</urn2:ValueText>
                                    </urn2:AttributeMap>
                                    <urn2:AttributeMap Name="deviceType" Type="No Mapping" xmlns:urn2="urn:sourceid.org:saml2:metadata-extension:v2">
                                        <urn2:ValueText>NO_MAPPING</urn2:ValueText>
                                    </urn2:AttributeMap>
                                    <urn2:AttributeMap Name="physicalDeliveryOfficeName" Type="Adapter" AttributeSourceId="certadapter" xmlns:urn2="urn:sourceid.org:saml2:metadata-extension:v2">
                                        <urn2:ValueText>physicalDeliveryOfficeName</urn2:ValueText>
                                    </urn2:AttributeMap>
                                    <urn2:AttributeMap Name="FirstName" Type="Adapter" AttributeSourceId="certadapter" xmlns:urn2="urn:sourceid.org:saml2:metadata-extension:v2">
                                        <urn2:ValueText>FirstName</urn2:ValueText>
                                    </urn2:AttributeMap>
                                    <urn2:AttributeMap Name="EmployeeNumber" Type="Adapter" AttributeSourceId="certadapter" xmlns:urn2="urn:sourceid.org:saml2:metadata-extension:v2">
                                        <urn2:ValueText>EmployeeNumber</urn2:ValueText>
                                    </urn2:AttributeMap>
                                    <urn2:AttributeMap Name="mobile" Type="Adapter" AttributeSourceId="certadapter" xmlns:urn2="urn:sourceid.org:saml2:metadata-extension:v2">
                                        <urn2:ValueText>Mobile</urn2:ValueText>
                                    </urn2:AttributeMap>
                                    <urn2:AttributeMap Name="Grade" Type="Adapter" AttributeSourceId="certadapter" xmlns:urn2="urn:sourceid.org:saml2:metadata-extension:v2">
                                        <urn2:ValueText>Grade</urn2:ValueText>
                                    </urn2:AttributeMap>
                                    <urn2:AttributeMap Name="ExternalMail" Type="Adapter" AttributeSourceId="certadapter" xmlns:urn2="urn:sourceid.org:saml2:metadata-extension:v2">
                                        <urn2:ValueText>External-Mail</urn2:ValueText>
                                    </urn2:AttributeMap>
                                    <urn2:AttributeMap Name="EmployeeType" Type="Adapter" AttributeSourceId="certadapter" xmlns:urn2="urn:sourceid.org:saml2:metadata-extension:v2">
                                        <urn2:ValueText>EmployeeType</urn2:ValueText>
                                    </urn2:AttributeMap>
                                    <urn2:AttributeMap Name="BusinessUnit" Type="Adapter" AttributeSourceId="certadapter" xmlns:urn2="urn:sourceid.org:saml2:metadata-extension:v2">
                                        <urn2:ValueText>BusinessUnit</urn2:ValueText>
                                    </urn2:AttributeMap>
                                    <urn2:AttributeMap Name="Country" Type="Adapter" AttributeSourceId="certadapter" xmlns:urn2="urn:sourceid.org:saml2:metadata-extension:v2">
                                        <urn2:ValueText>Country</urn2:ValueText>
                                    </urn2:AttributeMap>
                                    <urn2:AttributeMap Name="Region" Type="Adapter" AttributeSourceId="certadapter" xmlns:urn2="urn:sourceid.org:saml2:metadata-extension:v2">
                                        <urn2:ValueText>Region</urn2:ValueText>
                                    </urn2:AttributeMap>
                                    <urn2:AttributeMap Name="location" Type="Adapter" AttributeSourceId="certadapter" xmlns:urn2="urn:sourceid.org:saml2:metadata-extension:v2">
                                        <urn2:ValueText>Location</urn2:ValueText>
                                    </urn2:AttributeMap>
                                    <urn2:TokenAuthorizationIssuanceCriteria xmlns:urn2="urn:sourceid.org:saml2:metadata-extension:v2"/>
                                </urn:AttributeMapping>
                            </urn:AstAction>
                        </urn1:AstChild>
                    </urn1:AstChild>
                </urn1:AstChild>
            </urn1:AstChild>
        </urn1:AstChild>
    </urn:policy>
    <urn:description>Unmanaged flow with Exception and Monitoring_ 
   12052022 by MR for PingID MFA</urn:description>
</urn:PolicyFragment>