<?xml version="1.0" encoding="UTF-8"?>
<urn:TokenProcessorConfiguration isInheritAttributeSettings="false" maskOgnlValues="false" isInheritExtendedContractAttributes="false" name="JWT Token processor V2" xmlns:urn="urn:sourceid.org:saml2:adapter:conf">
    <urn:Fields>
        <urn:Field name="JWKS Endpoint URI">https://login.microsoftonline.com/76a2ae5a-9f00-4f6b-95ed-5d33d77c4d61/discovery/v2.0/keys</urn:Field>
        <urn:Field name="Issuer">https://login.microsoftonline.com/76a2ae5a-9f00-4f6b-95ed-5d33d77c4d61/v2.0</urn:Field>
        <urn:Field name="Expiry Tolerance">10</urn:Field>
    </urn:Fields>
    <urn:AdvancedFields/>
    <urn:Tables/>
    <urn:ExtendedContractAttributes>
        <urn:AttributeName>preferred_username</urn:AttributeName>
    </urn:ExtendedContractAttributes>
    <urn:ExtendedAttributesAdditionalProperties/>
</urn:TokenProcessorConfiguration>