<?xml version="1.0" encoding="UTF-8"?>
<urn:TokenProcessorConfiguration isInheritAttributeSettings="false" maskOgnlValues="false" isInheritExtendedContractAttributes="false" name="JWT Token Processor" xmlns:urn="urn:sourceid.org:saml2:adapter:conf">
    <urn:Fields>
        <urn:Field name="JWKS Endpoint URI">https://login.windows.net/common/discovery/keys</urn:Field>
        <urn:Field name="Issuer">https://sts.windows.net/76a2ae5a-9f00-4f6b-95ed-5d33d77c4d61/</urn:Field>
        <urn:Field name="Expiry Tolerance">3600</urn:Field>
    </urn:Fields>
    <urn:AdvancedFields/>
    <urn:Tables/>
    <urn:ExtendedContractAttributes>
        <urn:AttributeName>upn</urn:AttributeName>
        <urn:AttributeName>onPremisesSamAccountName</urn:AttributeName>
    </urn:ExtendedContractAttributes>
    <urn:ExtendedAttributesAdditionalProperties/>
</urn:TokenProcessorConfiguration>